name,company,title,profile_url,connected_on
Malik Salcedo-Mkhize,Dunmowe Travel,"Senior Manager, Engineering",https://www.linkedin.com/in/malik-salcedo-mkhize-1776,2015-12-20
Kwame Dellinger,Elmsworth Tutors,Director of Software Engineering,https://www.linkedin.com/in/kwame-dellinger-5680,2015-10-08
Renata Nakashima,Garrowby Books,Engineering Manager,https://www.linkedin.com/in/renata-nakashima-7628,2021-05-23
Duarte Balogun-Isenberg,Ondermark Consulting,Director of IT,https://www.linkedin.com/in/duarte-balogun-isenberg-1276,2024-03-05
Duarte Wolstenholme,Underwood & Vale,Director of IT,,2021-07-19
Imani Isenberg,Tannerly Design,Program Manager,https://www.linkedin.com/in/imani-isenberg-2685,2017-03-01
Lucia Lindqvist,Zenner Foods,Director of IT,https://www.linkedin.com/in/lucia-lindqvist-4577,2024-10-28
Xiomara Egerton,Elmsworth Tutors,Head of Automation,https://www.linkedin.com/in/xiomara-egerton-6766,2020-11-10
Desmond Lindqvist,Rooksby Legal,SVP Digital,https://www.linkedin.com/in/desmond-lindqvist-1117,2025-05-03
Liesel Marchetti,Quintrell Advisory,Product Director,https://www.linkedin.com/in/liesel-marchetti-9022,2023-08-04
Malik Wolstenholme,Inglenook Bakery,SVP Digital,https://www.linkedin.com/in/malik-wolstenholme-7531,2016-07-12
Hana Egerton,Rooksby Legal,Chief Digital Officer,https://www.linkedin.com/in/hana-egerton-3909,2024-03-05
Marcus Kettleborough,Zenner Foods,Principal Architect,https://www.linkedin.com/in/marcus-kettleborough-2445,2021-03-10
Perrine Yarrow,Ondermark Consulting,Product Director,https://www.linkedin.com/in/perrine-yarrow-8420,2016-01-20
Greta Dellinger,Rooksby Legal,Chief Data Officer,https://www.linkedin.com/in/greta-dellinger-8956,2021-11-09
Bram Vandermolen-Højgaard,Vespermill Analytics,Director of IT,,2018-05-25
Mei Fairweather-Yarrow,Fairbourne Fitness,Head of Automation,https://www.linkedin.com/in/mei-fairweather-yarrow-1072,2025-07-13
Tilda Isenberg,Yardley Print,Head of Developer Productivity,https://www.linkedin.com/in/tilda-isenberg-6234,2025-03-17
Espen Ferreira,Whitlock Staffing,Platform Lead,https://www.linkedin.com/in/espen-ferreira-1393,2018-11-23
Sloane Cathcart-Balogun,Dunmowe Travel,Platform Lead,https://www.linkedin.com/in/sloane-cathcart-balogun-7098,2024-07-07
Bo Glückstein,Dunmowe Travel,Head of Automation,https://www.linkedin.com/in/bo-gluckstein-4311,2021-12-13
Casper Dellinger,Vespermill Analytics,Director of Software Engineering,https://www.linkedin.com/in/casper-dellinger-8573,2025-02-14
Margot Falkenrath,Garrowby Books,Engineering Manager,https://www.linkedin.com/in/margot-falkenrath-3592,2020-06-02
Zaid Norrington,Vespermill Analytics,Chief Technology Officer,https://www.linkedin.com/in/zaid-norrington-2481,2019-11-14
Perrine Quillane-Glückstein,Garrowby Books,Platform Lead,https://www.linkedin.com/in/perrine-quillane-gluckstein-2607,2021-05-26
Rhys Kirkbride,Corbridge Realty,Engineering Manager,https://www.linkedin.com/in/rhys-kirkbride-8576,2019-09-01
Otto Drummond,Ambrose Trading,Program Manager,https://www.linkedin.com/in/otto-drummond-1578,2018-05-08
Silas Dellinger,Whitlock Staffing,Principal Architect,https://www.linkedin.com/in/silas-dellinger-5679,2022-10-03
Silas Kirkbride,Tannerly Design,Staff Engineer,https://www.linkedin.com/in/silas-kirkbride-9165,2024-10-18
Ingrid Lomsadze-Grimsby,Quintrell Advisory,VP Data & Analytics,https://www.linkedin.com/in/ingrid-lomsadze-grimsby-8853,2020-10-17
Fenella Drummond-Wexford,Zenner Foods,Head of Innovation,https://www.linkedin.com/in/fenella-drummond-wexford-4129,2025-03-12
Bo Sandoval,Pale Harbour Studio,Staff Engineer,,2022-11-10
Marcus Oldfield-Vasquez,Corbridge Realty,Platform Lead,,2017-08-10
Greta Marchetti-Thackeray,Quintrell Advisory,VP Engineering,https://www.linkedin.com/in/greta-marchetti-thackeray-6800,2016-06-19
Tanvi Hartigan,Rooksby Legal,VP Data & Analytics,https://www.linkedin.com/in/tanvi-hartigan-4871,2021-08-07
Malik Quillane,Tannerly Design,"Senior Manager, Engineering",https://www.linkedin.com/in/malik-quillane-9768,2019-08-28
Greta Ibarra,Inglenook Bakery,Director of IT,https://www.linkedin.com/in/greta-ibarra-1978,2017-05-02
Arjun Zubkov,Rooksby Legal,Head of Developer Productivity,https://www.linkedin.com/in/arjun-zubkov-6184,2022-02-27
Sabine Dellinger,Vantage Ridge Utilities,Chief Data Officer,https://www.linkedin.com/in/sabine-dellinger-9205,2024-11-09
Wren Kettleborough-Oyelaran,Ondermark Consulting,"Senior Manager, Engineering",,2021-05-22
Hugo Achterberg,Quintrell Advisory,Chief Operating Officer,https://www.linkedin.com/in/hugo-achterberg-3802,2025-04-05
Yara Ingleby,Ambrose Trading,Head of Automation,https://www.linkedin.com/in/yara-ingleby-8255,2024-11-29
Teodor Dellinger-Dobrescu,Vespermill Analytics,"Senior Manager, Engineering",https://www.linkedin.com/in/teodor-dellinger-dobrescu-2509,2018-07-12
Emeka Crowther,Zenner Foods,Head of Developer Productivity,https://www.linkedin.com/in/emeka-crowther-8545,2022-07-31
Arjun Ibarra-Petrossian,Vespermill Analytics,Head of Innovation,https://www.linkedin.com/in/arjun-ibarra-petrossian-3196,2017-02-01
Coretta Merriweather,Inglenook Bakery,Program Manager,https://www.linkedin.com/in/coretta-merriweather-2020,2019-12-05
Amara Jarrold,Fairbourne Fitness,Engineering Manager,https://www.linkedin.com/in/amara-jarrold-4484,2023-01-21
Bo Isenberg-Ingleby,Rooksby Legal,"Senior Manager, Engineering",https://www.linkedin.com/in/bo-isenberg-ingleby-7171,2025-04-02
Callum Prendergast,Fairbourne Fitness,VP Engineering,https://www.linkedin.com/in/callum-prendergast-7165,2020-04-22
Malik Wexford-Oldfield,Pale Harbour Studio,"Senior Manager, Engineering",https://www.linkedin.com/in/malik-wexford-oldfield-7924,2024-09-14
Owen Oyelaran,Highmoor Cycles,"Senior Manager, Engineering",https://www.linkedin.com/in/owen-oyelaran-2372,2024-11-18
Teodor Salcedo-Yarrow,Rooksby Legal,Director of IT,https://www.linkedin.com/in/teodor-salcedo-yarrow-7362,2025-04-13
Kian Havercamp-Zubkov,Pale Harbour Studio,Head of Automation,https://www.linkedin.com/in/kian-havercamp-zubkov-8985,2019-08-12
Saoirse Salcedo,Ambrose Trading,Product Director,https://www.linkedin.com/in/saoirse-salcedo-2821,2016-10-07
Camille Yarrow,Dunmowe Travel,Product Director,https://www.linkedin.com/in/camille-yarrow-3725,2022-08-18
Xiomara Wolstenholme,Corbridge Realty,Head of Automation,https://www.linkedin.com/in/xiomara-wolstenholme-6284,2017-04-22
Lucia Drummond,Whitlock Staffing,Head of Innovation,https://www.linkedin.com/in/lucia-drummond-2790,2020-03-07
Tomás Dobrescu,Strathmore Rail,VP Engineering,https://www.linkedin.com/in/tomas-dobrescu-3794,2017-12-20
Amara Halloran,Underwood & Vale,VP Enterprise Architecture,https://www.linkedin.com/in/amara-halloran-8971,2024-05-16
Tilda Isenberg-Petrossian,Corbridge Realty,Head of Innovation,,2022-06-15
Solveig Jarrold,Dunmowe Travel,Director of IT,https://www.linkedin.com/in/solveig-jarrold-9227,2019-06-04
Noor Grimsby,Corbridge Realty,Head of Innovation,https://www.linkedin.com/in/noor-grimsby-1445,2019-07-26
Rosalind Nakashima,Fairbourne Fitness,Head of Platform Engineering,https://www.linkedin.com/in/rosalind-nakashima-5953,2018-07-24
Idris Norrington,Ondermark Consulting,Chief Digital Officer,https://www.linkedin.com/in/idris-norrington-8134,2022-04-06
Ingrid Kirkbride-Jarrold,Pale Harbour Studio,Product Director,https://www.linkedin.com/in/ingrid-kirkbride-jarrold-8129,2022-05-22
Hugo Ingleby-Brenneman,Whitlock Staffing,Principal Architect,https://www.linkedin.com/in/hugo-ingleby-brenneman-2403,2017-03-04
Rafael Dellinger,Elmsworth Tutors,Principal Architect,https://www.linkedin.com/in/rafael-dellinger-9304,2019-03-12
Dev Balogun-Marchetti,Garrowby Books,Head of Automation,https://www.linkedin.com/in/dev-balogun-marchetti-7541,2017-12-10
Noor Crowther,Pale Harbour Studio,Engineering Manager,https://www.linkedin.com/in/noor-crowther-2099,2018-11-26
Xiomara Crowther-Quillane,Pale Harbour Studio,Head of Automation,,2021-06-24
Idris Lindqvist,Corbridge Realty,Product Director,https://www.linkedin.com/in/idris-lindqvist-8120,2024-03-17
Margot Jarrold,Zenner Foods,Head of Automation,https://www.linkedin.com/in/margot-jarrold-2452,2019-04-28
Tilda Ingleby-Hartigan,Vespermill Analytics,Head of Automation,https://www.linkedin.com/in/tilda-ingleby-hartigan-9514,2023-09-23
Lucia Egerton,Whitlock Staffing,Principal Architect,https://www.linkedin.com/in/lucia-egerton-4005,2022-06-18
Matteo Egerton,Quintrell Advisory,Engineering Manager,https://www.linkedin.com/in/matteo-egerton-2495,2016-06-07
Hugo Fairweather,Zenner Foods,Chief Technology Officer,https://www.linkedin.com/in/hugo-fairweather-7751,2019-11-26
Odette Thackeray,Fairbourne Fitness,Program Manager,https://www.linkedin.com/in/odette-thackeray-9926,2019-02-18
Tilda Fairweather,Quintrell Advisory,Program Manager,https://www.linkedin.com/in/tilda-fairweather-5562,2016-05-03
Matteo Lomsadze,Elmsworth Tutors,Engineering Manager,https://www.linkedin.com/in/matteo-lomsadze-7892,2016-12-13
Marisol Yarrow,Xanthe Labs,Principal Architect,https://www.linkedin.com/in/marisol-yarrow-6605,2023-08-08
Bertrand Thackeray,Tannerly Design,VP Engineering,https://www.linkedin.com/in/bertrand-thackeray-9464,2015-12-30
Marcus Højgaard,Blackwood Industrial,Chief Technology Officer,https://www.linkedin.com/in/marcus-hojgaard-8105,2015-01-02
Wren Norrington,Bellchamber Media,Engineering Manager,https://www.linkedin.com/in/wren-norrington-5268,2017-09-10
Noor Salcedo,Corbridge Realty,Chief Operating Officer,https://www.linkedin.com/in/noor-salcedo-6033,2023-08-27
Kian Lomsadze-Salcedo,Yardley Print,Head of Automation,https://www.linkedin.com/in/kian-lomsadze-salcedo-4751,2022-05-24
Rosalind Kettleborough-Thackeray,Tannerly Design,Product Director,https://www.linkedin.com/in/rosalind-kettleborough-thackeray-3492,2015-12-04
Tanvi Bellinger-Quillane,Pale Harbour Studio,Staff Engineer,https://www.linkedin.com/in/tanvi-bellinger-quillane-9717,2025-05-31
Bram Vasquez-Vandermolen,Yardley Print,Engineering Manager,https://www.linkedin.com/in/bram-vasquez-vandermolen-1914,2017-12-16
Priya Drummond,Ambrose Trading,Director of IT,https://www.linkedin.com/in/priya-drummond-1614,2022-02-02
Nadia Sandoval,Underwood & Vale,Chief Data Officer,https://www.linkedin.com/in/nadia-sandoval-1886,2021-03-17
Camille Underhill,Elmsworth Tutors,SVP Digital,https://www.linkedin.com/in/camille-underhill-7265,2017-04-06
Tilda Petrossian,Elmsworth Tutors,Head of Innovation,https://www.linkedin.com/in/tilda-petrossian-8174,2024-03-15
Hana Falkenrath-Fairweather,Underwood & Vale,"Senior Manager, Engineering",https://www.linkedin.com/in/hana-falkenrath-fairweather-9191,2025-06-12
Ingrid Halloran,Whitlock Staffing,SVP Digital,https://www.linkedin.com/in/ingrid-halloran-8912,2021-08-08
Zaid Mkhize-Balogun,Garrowby Books,Product Director,https://www.linkedin.com/in/zaid-mkhize-balogun-2324,2016-03-30
Marcus Glückstein,Fairbourne Fitness,Platform Lead,https://www.linkedin.com/in/marcus-gluckstein-3279,2019-12-12
Otto Oldfield-Zettergren,Dunmowe Travel,Chief Digital Officer,https://www.linkedin.com/in/otto-oldfield-zettergren-8539,2025-01-07
Teodor Merriweather,Garrowby Books,Staff Engineer,https://www.linkedin.com/in/teodor-merriweather-8204,2021-04-07
Silas Mkhize,Dunmowe Travel,Product Director,https://www.linkedin.com/in/silas-mkhize-5719,2022-02-09
Bertrand Balogun,Tannerly Design,Head of Automation,https://www.linkedin.com/in/bertrand-balogun-9792,2017-09-14
Tanvi Zubkov,Corbridge Realty,VP Engineering,https://www.linkedin.com/in/tanvi-zubkov-8779,2024-09-14
Casper Crowther,Underwood & Vale,"Senior Manager, Engineering",https://www.linkedin.com/in/casper-crowther-9980,2024-05-23
Liesel Ashdown,Ambrose Trading,Director of IT,https://www.linkedin.com/in/liesel-ashdown-6348,2021-05-19
Duarte Havercamp-Ingleby,Corbridge Realty,Staff Engineer,https://www.linkedin.com/in/duarte-havercamp-ingleby-7809,2024-03-29
Tilda Bellinger,Highmoor Cycles,Principal Architect,,2015-10-17
Odette Ashdown-Fairweather,Garrowby Books,Platform Lead,https://www.linkedin.com/in/odette-ashdown-fairweather-3958,2017-05-17
Ingrid Wolstenholme,Quintrell Advisory,Principal Architect,https://www.linkedin.com/in/ingrid-wolstenholme-9632,2021-02-13
Perrine Achterberg-Rushworth,Xanthe Labs,Engineering Manager,https://www.linkedin.com/in/perrine-achterberg-rushworth-4621,2025-01-07
Saoirse Jarrold,Pale Harbour Studio,"Senior Manager, Engineering",https://www.linkedin.com/in/saoirse-jarrold-2526,2021-09-29
Anouk Wexford,Yardley Print,Head of Innovation,https://www.linkedin.com/in/anouk-wexford-5699,2017-03-21
Kwame Isenberg-Ashdown,Dunmowe Travel,Head of Platform Engineering,https://www.linkedin.com/in/kwame-isenberg-ashdown-7729,2020-08-12
Freya Sandoval,Yardley Print,Engineering Manager,https://www.linkedin.com/in/freya-sandoval-6298,2022-11-28
Desmond Brenneman,Whitlock Staffing,Platform Lead,https://www.linkedin.com/in/desmond-brenneman-9635,2016-01-04
Silas Brenneman-Wolstenholme,Xanthe Labs,Chief Information Officer,https://www.linkedin.com/in/silas-brenneman-wolstenholme-7592,2018-03-26
Owen Drummond,Rooksby Legal,Chief Technology Officer,https://www.linkedin.com/in/owen-drummond-4781,2015-12-12
Espen Dellinger,Underwood & Vale,Head of Innovation,https://www.linkedin.com/in/espen-dellinger-3382,2024-06-08
Zaid Vasquez,Yardley Print,"Senior Manager, Engineering",https://www.linkedin.com/in/zaid-vasquez-4950,2025-07-22
Kwame Prendergast,Quintrell Advisory,SVP Digital,https://www.linkedin.com/in/kwame-prendergast-1592,2021-12-19
Liesel Lomsadze-Merriweather,Xanthe Labs,SVP Digital,https://www.linkedin.com/in/liesel-lomsadze-merriweather-1309,2019-11-29
Sabine Lindqvist,Bellchamber Media,Head of Developer Productivity,,2018-05-13
Emeka Fontaine-Ashdown,Zenner Foods,Program Manager,https://www.linkedin.com/in/emeka-fontaine-ashdown-5398,2020-05-31
Elena Petrossian-Eastcott,Fairbourne Fitness,Chief Digital Officer,https://www.linkedin.com/in/elena-petrossian-eastcott-1926,2025-06-03
Greta Havercamp,Ondermark Consulting,Product Director,https://www.linkedin.com/in/greta-havercamp-2024,2022-12-08
Tanvi Lindqvist-Egerton,Fairbourne Fitness,Program Manager,https://www.linkedin.com/in/tanvi-lindqvist-egerton-2085,2022-03-08
Rosalind Falkenrath,Ambrose Trading,Director of IT,https://www.linkedin.com/in/rosalind-falkenrath-2735,2022-05-01
Camille Cathcart-Petrossian,Underwood & Vale,VP Engineering,https://www.linkedin.com/in/camille-cathcart-petrossian-8296,2022-07-02
Sunniva Dellinger,Whitlock Staffing,"Senior Manager, Engineering",https://www.linkedin.com/in/sunniva-dellinger-9257,2019-01-21
Mei Dellinger-Højgaard,Zenner Foods,Staff Engineer,https://www.linkedin.com/in/mei-dellinger-hojgaard-1717,2021-03-30
Kian Underhill,Quintrell Advisory,"Senior Manager, Engineering",https://www.linkedin.com/in/kian-underhill-7707,2021-10-17
Noor Egerton-Lindqvist,Elmsworth Tutors,VP Engineering,https://www.linkedin.com/in/noor-egerton-lindqvist-7590,2025-06-19
Curtis Wexford,Fairbourne Fitness,Director of IT,https://www.linkedin.com/in/curtis-wexford-8281,2023-08-23
Saoirse Falkenrath-Salcedo,Ambrose Trading,Staff Engineer,https://www.linkedin.com/in/saoirse-falkenrath-salcedo-9137,2022-10-14
Coretta Lomsadze-Fontaine,Zenner Foods,VP Enterprise Architecture,https://www.linkedin.com/in/coretta-lomsadze-fontaine-6255,2024-06-17
Nadia Mkhize,Pale Harbour Studio,Staff Engineer,https://www.linkedin.com/in/nadia-mkhize-1804,2022-04-20
Owen Ibarra-Egerton,Ambrose Trading,Chief Operating Officer,https://www.linkedin.com/in/owen-ibarra-egerton-1138,2025-05-14
Noor Isenberg,Dunmowe Travel,VP Data & Analytics,https://www.linkedin.com/in/noor-isenberg-6246,2018-02-11
Idris Crowther,Rooksby Legal,Principal Architect,https://www.linkedin.com/in/idris-crowther-7686,2023-07-17
Matteo Okonkwo-Fontaine,Underwood & Vale,Principal Architect,https://www.linkedin.com/in/matteo-okonkwo-fontaine-1784,2016-06-17
Yara Zettergren-Cathcart,Whitlock Staffing,Chief Operating Officer,https://www.linkedin.com/in/yara-zettergren-cathcart-3290,2017-01-18
Anouk Fairweather-Okonkwo,Yardley Print,Engineering Manager,https://www.linkedin.com/in/anouk-fairweather-okonkwo-4362,2021-07-25
Xiomara Balogun,Inglenook Bakery,"Senior Manager, Engineering",https://www.linkedin.com/in/xiomara-balogun-2040,2017-09-09
Nadia Havercamp,Pale Harbour Studio,Head of Developer Productivity,https://www.linkedin.com/in/nadia-havercamp-3243,2024-12-24
Callum Halloran,Highmoor Cycles,SVP Digital,https://www.linkedin.com/in/callum-halloran-7139,2019-07-15
Silas Eastcott,Tannerly Design,Chief Information Officer,https://www.linkedin.com/in/silas-eastcott-9451,2016-10-02
Niall Wolstenholme-Cardoso,Inglenook Bakery,Head of Innovation,https://www.linkedin.com/in/niall-wolstenholme-cardoso-2613,2019-03-17
Astrid Egerton,Zenner Foods,VP Data & Analytics,https://www.linkedin.com/in/astrid-egerton-1883,2021-04-28
Fenella Rushworth-Cardoso,Ondermark Consulting,Chief Digital Officer,https://www.linkedin.com/in/fenella-rushworth-cardoso-8856,2024-10-06
Wren Ashdown-Lindqvist,Fairbourne Fitness,Head of Automation,https://www.linkedin.com/in/wren-ashdown-lindqvist-9374,2015-10-11
Perrine Fairweather-Lindqvist,Fairbourne Fitness,Staff Engineer,https://www.linkedin.com/in/perrine-fairweather-lindqvist-6541,2019-11-13
Hugo Nakashima,Zenner Foods,Head of Platform Engineering,https://www.linkedin.com/in/hugo-nakashima-8707,2019-08-09
Dev Ibarra,Zenner Foods,Platform Lead,https://www.linkedin.com/in/dev-ibarra-4593,2018-04-22
Kwame Wolstenholme,Quintrell Advisory,Head of Developer Productivity,https://www.linkedin.com/in/kwame-wolstenholme-9421,2019-09-24
Casper Vasquez-Hartigan,Tannerly Design,Engineering Manager,https://www.linkedin.com/in/casper-vasquez-hartigan-3631,2024-12-14
Ingrid Ingleby,Quintrell Advisory,Chief Data Officer,https://www.linkedin.com/in/ingrid-ingleby-7839,2022-02-01
Niall Wexford,Zenner Foods,Chief Operating Officer,https://www.linkedin.com/in/niall-wexford-3261,2020-12-07
Emeka Vasquez,Ondermark Consulting,Chief Digital Officer,https://www.linkedin.com/in/emeka-vasquez-2034,2023-12-21
Priya Quillane,Tannerly Design,VP Data & Analytics,https://www.linkedin.com/in/priya-quillane-6440,2021-04-02
Priya Hartigan,Fairbourne Fitness,Product Director,https://www.linkedin.com/in/priya-hartigan-7453,2021-04-23
Kofi Ingleby,Bellchamber Media,Chief Digital Officer,https://www.linkedin.com/in/kofi-ingleby-2967,2023-01-13
Xiomara Rushworth-Zettergren,Tannerly Design,VP Data & Analytics,https://www.linkedin.com/in/xiomara-rushworth-zettergren-7453,2024-07-19
Bram Dellinger,Quintrell Advisory,Head of Innovation,https://www.linkedin.com/in/bram-dellinger-5518,2019-06-27
Elena Marchetti,Quintrell Advisory,Chief Operating Officer,https://www.linkedin.com/in/elena-marchetti-9297,2024-02-29
Espen Fairweather,Corbridge Realty,Head of Automation,,2019-07-11
Teodor Ingleby,Zenner Foods,Director of IT,https://www.linkedin.com/in/teodor-ingleby-4010,2025-05-24
Gideon Thackeray-Marchetti,Zenner Foods,VP Engineering,https://www.linkedin.com/in/gideon-thackeray-marchetti-5703,2020-05-03
Wren Crowther-Oyelaran,Pale Harbour Studio,Engineering Manager,https://www.linkedin.com/in/wren-crowther-oyelaran-9070,2021-02-23
Imani Halloran,Bellchamber Media,Program Manager,https://www.linkedin.com/in/imani-halloran-7171,2015-10-25
Casper Ingleby,Whitlock Staffing,VP Data & Analytics,https://www.linkedin.com/in/casper-ingleby-5400,2019-09-17
Solveig Underhill-Cardoso,Yardley Print,"Senior Manager, Engineering",https://www.linkedin.com/in/solveig-underhill-cardoso-3796,2023-08-05
Yara Oldfield-Balogun,Quintrell Advisory,Head of Innovation,https://www.linkedin.com/in/yara-oldfield-balogun-5343,2024-07-28
Desmond Wolstenholme,Yardley Print,Platform Lead,https://www.linkedin.com/in/desmond-wolstenholme-3951,2017-06-16
Dev Hartigan,Pale Harbour Studio,"Senior Manager, Engineering",https://www.linkedin.com/in/dev-hartigan-3430,2021-03-27
Tanvi Wexford,Ambrose Trading,Chief Operating Officer,https://www.linkedin.com/in/tanvi-wexford-5459,2022-03-15
Lucia Zettergren-Lomsadze,Zenner Foods,Principal Architect,https://www.linkedin.com/in/lucia-zettergren-lomsadze-2108,2023-10-23
Coretta Balogun-Glückstein,Xanthe Labs,Chief Digital Officer,https://www.linkedin.com/in/coretta-balogun-gluckstein-3991,2016-04-01
Ansel Bellinger-Vasquez,Corbridge Realty,Head of Innovation,https://www.linkedin.com/in/ansel-bellinger-vasquez-3994,2021-03-11
Otto Zubkov,Yardley Print,Chief Digital Officer,https://www.linkedin.com/in/otto-zubkov-7301,2017-08-10
Devin Dobrescu,Xanthe Labs,Head of Platform Engineering,https://www.linkedin.com/in/devin-dobrescu-6033,2022-04-16
Marcus Quillane,Elmsworth Tutors,Chief Data Officer,https://www.linkedin.com/in/marcus-quillane-2132,2021-12-17
Tomás Yarrow,Bellchamber Media,Product Director,https://www.linkedin.com/in/tomas-yarrow-9685,2017-05-17
Solveig Thackeray,Quintrell Advisory,Principal Architect,https://www.linkedin.com/in/solveig-thackeray-9442,2019-05-11
Niall Lomsadze-Balogun,Elmsworth Tutors,Director of Software Engineering,https://www.linkedin.com/in/niall-lomsadze-balogun-7380,2025-03-06
Greta Petrossian,Cobalt Lane Capital Markets,Head of Automation,https://www.linkedin.com/in/greta-petrossian-3464,2025-07-17
Ingrid Hartigan,Underwood & Vale,"Senior Manager, Engineering",https://www.linkedin.com/in/ingrid-hartigan-1487,2018-11-10
Bram Zubkov,Corbridge Realty,Product Director,https://www.linkedin.com/in/bram-zubkov-9062,2022-05-14
Liesel Crowther,Ondermark Consulting,Head of Innovation,https://www.linkedin.com/in/liesel-crowther-8544,2020-06-11
Silas Cardoso-Glückstein,Bellchamber Media,VP Enterprise Architecture,https://www.linkedin.com/in/silas-cardoso-gluckstein-1278,2022-06-25
Curtis Vandermolen,Zenner Foods,Program Manager,https://www.linkedin.com/in/curtis-vandermolen-7903,2018-05-06
Yusuf Fairweather-Dobrescu,Ambrose Trading,Chief Information Officer,https://www.linkedin.com/in/yusuf-fairweather-dobrescu-5268,2016-11-03
Arjun Quillane-Kirkbride,Vespermill Analytics,Chief Information Officer,https://www.linkedin.com/in/arjun-quillane-kirkbride-1867,2017-09-11
Bertrand Merriweather-Ibarra,Zenner Foods,Staff Engineer,https://www.linkedin.com/in/bertrand-merriweather-ibarra-8474,2019-09-20
Sunniva Marchetti,Pale Harbour Studio,Platform Lead,https://www.linkedin.com/in/sunniva-marchetti-5478,2022-10-05
Gideon Fairweather,Zenner Foods,Platform Lead,https://www.linkedin.com/in/gideon-fairweather-3612,2023-02-24
Margot Bellinger,Quintrell Advisory,Chief Operating Officer,https://www.linkedin.com/in/margot-bellinger-1401,2023-07-05
Kofi Drummond-Lindqvist,Inglenook Bakery,VP Data & Analytics,https://www.linkedin.com/in/kofi-drummond-lindqvist-2242,2023-05-27
Margot Glückstein-Marchetti,Ambrose Trading,Head of Developer Productivity,https://www.linkedin.com/in/margot-gluckstein-marchetti-6993,2018-04-07
Yusuf Zettergren-Kettleborough,Underwood & Vale,Engineering Manager,https://www.linkedin.com/in/yusuf-zettergren-kettleborough-3743,2020-01-25
Tilda Fontaine-Hartigan,Garrowby Books,Chief Operating Officer,https://www.linkedin.com/in/tilda-fontaine-hartigan-8370,2018-08-16
Bertrand Egerton,Yardley Print,Engineering Manager,https://www.linkedin.com/in/bertrand-egerton-1256,2023-02-21
Camille Ferreira-Ingleby,Xanthe Labs,VP Engineering,https://www.linkedin.com/in/camille-ferreira-ingleby-2672,2023-09-03
Lucia Nakashima-Thackeray,Elmsworth Tutors,Engineering Manager,https://www.linkedin.com/in/lucia-nakashima-thackeray-3244,2019-05-11
Leandro Vasquez,Whitlock Staffing,Chief Operating Officer,https://www.linkedin.com/in/leandro-vasquez-2277,2018-09-24
Coretta Oldfield,Elmsworth Tutors,VP Engineering,https://www.linkedin.com/in/coretta-oldfield-4555,2022-06-27
Amara Fontaine-Eastcott,Quintrell Advisory,Head of Automation,https://www.linkedin.com/in/amara-fontaine-eastcott-4356,2015-12-04
Devin Hartigan-Eastcott,Whitlock Staffing,Product Director,https://www.linkedin.com/in/devin-hartigan-eastcott-8993,2021-03-24
Dana Yarrow,Yardley Print,SVP Digital,https://www.linkedin.com/in/dana-yarrow-4749,2022-04-01
Devin Crowther-Zettergren,Vespermill Analytics,Head of Platform Engineering,,2023-05-05
Elena Lindqvist-Achterberg,Pale Harbour Studio,Staff Engineer,https://www.linkedin.com/in/elena-lindqvist-achterberg-1973,2016-04-05
Bo Glückstein-Norrington,Xanthe Labs,VP Data & Analytics,https://www.linkedin.com/in/bo-gluckstein-norrington-9984,2022-03-21
Fenella Eastcott,Yardley Print,Product Director,https://www.linkedin.com/in/fenella-eastcott-6786,2018-09-25
Odette Dellinger-Højgaard,Garrowby Books,Principal Architect,https://www.linkedin.com/in/odette-dellinger-hojgaard-7882,2024-09-17
Kian Salcedo-Lomsadze,Ondermark Consulting,Chief Information Officer,https://www.linkedin.com/in/kian-salcedo-lomsadze-8884,2022-09-25
Niall Cathcart,Inglenook Bakery,Chief Data Officer,https://www.linkedin.com/in/niall-cathcart-2530,2023-09-30
Ansel Cardoso,Yardley Print,Engineering Manager,https://www.linkedin.com/in/ansel-cardoso-3306,2016-07-20
Casper Rushworth-Havercamp,Pale Harbour Studio,Engineering Manager,https://www.linkedin.com/in/casper-rushworth-havercamp-2366,2018-11-23
Niall Balogun,Tannerly Design,Staff Engineer,https://www.linkedin.com/in/niall-balogun-5342,2019-01-13
Owen Oldfield,Corbridge Realty,Product Director,https://www.linkedin.com/in/owen-oldfield-9058,2018-07-27
Xiomara Thackeray,Zenner Foods,Staff Engineer,https://www.linkedin.com/in/xiomara-thackeray-7390,2016-06-11
Ilse Ashdown,Quintrell Advisory,Product Director,https://www.linkedin.com/in/ilse-ashdown-6652,2024-07-20
Espen Lindqvist,Elmsworth Tutors,Chief Information Officer,https://www.linkedin.com/in/espen-lindqvist-4176,2020-05-24
Teodor Okonkwo,Dunmowe Travel,Principal Architect,https://www.linkedin.com/in/teodor-okonkwo-4999,2018-07-19
Renata Halloran-Rushworth,Corbridge Realty,Engineering Manager,https://www.linkedin.com/in/renata-halloran-rushworth-9596,2024-04-15
Rafael Sandoval-Lomsadze,Whitlock Staffing,Director of IT,https://www.linkedin.com/in/rafael-sandoval-lomsadze-5816,2016-02-12
Solveig Thackeray-Lomsadze,Fairbourne Fitness,Platform Lead,https://www.linkedin.com/in/solveig-thackeray-lomsadze-2972,2023-03-05
Devin Salcedo,Quintrell Advisory,VP Engineering,https://www.linkedin.com/in/devin-salcedo-8715,2018-09-13
Tomás Zubkov,Quintrell Advisory,Head of Innovation,https://www.linkedin.com/in/tomas-zubkov-9464,2022-02-08
Matteo Petrossian-Merriweather,Xanthe Labs,Principal Architect,https://www.linkedin.com/in/matteo-petrossian-merriweather-3322,2025-07-23
·Joaquín Zettergren,Quintrell Advisory,VP Data & Analytics,https://www.linkedin.com/in/joaquin-zettergren-9789,2023-06-11
Saoirse Zettergren,Fairbourne Fitness,Product Director,https://www.linkedin.com/in/saoirse-zettergren-7781,2021-09-21
Ravi Zubkov,Zenner Foods,Principal Architect,https://www.linkedin.com/in/ravi-zubkov-9512,2016-08-13
Coretta Nakashima,Inglenook Bakery,Head of Automation,https://www.linkedin.com/in/coretta-nakashima-7644,2023-01-21
Duarte Fontaine,Xanthe Labs,Platform Lead,,2024-09-21
Solveig Crowther-Havercamp,Corbridge Realty,Platform Lead,https://www.linkedin.com/in/solveig-crowther-havercamp-9726,2024-09-30
Silas Ashdown,Tannerly Design,Chief Operating Officer,https://www.linkedin.com/in/silas-ashdown-5939,2018-06-02
Emeka Balogun,Garrowby Books,Program Manager,https://www.linkedin.com/in/emeka-balogun-5456,2020-01-31
Curtis Oldfield-Yarrow,Whitlock Staffing,Chief Data Officer,https://www.linkedin.com/in/curtis-oldfield-yarrow-3929,2019-02-15
Yara Falkenrath,Quintrell Advisory,Director of IT,https://www.linkedin.com/in/yara-falkenrath-1308,2021-09-20
Astrid Højgaard,Yardley Print,Director of Software Engineering,https://www.linkedin.com/in/astrid-hojgaard-4060,2018-03-14
Ansel Ferreira-Zettergren,Vespermill Analytics,Chief Data Officer,https://www.linkedin.com/in/ansel-ferreira-zettergren-9182,2025-04-28
Marcus Dobrescu,Whitlock Staffing,Head of Platform Engineering,,2019-12-16
Arjun Ferreira-Isenberg,Bellchamber Media,Engineering Manager,https://www.linkedin.com/in/arjun-ferreira-isenberg-1690,2021-06-19
Leandro Jarrold,Inglenook Bakery,Director of IT,https://www.linkedin.com/in/leandro-jarrold-8751,2022-05-29
Camille Glückstein-Fairweather,Vespermill Analytics,Staff Engineer,https://www.linkedin.com/in/camille-gluckstein-fairweather-3235,2019-09-16
Tomás Marchetti-Halloran,Underwood & Vale,Product Director,https://www.linkedin.com/in/tomas-marchetti-halloran-1583,2020-08-29
Sloane Okonkwo,Highmoor Cycles,Head of Developer Productivity,https://www.linkedin.com/in/sloane-okonkwo-3445,2019-06-16
Marcus Dobrescu-Isenberg,Garrowby Books,Engineering Manager,https://www.linkedin.com/in/marcus-dobrescu-isenberg-3072,2023-08-06
Matteo Norrington,Dunmowe Travel,Head of Innovation,,2019-11-28
Rosalind Eastcott,Highmoor Cycles,Chief Data Officer,https://www.linkedin.com/in/rosalind-eastcott-5516,2022-02-09
Liesel Glückstein-Bellinger,Ondermark Consulting,"Senior Manager, Engineering",https://www.linkedin.com/in/liesel-gluckstein-bellinger-2461,2023-01-04
Liesel Bellinger,Fairbourne Fitness,Director of Software Engineering,https://www.linkedin.com/in/liesel-bellinger-9844,2016-12-15
Hugo Lomsadze,Fairbourne Fitness,VP Engineering,https://www.linkedin.com/in/hugo-lomsadze-8736,2024-05-03
Owen Bellinger,Vespermill Analytics,"Senior Manager, Engineering",https://www.linkedin.com/in/owen-bellinger-6757,2020-01-12
Duarte Egerton,Ambrose Trading,Director of IT,https://www.linkedin.com/in/duarte-egerton-2159,2020-08-22
Solveig Nakashima-Vasquez,Corbridge Realty,Head of Automation,https://www.linkedin.com/in/solveig-nakashima-vasquez-7955,2023-05-25
Wren Grimsby,Fairbourne Fitness,Program Manager,https://www.linkedin.com/in/wren-grimsby-8036,2021-02-12
Bram Glückstein,Pale Harbour Studio,"Senior Manager, Engineering",https://www.linkedin.com/in/bram-gluckstein-2720,2022-10-23
Bo Marchetti,Cindermill Mining,Platform Lead,https://www.linkedin.com/in/bo-marchetti-4825,2022-02-02
Sloane Sandoval-Halloran,Underwood & Vale,Director of IT,https://www.linkedin.com/in/sloane-sandoval-halloran-5784,2017-10-15
Rafael Nakashima-Cathcart,Fairbourne Fitness,Product Director,https://www.linkedin.com/in/rafael-nakashima-cathcart-2119,2017-03-10
Freya Vasquez,Dunmowe Travel,Product Director,https://www.linkedin.com/in/freya-vasquez-5774,2020-04-04
Priya Oyelaran-Bellinger,Xanthe Labs,Product Director,https://www.linkedin.com/in/priya-oyelaran-bellinger-4371,2018-11-13
Niall Merriweather-Underhill,Whitlock Staffing,Staff Engineer,https://www.linkedin.com/in/niall-merriweather-underhill-9890,2017-07-04
Marcus Vandermolen,Bellchamber Media,Staff Engineer,https://www.linkedin.com/in/marcus-vandermolen-7470,2022-07-26
Noor Underhill,Fairbourne Fitness,Staff Engineer,https://www.linkedin.com/in/noor-underhill-6464,2022-02-10
Rosalind Ibarra,Garrowby Books,Chief Digital Officer,https://www.linkedin.com/in/rosalind-ibarra-3784,2024-09-12
Elena Rushworth-Norrington,Tannerly Design,Staff Engineer,https://www.linkedin.com/in/elena-rushworth-norrington-7310,2017-11-01
Bo Ashdown-Drummond,Fairbourne Fitness,VP Data & Analytics,https://www.linkedin.com/in/bo-ashdown-drummond-5332,2020-02-19
Rhys Fontaine,Corbridge Realty,Director of Software Engineering,https://www.linkedin.com/in/rhys-fontaine-2357,2015-11-14
Camille Salcedo,Elmsworth Tutors,Chief Data Officer,https://www.linkedin.com/in/camille-salcedo-8059,2018-02-21
Idris Wexford-Salcedo,Inglenook Bakery,Head of Developer Productivity,https://www.linkedin.com/in/idris-wexford-salcedo-9357,2016-06-16
·Joaquín Achterberg,Tannerly Design,VP Engineering,https://www.linkedin.com/in/joaquin-achterberg-1092,2021-05-08
Bertrand Lomsadze-Cardoso,Corbridge Realty,Platform Lead,https://www.linkedin.com/in/bertrand-lomsadze-cardoso-9965,2018-06-09
Wren Havercamp,Xanthe Labs,Program Manager,https://www.linkedin.com/in/wren-havercamp-2260,2025-06-17
Mei Lomsadze-Wexford,Zenner Foods,Head of Platform Engineering,https://www.linkedin.com/in/mei-lomsadze-wexford-3719,2022-11-05
Saoirse Oyelaran,Pale Harbour Studio,Engineering Manager,https://www.linkedin.com/in/saoirse-oyelaran-7147,2019-07-10
Hugo Grimsby,Garrowby Books,VP Engineering,https://www.linkedin.com/in/hugo-grimsby-9781,2024-07-04
Xiomara Cathcart,Tannerly Design,Platform Lead,https://www.linkedin.com/in/xiomara-cathcart-8929,2025-06-17
Kofi Drummond,Rooksby Legal,VP Enterprise Architecture,https://www.linkedin.com/in/kofi-drummond-5010,2023-06-29
Solveig Kirkbride,Ambrose Trading,Principal Architect,https://www.linkedin.com/in/solveig-kirkbride-6043,2024-01-25
Marisol Petrossian,Whitlock Staffing,Product Director,https://www.linkedin.com/in/marisol-petrossian-1821,2024-03-02
Kofi Rushworth,Ondermark Consulting,Head of Innovation,https://www.linkedin.com/in/kofi-rushworth-7164,2019-03-17
Kofi Nakashima,Ambrose Trading,VP Data & Analytics,https://www.linkedin.com/in/kofi-nakashima-5282,2022-06-02
Tilda Cardoso-Quillane,Inglenook Bakery,Director of IT,https://www.linkedin.com/in/tilda-cardoso-quillane-3669,2023-11-19
Renata Bellinger-Thackeray,Tannerly Design,Director of IT,https://www.linkedin.com/in/renata-bellinger-thackeray-3353,2016-09-21
Sloane Halloran-Lomsadze,Elmsworth Tutors,Engineering Manager,https://www.linkedin.com/in/sloane-halloran-lomsadze-4357,2019-04-22
Idris Ferreira,Inglenook Bakery,Head of Innovation,https://www.linkedin.com/in/idris-ferreira-3149,2018-12-15
Arjun Falkenrath,Xanthe Labs,Staff Engineer,https://www.linkedin.com/in/arjun-falkenrath-4156,2016-09-02
Sunniva Cardoso,Zenner Foods,Chief Data Officer,https://www.linkedin.com/in/sunniva-cardoso-5443,2022-06-14
Xiomara Hartigan,Elmsworth Tutors,Head of Automation,https://www.linkedin.com/in/xiomara-hartigan-2330,2023-06-10
Arjun Grimsby,Zenner Foods,Engineering Manager,https://www.linkedin.com/in/arjun-grimsby-6918,2017-10-12
Camille Eastcott,Ambrose Trading,VP Enterprise Architecture,https://www.linkedin.com/in/camille-eastcott-7466,2024-04-20
Amara Højgaard-Vasquez,Tannerly Design,Chief Data Officer,https://www.linkedin.com/in/amara-hojgaard-vasquez-5555,2020-11-12
Dana Merriweather,Whitlock Staffing,Director of IT,https://www.linkedin.com/in/dana-merriweather-9007,2020-05-25
Bo Mkhize,Whitlock Staffing,Product Director,https://www.linkedin.com/in/bo-mkhize-9474,2023-07-02
Yusuf Ashdown-Oldfield,Highmoor Cycles,Director of IT,https://www.linkedin.com/in/yusuf-ashdown-oldfield-9536,2020-11-12
Sabine Zubkov,Highmoor Cycles,"Senior Manager, Engineering",https://www.linkedin.com/in/sabine-zubkov-2779,2019-05-16
Sabine Isenberg-Balogun,Ambrose Trading,Product Director,https://www.linkedin.com/in/sabine-isenberg-balogun-1837,2022-08-16
Tomás Cathcart,Underwood & Vale,Chief Digital Officer,https://www.linkedin.com/in/tomas-cathcart-7355,2024-08-05
Desmond Zettergren,Ambrose Trading,VP Data & Analytics,https://www.linkedin.com/in/desmond-zettergren-9930,2023-01-05
Freya Ferreira,Underwood & Vale,Director of IT,https://www.linkedin.com/in/freya-ferreira-2273,2021-08-18
Freya Yarrow-Vandermolen,Underwood & Vale,Chief Data Officer,https://www.linkedin.com/in/freya-yarrow-vandermolen-7279,2019-01-08
Marcus Lomsadze,Inglenook Bakery,Head of Platform Engineering,https://www.linkedin.com/in/marcus-lomsadze-4175,2019-04-27
Ansel Kirkbride,Quintrell Advisory,Director of IT,https://www.linkedin.com/in/ansel-kirkbride-3193,2021-05-04
Sloane Lindqvist,Inglenook Bakery,Director of IT,https://www.linkedin.com/in/sloane-lindqvist-5979,2018-03-29
Casper Rushworth-Crowther,Vespermill Analytics,Principal Architect,https://www.linkedin.com/in/casper-rushworth-crowther-2254,2020-05-18
Anouk Oyelaran,Bellchamber Media,Chief Operating Officer,https://www.linkedin.com/in/anouk-oyelaran-2787,2020-09-04
Malik Egerton-Fairweather,Inglenook Bakery,VP Engineering,https://www.linkedin.com/in/malik-egerton-fairweather-5886,2018-03-25
Matteo Dobrescu,Pale Harbour Studio,Engineering Manager,https://www.linkedin.com/in/matteo-dobrescu-8984,2021-11-07
Espen Quillane-Cathcart,Ondermark Consulting,VP Data & Analytics,https://www.linkedin.com/in/espen-quillane-cathcart-3370,2019-12-31
Kofi Vasquez,Underwood & Vale,Director of IT,https://www.linkedin.com/in/kofi-vasquez-2369,2017-01-07
Espen Kettleborough,Rooksby Legal,Principal Architect,https://www.linkedin.com/in/espen-kettleborough-4583,2019-11-11
Rhys Bellinger-Achterberg,Yardley Print,"Senior Manager, Engineering",https://www.linkedin.com/in/rhys-bellinger-achterberg-3314,2019-07-03
Otto Drummond-Glückstein,Vespermill Analytics,Platform Lead,https://www.linkedin.com/in/otto-drummond-gluckstein-9943,2019-05-03
Tanvi Lomsadze-Quillane,Ondermark Consulting,"Senior Manager, Engineering",https://www.linkedin.com/in/tanvi-lomsadze-quillane-3823,2024-06-16
Rafael Havercamp-Thackeray,Zenner Foods,Chief Technology Officer,https://www.linkedin.com/in/rafael-havercamp-thackeray-1016,2017-02-27
Xiomara Vandermolen,Garrowby Books,Head of Automation,https://www.linkedin.com/in/xiomara-vandermolen-4069,2018-04-17
Rhys Ashdown,Tannerly Design,Chief Operating Officer,https://www.linkedin.com/in/rhys-ashdown-3262,2022-01-04
Yusuf Fairweather-Nakashima,Zenner Foods,"Senior Manager, Engineering",https://www.linkedin.com/in/yusuf-fairweather-nakashima-8023,2019-03-02
Zaid Eastcott,Vespermill Analytics,Chief Technology Officer,https://www.linkedin.com/in/zaid-eastcott-8601,2020-08-17
Kofi Thackeray-Glückstein,Vespermill Analytics,Engineering Manager,https://www.linkedin.com/in/kofi-thackeray-gluckstein-4976,2024-04-13
Bo Quillane,Elmsworth Tutors,VP Enterprise Architecture,https://www.linkedin.com/in/bo-quillane-3924,2022-12-11
Noor Yarrow,Whitlock Staffing,Engineering Manager,,2019-03-31
Duarte Bellinger-Oyelaran,Ambrose Trading,Head of Automation,https://www.linkedin.com/in/duarte-bellinger-oyelaran-6350,2020-03-17
Malik Drummond,Xanthe Labs,Engineering Manager,https://www.linkedin.com/in/malik-drummond-8588,2022-08-30
Arjun Dobrescu,Quintrell Advisory,Staff Engineer,https://www.linkedin.com/in/arjun-dobrescu-5987,2017-07-12
Rosalind Egerton-Wolstenholme,Inglenook Bakery,Platform Lead,https://www.linkedin.com/in/rosalind-egerton-wolstenholme-8956,2023-03-06
Niall Højgaard,Dunmowe Travel,Staff Engineer,https://www.linkedin.com/in/niall-hojgaard-6327,2024-02-06
Freya Nakashima,Bellchamber Media,Program Manager,https://www.linkedin.com/in/freya-nakashima-5996,2018-02-10
Margot Crowther,Underwood & Vale,Chief Data Officer,https://www.linkedin.com/in/margot-crowther-6491,2019-09-26
Astrid Norrington,Ondermark Consulting,Staff Engineer,https://www.linkedin.com/in/astrid-norrington-6366,2022-11-13
Kian Norrington,Ambrose Trading,Principal Architect,https://www.linkedin.com/in/kian-norrington-4739,2024-04-06
Tilda Yarrow,Pale Harbour Studio,Product Director,https://www.linkedin.com/in/tilda-yarrow-5518,2016-10-05
·Joaquín Crowther,Pale Harbour Studio,Engineering Manager,https://www.linkedin.com/in/joaquin-crowther-8727,2018-01-05
Mei Salcedo,Elmsworth Tutors,VP Engineering,https://www.linkedin.com/in/mei-salcedo-3909,2018-06-09
Hana Glückstein,Yardley Print,Program Manager,,2023-06-09
Yara Hartigan-Balogun,Inglenook Bakery,Head of Innovation,https://www.linkedin.com/in/yara-hartigan-balogun-7067,2015-10-25
Greta Okonkwo,Garrowby Books,Product Director,https://www.linkedin.com/in/greta-okonkwo-2883,2025-02-25
Astrid Zettergren,Garrowby Books,Chief Information Officer,https://www.linkedin.com/in/astrid-zettergren-9756,2022-08-17
Coretta Lomsadze,Fairbourne Fitness,Principal Architect,https://www.linkedin.com/in/coretta-lomsadze-2743,2016-11-21
Bram Dobrescu-Norrington,Inglenook Bakery,Staff Engineer,https://www.linkedin.com/in/bram-dobrescu-norrington-5283,2020-11-12
Rafael Cathcart,Highmoor Cycles,Principal Architect,https://www.linkedin.com/in/rafael-cathcart-4217,2016-01-19
Hugo Fontaine,Quintrell Advisory,Head of Automation,https://www.linkedin.com/in/hugo-fontaine-7876,2016-04-10
Yara Brenneman,Fairbourne Fitness,Head of Platform Engineering,https://www.linkedin.com/in/yara-brenneman-2831,2018-03-04
Amara Falkenrath-Ferreira,Tannerly Design,VP Engineering,https://www.linkedin.com/in/amara-falkenrath-ferreira-9069,2019-02-28
Yara Cathcart-Egerton,Zenner Foods,VP Data & Analytics,https://www.linkedin.com/in/yara-cathcart-egerton-5588,2025-06-15
Ilse Jarrold-Achterberg,Yardley Print,Product Director,https://www.linkedin.com/in/ilse-jarrold-achterberg-8544,2016-05-02
Solveig Ingleby-Eastcott,Tannerly Design,Program Manager,https://www.linkedin.com/in/solveig-ingleby-eastcott-4652,2025-06-18
Emeka Quillane,Ambrose Trading,Program Manager,https://www.linkedin.com/in/emeka-quillane-6568,2025-05-16
Marisol Mkhize,Zenner Foods,Product Director,https://www.linkedin.com/in/marisol-mkhize-7359,2023-12-30
Ilse Lindqvist,Garrowby Books,SVP Digital,https://www.linkedin.com/in/ilse-lindqvist-5228,2017-01-31
Sloane Cardoso,Inglenook Bakery,Director of Software Engineering,https://www.linkedin.com/in/sloane-cardoso-3987,2018-11-04
Fenella Cathcart-Fontaine,Ambrose Trading,Director of IT,https://www.linkedin.com/in/fenella-cathcart-fontaine-9946,2024-07-31
Rafael Ingleby,Vespermill Analytics,Head of Innovation,https://www.linkedin.com/in/rafael-ingleby-2032,2017-11-03
Noor Marchetti,Elmsworth Tutors,Head of Innovation,,2023-09-13
Rafael Jarrold,Ambrose Trading,VP Data & Analytics,https://www.linkedin.com/in/rafael-jarrold-4861,2024-07-04
Camille Kettleborough,Tannerly Design,Director of Software Engineering,https://www.linkedin.com/in/camille-kettleborough-3269,2019-05-10
Amara Balogun,Vespermill Analytics,Principal Architect,https://www.linkedin.com/in/amara-balogun-7353,2017-07-20
Xiomara Brenneman,Yardley Print,Product Director,https://www.linkedin.com/in/xiomara-brenneman-6206,2022-07-09
Kofi Fontaine-Quillane,Whitlock Staffing,VP Data & Analytics,https://www.linkedin.com/in/kofi-fontaine-quillane-7529,2016-01-01
Nadia Glückstein-Yarrow,Whitlock Staffing,Product Director,https://www.linkedin.com/in/nadia-gluckstein-yarrow-3277,2019-01-13
Yusuf Marchetti,Underwood & Vale,Principal Architect,https://www.linkedin.com/in/yusuf-marchetti-1980,2023-01-09
Renata Halloran,Pale Harbour Studio,Director of IT,https://www.linkedin.com/in/renata-halloran-4359,2023-02-03
Casper Fontaine,Ambrose Trading,Principal Architect,https://www.linkedin.com/in/casper-fontaine-9368,2021-09-18
Yusuf Prendergast-Zubkov,Garrowby Books,Program Manager,https://www.linkedin.com/in/yusuf-prendergast-zubkov-7296,2018-07-16
Desmond Oldfield,Ambrose Trading,Staff Engineer,https://www.linkedin.com/in/desmond-oldfield-9209,2018-01-20
Hana Brenneman-Petrossian,Xanthe Labs,Chief Information Officer,https://www.linkedin.com/in/hana-brenneman-petrossian-8861,2022-05-24
Tilda Crowther,Whitlock Staffing,Head of Automation,https://www.linkedin.com/in/tilda-crowther-4298,2024-09-10
Liesel Petrossian,Underwood & Vale,Program Manager,https://www.linkedin.com/in/liesel-petrossian-1482,2019-09-21
Xiomara Crowther,Quintrell Advisory,Head of Innovation,https://www.linkedin.com/in/xiomara-crowther-9167,2021-03-07
Fenella Jarrold,Vespermill Analytics,Engineering Manager,https://www.linkedin.com/in/fenella-jarrold-4376,2021-06-20
Coretta Cathcart-Halloran,Fairbourne Fitness,Head of Automation,,2021-06-09
Greta Prendergast-Jarrold,Vespermill Analytics,VP Enterprise Architecture,https://www.linkedin.com/in/greta-prendergast-jarrold-9751,2022-05-12
Idris Cathcart-Fontaine,Whitlock Staffing,Chief Operating Officer,https://www.linkedin.com/in/idris-cathcart-fontaine-4310,2022-09-01
Elena Lomsadze-Brenneman,Garrowby Books,Program Manager,https://www.linkedin.com/in/elena-lomsadze-brenneman-4361,2018-03-04
Malik Brenneman,Underwood & Vale,Head of Innovation,https://www.linkedin.com/in/malik-brenneman-7845,2023-06-23
Desmond Ferreira,Bellchamber Media,Head of Automation,https://www.linkedin.com/in/desmond-ferreira-4202,2024-06-26
Espen Thackeray,Garrowby Books,Head of Automation,https://www.linkedin.com/in/espen-thackeray-1261,2022-06-13
Bertrand Dellinger-Dobrescu,Whitlock Staffing,VP Enterprise Architecture,https://www.linkedin.com/in/bertrand-dellinger-dobrescu-3857,2016-08-12
Curtis Egerton,Corbridge Realty,Head of Automation,https://www.linkedin.com/in/curtis-egerton-1538,2024-01-30
Tomás Sandoval-Quillane,Bellchamber Media,Platform Lead,https://www.linkedin.com/in/tomas-sandoval-quillane-8910,2017-08-16
Bram Brenneman,Elmsworth Tutors,"Senior Manager, Engineering",https://www.linkedin.com/in/bram-brenneman-9000,2025-07-10
Leandro Crowther-Zubkov,Pale Harbour Studio,Principal Architect,https://www.linkedin.com/in/leandro-crowther-zubkov-8547,2023-03-04
Fenella Yarrow-Halloran,Corbridge Realty,Staff Engineer,https://www.linkedin.com/in/fenella-yarrow-halloran-7462,2024-02-05
Zaid Achterberg,Quintrell Advisory,"Senior Manager, Engineering",https://www.linkedin.com/in/zaid-achterberg-6970,2020-06-14
Sloane Glückstein,Ambrose Trading,Director of IT,https://www.linkedin.com/in/sloane-gluckstein-6068,2023-03-25
Callum Cathcart,Vespermill Analytics,Chief Data Officer,https://www.linkedin.com/in/callum-cathcart-4142,2016-09-21
Ravi Lindqvist,Rooksby Legal,Platform Lead,https://www.linkedin.com/in/ravi-lindqvist-9870,2017-08-17
Teodor Wolstenholme,Inglenook Bakery,Head of Platform Engineering,https://www.linkedin.com/in/teodor-wolstenholme-7476,2016-12-30
Renata Sandoval-Quillane,Yardley Print,Chief Data Officer,https://www.linkedin.com/in/renata-sandoval-quillane-2769,2021-03-21
Tilda Drummond,Garrowby Books,VP Enterprise Architecture,https://www.linkedin.com/in/tilda-drummond-8240,2021-10-08
Camille Cardoso,Ondermark Consulting,Platform Lead,https://www.linkedin.com/in/camille-cardoso-2386,2022-02-20
Devin Fairweather,Inglenook Bakery,Engineering Manager,https://www.linkedin.com/in/devin-fairweather-7268,2022-10-27
Bertrand Sandoval,Rooksby Legal,Head of Platform Engineering,https://www.linkedin.com/in/bertrand-sandoval-1903,2022-06-29
Fenella Prendergast,Tannerly Design,VP Enterprise Architecture,https://www.linkedin.com/in/fenella-prendergast-2923,2019-05-09
Kwame Oyelaran,Fairbourne Fitness,Staff Engineer,https://www.linkedin.com/in/kwame-oyelaran-2566,2023-03-30
Priya Dobrescu-Drummond,Dunmowe Travel,VP Data & Analytics,https://www.linkedin.com/in/priya-dobrescu-drummond-2756,2019-06-15
Leandro Isenberg-Crowther,Tannerly Design,Program Manager,https://www.linkedin.com/in/leandro-isenberg-crowther-6308,2025-06-06
Gideon Zubkov-Thackeray,Highmoor Cycles,Engineering Manager,https://www.linkedin.com/in/gideon-zubkov-thackeray-5552,2022-07-11
Coretta Marchetti-Ferreira,Whitlock Staffing,Chief Digital Officer,https://www.linkedin.com/in/coretta-marchetti-ferreira-5299,2022-12-14
Teodor Brenneman,Yardley Print,Platform Lead,https://www.linkedin.com/in/teodor-brenneman-8142,2021-04-07
Owen Grimsby,Fairbourne Fitness,"Senior Manager, Engineering",https://www.linkedin.com/in/owen-grimsby-7711,2023-04-15
Priya Prendergast-Vandermolen,Inglenook Bakery,Head of Automation,https://www.linkedin.com/in/priya-prendergast-vandermolen-7805,2018-10-11
Bertrand Lomsadze,Strathmore Rail,Chief Digital Officer,https://www.linkedin.com/in/bertrand-lomsadze-5713,2015-09-22
Bram Underhill,Tannerly Design,Chief Digital Officer,https://www.linkedin.com/in/bram-underhill-5032,2024-08-04
Casper Glückstein-Grimsby,Highmoor Cycles,Program Manager,https://www.linkedin.com/in/casper-gluckstein-grimsby-5231,2019-05-19
Astrid Egerton-Oldfield,Garrowby Books,"Senior Manager, Engineering",https://www.linkedin.com/in/astrid-egerton-oldfield-2317,2025-02-28
Ansel Falkenrath,Corbridge Realty,VP Enterprise Architecture,https://www.linkedin.com/in/ansel-falkenrath-3108,2016-10-18
Priya Wolstenholme,Bellchamber Media,Engineering Manager,https://www.linkedin.com/in/priya-wolstenholme-9060,2022-11-24
Freya Lindqvist-Grimsby,Ambrose Trading,Engineering Manager,https://www.linkedin.com/in/freya-lindqvist-grimsby-1919,2020-09-28
·Joaquín Nakashima,Quintrell Advisory,VP Engineering,https://www.linkedin.com/in/joaquin-nakashima-4893,2018-08-13
Dev Kettleborough,Inglenook Bakery,Head of Developer Productivity,https://www.linkedin.com/in/dev-kettleborough-8957,2023-12-02
Emeka Ashdown-Bellinger,Ambrose Trading,Product Director,https://www.linkedin.com/in/emeka-ashdown-bellinger-7702,2021-12-28
Bo Dobrescu,Vespermill Analytics,Head of Innovation,https://www.linkedin.com/in/bo-dobrescu-5006,2023-12-15
Ravi Achterberg,Whitlock Staffing,Head of Innovation,https://www.linkedin.com/in/ravi-achterberg-4195,2016-12-26
Xiomara Halloran,Zenner Foods,Chief Digital Officer,https://www.linkedin.com/in/xiomara-halloran-9578,2018-05-02
Perrine Dellinger,Elmsworth Tutors,"Senior Manager, Engineering",https://www.linkedin.com/in/perrine-dellinger-3062,2022-12-24
Malik Dobrescu,Fairbourne Fitness,Chief Information Officer,https://www.linkedin.com/in/malik-dobrescu-1386,2016-09-30
Saoirse Grimsby,Ondermark Consulting,Staff Engineer,https://www.linkedin.com/in/saoirse-grimsby-9469,2020-12-28
Solveig Ashdown-Underhill,Ambrose Trading,Staff Engineer,https://www.linkedin.com/in/solveig-ashdown-underhill-9707,2017-08-02
Anouk Zubkov,Highmoor Cycles,Chief Data Officer,https://www.linkedin.com/in/anouk-zubkov-7260,2020-02-03
Mei Havercamp,Vespermill Analytics,Head of Developer Productivity,https://www.linkedin.com/in/mei-havercamp-8582,2018-10-03
Devin Kettleborough-Dobrescu,Pale Harbour Studio,Head of Automation,https://www.linkedin.com/in/devin-kettleborough-dobrescu-9556,2019-12-21
Anouk Ingleby-Brenneman,Rooksby Legal,Chief Information Officer,https://www.linkedin.com/in/anouk-ingleby-brenneman-3429,2020-07-27
Curtis Marchetti,Priorwood Chemicals,VP Enterprise Architecture,https://www.linkedin.com/in/curtis-marchetti-3117,2014-07-13
Kwame Nakashima,Whitlock Staffing,Head of Innovation,https://www.linkedin.com/in/kwame-nakashima-7807,2015-12-02
Hugo Crowther-Drummond,Underwood & Vale,Head of Developer Productivity,,2019-08-14
Freya Underhill-Dobrescu,Xanthe Labs,Program Manager,https://www.linkedin.com/in/freya-underhill-dobrescu-5734,2024-09-04
Teodor Zettergren-Ibarra,Quintrell Advisory,Product Director,https://www.linkedin.com/in/teodor-zettergren-ibarra-3248,2024-08-22
Nadia Halloran,Tannerly Design,Chief Digital Officer,https://www.linkedin.com/in/nadia-halloran-3227,2018-10-14
Amara Cathcart-Eastcott,Corbridge Realty,VP Engineering,https://www.linkedin.com/in/amara-cathcart-eastcott-2331,2016-05-27
Kian Thackeray-Okonkwo,Garrowby Books,Head of Innovation,https://www.linkedin.com/in/kian-thackeray-okonkwo-3476,2021-12-03
Greta Thackeray,Tannerly Design,Chief Information Officer,https://www.linkedin.com/in/greta-thackeray-1891,2015-09-25
Xiomara Kettleborough-Yarrow,Corbridge Realty,Product Director,https://www.linkedin.com/in/xiomara-kettleborough-yarrow-4878,2021-02-03
Marcus Zubkov,Garrowby Books,Chief Data Officer,https://www.linkedin.com/in/marcus-zubkov-6170,2021-04-18
·Joaquín Rushworth-Norrington,Xanthe Labs,"Senior Manager, Engineering",https://www.linkedin.com/in/joaquin-rushworth-norrington-4040,2023-03-12
Astrid Brenneman-Dobrescu,Tannerly Design,"Senior Manager, Engineering",https://www.linkedin.com/in/astrid-brenneman-dobrescu-2383,2022-08-14
Amara Marchetti-Grimsby,Underwood & Vale,Engineering Manager,https://www.linkedin.com/in/amara-marchetti-grimsby-4454,2020-08-19
Nadia Kirkbride,Tannerly Design,Principal Architect,https://www.linkedin.com/in/nadia-kirkbride-6440,2021-03-13
Emeka Ferreira-Isenberg,Corbridge Realty,Product Director,https://www.linkedin.com/in/emeka-ferreira-isenberg-8507,2024-06-29
Rhys Brenneman-Underhill,Vespermill Analytics,Product Director,https://www.linkedin.com/in/rhys-brenneman-underhill-4166,2018-01-12
Dana Dellinger,Elmsworth Tutors,Staff Engineer,https://www.linkedin.com/in/dana-dellinger-6723,2015-09-29
Idris Merriweather-Vandermolen,Whitlock Staffing,Director of IT,https://www.linkedin.com/in/idris-merriweather-vandermolen-8753,2021-08-22
Tanvi Ingleby,Xanthe Labs,Program Manager,https://www.linkedin.com/in/tanvi-ingleby-8604,2018-01-13
Margot Merriweather-Ingleby,Ambrose Trading,Head of Platform Engineering,https://www.linkedin.com/in/margot-merriweather-ingleby-2967,2020-10-16
Sabine Jarrold,Ondermark Consulting,Program Manager,https://www.linkedin.com/in/sabine-jarrold-8463,2018-07-14
Ansel Mkhize,Dunmowe Travel,"Senior Manager, Engineering",https://www.linkedin.com/in/ansel-mkhize-2633,2022-03-30
Teodor Ashdown,Highmoor Cycles,Chief Digital Officer,https://www.linkedin.com/in/teodor-ashdown-6017,2017-01-15
Tanvi Isenberg,Inglenook Bakery,Platform Lead,,2018-10-01
Curtis Jarrold-Ferreira,Highmoor Cycles,Engineering Manager,https://www.linkedin.com/in/curtis-jarrold-ferreira-5781,2023-04-06
Marisol Nakashima,Quintrell Advisory,Head of Developer Productivity,https://www.linkedin.com/in/marisol-nakashima-8655,2023-01-01
Mei Balogun-Jarrold,Xanthe Labs,Principal Architect,https://www.linkedin.com/in/mei-balogun-jarrold-8865,2023-02-09
Greta Prendergast-Eastcott,Garrowby Books,VP Enterprise Architecture,https://www.linkedin.com/in/greta-prendergast-eastcott-5602,2020-05-27
Sabine Quillane,Tannerly Design,"Senior Manager, Engineering",https://www.linkedin.com/in/sabine-quillane-9540,2016-01-13
Hana Mkhize,Garrowby Books,Engineering Manager,https://www.linkedin.com/in/hana-mkhize-4266,2017-06-18
Dev Oyelaran-Lindqvist,Highmoor Cycles,Platform Lead,https://www.linkedin.com/in/dev-oyelaran-lindqvist-4845,2015-09-29
Nadia Salcedo-Havercamp,Ambrose Trading,Engineering Manager,https://www.linkedin.com/in/nadia-salcedo-havercamp-2608,2020-05-08
Gideon Thackeray,Elmsworth Tutors,Head of Automation,,2023-03-21
·Joaquín Eastcott-Balogun,Bellchamber Media,Head of Developer Productivity,https://www.linkedin.com/in/joaquin-eastcott-balogun-9095,2017-09-27
Margot Balogun-Vasquez,Bellchamber Media,Chief Digital Officer,https://www.linkedin.com/in/margot-balogun-vasquez-6624,2025-01-18
Lucia Fontaine-Drummond,Fairbourne Fitness,Engineering Manager,https://www.linkedin.com/in/lucia-fontaine-drummond-5533,2021-01-30
Noor Drummond,Pale Harbour Studio,Director of IT,https://www.linkedin.com/in/noor-drummond-7187,2018-06-24
Yusuf Wolstenholme,Bexley Bioworks,Chief Information Officer,https://www.linkedin.com/in/yusuf-wolstenholme-5343,2026-11-16
Otto Wexford,Vespermill Analytics,Head of Platform Engineering,https://www.linkedin.com/in/otto-wexford-9716,2019-11-02
Sabine Yarrow,Ondermark Consulting,Staff Engineer,https://www.linkedin.com/in/sabine-yarrow-5215,2025-06-22
Hana Zubkov,Ambrose Trading,Head of Platform Engineering,https://www.linkedin.com/in/hana-zubkov-5965,2018-10-10
Rafael Dobrescu,Elmsworth Tutors,Staff Engineer,https://www.linkedin.com/in/rafael-dobrescu-5216,2017-05-18
Camille Drummond-Kirkbride,Quintrell Advisory,Head of Platform Engineering,https://www.linkedin.com/in/camille-drummond-kirkbride-8783,2020-12-04
Marisol Balogun-Drummond,Highmoor Cycles,VP Data & Analytics,https://www.linkedin.com/in/marisol-balogun-drummond-4056,2024-08-31
Kwame Balogun-Ibarra,Ondermark Consulting,"Senior Manager, Engineering",https://www.linkedin.com/in/kwame-balogun-ibarra-9141,2018-04-23
Renata Hartigan,Dunmowe Travel,"Senior Manager, Engineering",https://www.linkedin.com/in/renata-hartigan-6300,2018-08-18
Duarte Ibarra,Zenner Foods,Head of Automation,https://www.linkedin.com/in/duarte-ibarra-1828,2024-12-15
Liesel Underhill,Elmsworth Tutors,Head of Innovation,https://www.linkedin.com/in/liesel-underhill-8506,2025-02-10
Sunniva Havercamp,Tannerly Design,VP Data & Analytics,,2016-04-07
Espen Yarrow-Isenberg,Underwood & Vale,Engineering Manager,https://www.linkedin.com/in/espen-yarrow-isenberg-8603,2017-10-21
Coretta Ibarra-Quillane,Elmsworth Tutors,Engineering Manager,https://www.linkedin.com/in/coretta-ibarra-quillane-3262,2016-09-25
Owen Norrington,Whitlock Staffing,Chief Technology Officer,https://www.linkedin.com/in/owen-norrington-4237,2025-07-10
Imani Grimsby-Sandoval,Elmsworth Tutors,Head of Platform Engineering,https://www.linkedin.com/in/imani-grimsby-sandoval-7317,2019-04-05
Kian Sandoval,Rooksby Legal,"Senior Manager, Engineering",https://www.linkedin.com/in/kian-sandoval-2008,2024-01-15
Duarte Lomsadze-Quillane,Bellchamber Media,Head of Developer Productivity,https://www.linkedin.com/in/duarte-lomsadze-quillane-1296,2025-05-24
Bo Hartigan,Fairbourne Fitness,"Senior Manager, Engineering",https://www.linkedin.com/in/bo-hartigan-7752,2023-09-24
Kofi Crowther,Pale Harbour Studio,Principal Architect,https://www.linkedin.com/in/kofi-crowther-8076,2023-04-04
Bram Vasquez-Yarrow,Elmsworth Tutors,Engineering Manager,https://www.linkedin.com/in/bram-vasquez-yarrow-4667,2016-08-08
Freya Jarrold,Zenner Foods,Product Director,https://www.linkedin.com/in/freya-jarrold-3754,2016-12-06
Bram Norrington,Yardley Print,Head of Automation,https://www.linkedin.com/in/bram-norrington-9809,2018-10-11
Sloane Halloran,Vespermill Analytics,Head of Automation,https://www.linkedin.com/in/sloane-halloran-5531,2025-07-03
Camille Wolstenholme-Halloran,Xanthe Labs,Head of Developer Productivity,https://www.linkedin.com/in/camille-wolstenholme-halloran-6341,2017-08-14
Sabine Falkenrath,Pale Harbour Studio,Chief Information Officer,https://www.linkedin.com/in/sabine-falkenrath-6086,2022-07-25
Tomás Kirkbride,Tannerly Design,Chief Operating Officer,https://www.linkedin.com/in/tomas-kirkbride-9281,2018-11-02
Astrid Ferreira-Achterberg,Garrowby Books,Chief Data Officer,https://www.linkedin.com/in/astrid-ferreira-achterberg-2118,2020-06-17
Owen Vandermolen,Garrowby Books,Head of Platform Engineering,https://www.linkedin.com/in/owen-vandermolen-9679,2022-09-16
Noor Jarrold,Quintrell Advisory,Head of Automation,https://www.linkedin.com/in/noor-jarrold-1984,2017-10-04
Casper Drummond-Bellinger,Yardley Print,Product Director,https://www.linkedin.com/in/casper-drummond-bellinger-1608,2018-01-10
Rhys Prendergast,Fairbourne Fitness,Engineering Manager,https://www.linkedin.com/in/rhys-prendergast-1179,2024-11-05
Nadia Petrossian,Dunmowe Travel,Principal Architect,https://www.linkedin.com/in/nadia-petrossian-3598,2020-07-22
Ingrid Fairweather,Bellchamber Media,VP Enterprise Architecture,https://www.linkedin.com/in/ingrid-fairweather-8322,2021-10-22
Ravi Rushworth-Petrossian,Bellchamber Media,Chief Technology Officer,https://www.linkedin.com/in/ravi-rushworth-petrossian-2102,2017-02-01
Espen Cathcart,Corbridge Realty,"Senior Manager, Engineering",https://www.linkedin.com/in/espen-cathcart-9285,2023-10-16
Tanvi Drummond-Cardoso,Dunmowe Travel,"Senior Manager, Engineering",https://www.linkedin.com/in/tanvi-drummond-cardoso-3381,2016-08-23
Zaid Vasquez-Bellinger,Highmoor Cycles,VP Data & Analytics,https://www.linkedin.com/in/zaid-vasquez-bellinger-7307,2017-10-02
Perrine Oyelaran,Ondermark Consulting,Platform Lead,https://www.linkedin.com/in/perrine-oyelaran-5464,2022-04-23
Freya Prendergast-Brenneman,Whitlock Staffing,Principal Architect,https://www.linkedin.com/in/freya-prendergast-brenneman-7627,2024-01-04
Dev Yarrow,Dunmowe Travel,"Senior Manager, Engineering",,2024-11-11
Bram Oyelaran,Corbridge Realty,Director of Software Engineering,https://www.linkedin.com/in/bram-oyelaran-3860,2021-07-15
Yara Ashdown,Xanthe Labs,Head of Platform Engineering,https://www.linkedin.com/in/yara-ashdown-1002,2016-02-05
Kian Jarrold,Yardley Print,Head of Automation,https://www.linkedin.com/in/kian-jarrold-3289,2021-06-28
Espen Prendergast,Bellchamber Media,Chief Digital Officer,https://www.linkedin.com/in/espen-prendergast-1086,2021-01-13
Astrid Grimsby,Elmsworth Tutors,"Senior Manager, Engineering",https://www.linkedin.com/in/astrid-grimsby-4016,2019-11-22
Camille Crowther,Zenner Foods,"Senior Manager, Engineering",https://www.linkedin.com/in/camille-crowther-1954,2024-01-21
Zaid Lindqvist,Bellchamber Media,Engineering Manager,https://www.linkedin.com/in/zaid-lindqvist-1636,2020-02-05
Tomás Kirkbride-Zubkov,Fairbourne Fitness,VP Enterprise Architecture,,2025-04-03
Mei Underhill,Dunmowe Travel,Director of IT,https://www.linkedin.com/in/mei-underhill-2903,2022-08-29
Amara Okonkwo,Fairbourne Fitness,Head of Developer Productivity,https://www.linkedin.com/in/amara-okonkwo-2237,2020-03-06
Coretta Salcedo,Vespermill Analytics,VP Data & Analytics,https://www.linkedin.com/in/coretta-salcedo-9290,2022-06-01
Noor Jarrold-Vandermolen,Ambrose Trading,Engineering Manager,https://www.linkedin.com/in/noor-jarrold-vandermolen-3683,2018-08-14
Espen Petrossian,Bellchamber Media,Engineering Manager,https://www.linkedin.com/in/espen-petrossian-9001,2023-07-18
Zaid Bellinger,Garrowby Books,Staff Engineer,https://www.linkedin.com/in/zaid-bellinger-3862,2024-09-19
Lucia Petrossian,Vespermill Analytics,Staff Engineer,https://www.linkedin.com/in/lucia-petrossian-7678,2023-09-28
Sloane Lindqvist-Brenneman,Garrowby Books,Director of IT,,2019-06-12
Tilda Oyelaran,Quintrell Advisory,Head of Automation,https://www.linkedin.com/in/tilda-oyelaran-7371,2025-03-29
Bram Ferreira-Prendergast,Tannerly Design,Chief Digital Officer,https://www.linkedin.com/in/bram-ferreira-prendergast-5026,2020-01-20
Rhys Oldfield,Highmoor Cycles,Program Manager,https://www.linkedin.com/in/rhys-oldfield-2553,2020-04-12
Renata Oyelaran-Ibarra,Tannerly Design,Director of Software Engineering,https://www.linkedin.com/in/renata-oyelaran-ibarra-1335,2023-02-22
Idris Okonkwo,Ondermark Consulting,Director of IT,https://www.linkedin.com/in/idris-okonkwo-6366,2022-07-18
Rafael Bellinger,Garrowby Books,Staff Engineer,https://www.linkedin.com/in/rafael-bellinger-6632,2024-08-08
Hana Vasquez-Eastcott,Yardley Print,VP Data & Analytics,https://www.linkedin.com/in/hana-vasquez-eastcott-4081,2016-10-29
Kian Prendergast,Elmsworth Tutors,Product Director,https://www.linkedin.com/in/kian-prendergast-6273,2016-07-15
Ingrid Eastcott,Ambrose Trading,Platform Lead,https://www.linkedin.com/in/ingrid-eastcott-7632,2025-02-18
Fenella Oyelaran,Ambrose Trading,Staff Engineer,https://www.linkedin.com/in/fenella-oyelaran-7217,2024-12-28
Marcus Halloran-Dellinger,Pale Harbour Studio,Head of Platform Engineering,https://www.linkedin.com/in/marcus-halloran-dellinger-1364,2017-07-05
Ingrid Salcedo,Highmoor Cycles,Product Director,https://www.linkedin.com/in/ingrid-salcedo-2802,2016-10-28
Margot Sandoval,Tannerly Design,Product Director,https://www.linkedin.com/in/margot-sandoval-1993,2017-12-19
Duarte Ferreira,Xanthe Labs,Program Manager,,2023-07-31
Renata Ingleby-Underhill,Rooksby Legal,Chief Information Officer,https://www.linkedin.com/in/renata-ingleby-underhill-5508,2023-11-24
Coretta Salcedo-Marchetti,Zenner Foods,Director of IT,https://www.linkedin.com/in/coretta-salcedo-marchetti-5942,2018-02-12
Casper Eastcott,Fairbourne Fitness,Chief Data Officer,https://www.linkedin.com/in/casper-eastcott-8635,2016-07-11
Sloane Rushworth-Jarrold,Pale Harbour Studio,Principal Architect,https://www.linkedin.com/in/sloane-rushworth-jarrold-6416,2017-09-30
Imani Fontaine,Yardley Print,Chief Digital Officer,https://www.linkedin.com/in/imani-fontaine-3950,2019-06-20
Sabine Zettergren-Crowther,Ondermark Consulting,Head of Innovation,https://www.linkedin.com/in/sabine-zettergren-crowther-3688,2020-11-09
Kofi Wolstenholme-Havercamp,Elmsworth Tutors,Principal Architect,https://www.linkedin.com/in/kofi-wolstenholme-havercamp-1446,2019-09-22
Zaid Oldfield,Elmsworth Tutors,Head of Innovation,https://www.linkedin.com/in/zaid-oldfield-1636,2018-12-28
Liesel Zubkov,Inglenook Bakery,"Senior Manager, Engineering",https://www.linkedin.com/in/liesel-zubkov-9705,2022-03-23
Silas Cardoso,Yardley Print,VP Enterprise Architecture,https://www.linkedin.com/in/silas-cardoso-5555,2019-10-25
Freya Fairweather-Ferreira,Fairbourne Fitness,Product Director,https://www.linkedin.com/in/freya-fairweather-ferreira-4456,2018-02-18
Fenella Højgaard-Merriweather,Dunmowe Travel,Engineering Manager,https://www.linkedin.com/in/fenella-hojgaard-merriweather-5818,2018-09-07
Lucia Thackeray,Yardley Print,Chief Data Officer,https://www.linkedin.com/in/lucia-thackeray-8969,2017-10-23
Solveig Petrossian,Rooksby Legal,Chief Digital Officer,https://www.linkedin.com/in/solveig-petrossian-2715,2024-06-19
Yusuf Hartigan,Fairbourne Fitness,Director of IT,https://www.linkedin.com/in/yusuf-hartigan-6800,2025-01-29
Amara Zubkov,Corbridge Realty,Product Director,https://www.linkedin.com/in/amara-zubkov-1823,2024-02-19
Emeka Mkhize,Underwood & Vale,Engineering Manager,https://www.linkedin.com/in/emeka-mkhize-7843,2025-04-25
Sloane Cardoso-Ashdown,Highmoor Cycles,Platform Lead,https://www.linkedin.com/in/sloane-cardoso-ashdown-5302,2017-02-21
Kian Fairweather,Vespermill Analytics,Chief Data Officer,https://www.linkedin.com/in/kian-fairweather-5516,2025-07-01
Sloane Dobrescu,Yardley Print,Program Manager,https://www.linkedin.com/in/sloane-dobrescu-9065,2022-10-21
Camille Crowther-Cathcart,Bellchamber Media,"Senior Manager, Engineering",https://www.linkedin.com/in/camille-crowther-cathcart-4206,2023-06-15
Devin Okonkwo-Oldfield,Tannerly Design,Principal Architect,https://www.linkedin.com/in/devin-okonkwo-oldfield-8299,2023-10-28
Wren Ingleby,Corbridge Realty,Program Manager,https://www.linkedin.com/in/wren-ingleby-6776,2017-11-21
Marcus Hartigan,Zenner Foods,Platform Lead,https://www.linkedin.com/in/marcus-hartigan-2589,2019-08-02
Renata Kirkbride,Bellchamber Media,Principal Architect,https://www.linkedin.com/in/renata-kirkbride-4825,2022-05-03
Coretta Quillane-Salcedo,Rooksby Legal,Head of Automation,https://www.linkedin.com/in/coretta-quillane-salcedo-2601,2021-06-09
Silas Ingleby,Rooksby Legal,"Senior Manager, Engineering",https://www.linkedin.com/in/silas-ingleby-5826,2019-04-06
Rosalind Fontaine,Pale Harbour Studio,Director of IT,https://www.linkedin.com/in/rosalind-fontaine-1496,2017-09-13
Kofi Thackeray,Corbridge Realty,Director of Software Engineering,https://www.linkedin.com/in/kofi-thackeray-5593,2020-09-05
Xiomara Falkenrath,Fairbourne Fitness,"Senior Manager, Engineering",https://www.linkedin.com/in/xiomara-falkenrath-2549,2021-03-05
Yusuf Glückstein-Højgaard,Yardley Print,Platform Lead,,2019-10-27
Nadia Ashdown-Kirkbride,Corbridge Realty,Chief Data Officer,https://www.linkedin.com/in/nadia-ashdown-kirkbride-2753,2017-12-27
Hana Mkhize-Kettleborough,Whitlock Staffing,Platform Lead,https://www.linkedin.com/in/hana-mkhize-kettleborough-8554,2022-10-15
Solveig Højgaard,Zenner Foods,Chief Technology Officer,https://www.linkedin.com/in/solveig-hojgaard-6469,2021-05-18
Liesel Dellinger,Whitlock Staffing,Engineering Manager,https://www.linkedin.com/in/liesel-dellinger-3291,2019-07-26
Otto Sandoval,Corbridge Realty,Principal Architect,https://www.linkedin.com/in/otto-sandoval-7494,2021-10-09
Zaid Ashdown,Ondermark Consulting,Director of IT,,2019-07-26
Kofi Mkhize,Kingsmere Retail Group,VP Engineering,https://www.linkedin.com/in/kofi-mkhize-4785,2016-03-26
Zaid Prendergast,Tannerly Design,Head of Platform Engineering,https://www.linkedin.com/in/zaid-prendergast-5088,2016-04-22
Hana Sandoval,Bellchamber Media,Engineering Manager,https://www.linkedin.com/in/hana-sandoval-6609,2017-12-03
Ilse Cardoso,Underwood & Vale,Engineering Manager,https://www.linkedin.com/in/ilse-cardoso-3236,2016-09-15
Owen Fairweather-Oyelaran,Xanthe Labs,Platform Lead,https://www.linkedin.com/in/owen-fairweather-oyelaran-3156,2015-09-24
Liesel Lomsadze,Highmoor Cycles,Head of Innovation,https://www.linkedin.com/in/liesel-lomsadze-1461,2024-03-16
Devin Egerton-Hartigan,Xanthe Labs,Chief Information Officer,https://www.linkedin.com/in/devin-egerton-hartigan-4629,2023-09-13
Priya Oldfield,Quintrell Advisory,Platform Lead,https://www.linkedin.com/in/priya-oldfield-4187,2019-07-24
Hugo Vandermolen,Ambrose Trading,Program Manager,https://www.linkedin.com/in/hugo-vandermolen-4019,2019-05-25
Otto Cardoso,Tannerly Design,Head of Automation,https://www.linkedin.com/in/otto-cardoso-2226,2023-10-29
Hana Ibarra,Dunmowe Travel,Program Manager,https://www.linkedin.com/in/hana-ibarra-6298,2024-12-22
Elena Dellinger,Vespermill Analytics,Head of Innovation,https://www.linkedin.com/in/elena-dellinger-2172,2018-03-26
Solveig Crowther,Bellchamber Media,Head of Innovation,https://www.linkedin.com/in/solveig-crowther-5127,2018-08-24
Bram Cathcart,Tannerly Design,"Senior Manager, Engineering",https://www.linkedin.com/in/bram-cathcart-9280,2017-10-16
Imani Glückstein-Vasquez,Whitlock Staffing,Director of Software Engineering,https://www.linkedin.com/in/imani-gluckstein-vasquez-8268,2022-01-07
Niall Crowther,Fairbourne Fitness,Program Manager,https://www.linkedin.com/in/niall-crowther-6845,2016-01-06
Rosalind Kirkbride,Pale Harbour Studio,Director of Software Engineering,https://www.linkedin.com/in/rosalind-kirkbride-1936,2018-02-07
Renata Bellinger,Highmoor Cycles,Director of IT,https://www.linkedin.com/in/renata-bellinger-8590,2025-02-24
Xiomara Rushworth,Bellchamber Media,VP Enterprise Architecture,,2020-11-18
Margot Højgaard-Oldfield,Xanthe Labs,Director of IT,https://www.linkedin.com/in/margot-hojgaard-oldfield-2868,2023-03-11
Astrid Rushworth-Oyelaran,Ondermark Consulting,Chief Data Officer,https://www.linkedin.com/in/astrid-rushworth-oyelaran-2240,2022-10-01
Desmond Hartigan,Dunmowe Travel,Head of Innovation,https://www.linkedin.com/in/desmond-hartigan-7885,2016-07-07
Arjun Ibarra-Crowther,Corbridge Realty,"Senior Manager, Engineering",https://www.linkedin.com/in/arjun-ibarra-crowther-4189,2016-01-03
Bo Falkenrath-Wolstenholme,Pale Harbour Studio,Program Manager,https://www.linkedin.com/in/bo-falkenrath-wolstenholme-6373,2025-01-07
Duarte Crowther,Highmoor Cycles,Staff Engineer,https://www.linkedin.com/in/duarte-crowther-8937,2018-11-12
Sloane Grimsby,Elmsworth Tutors,Product Director,https://www.linkedin.com/in/sloane-grimsby-7626,2024-08-27
Leandro Brenneman,Cindermill Mining,Director of Software Engineering,https://www.linkedin.com/in/leandro-brenneman-5140,2021-08-25
Anouk Brenneman,Corbridge Realty,Chief Technology Officer,https://www.linkedin.com/in/anouk-brenneman-9450,2019-08-03
Wren Ibarra-Sandoval,Quintrell Advisory,Product Director,https://www.linkedin.com/in/wren-ibarra-sandoval-2522,2023-07-13
Teodor Ibarra,Garrowby Books,Platform Lead,https://www.linkedin.com/in/teodor-ibarra-6315,2024-05-27
Ingrid Rushworth-Ashdown,Yardley Print,Principal Architect,https://www.linkedin.com/in/ingrid-rushworth-ashdown-1420,2021-01-02
Leandro Kirkbride,Rooksby Legal,Head of Automation,https://www.linkedin.com/in/leandro-kirkbride-1938,2020-05-21
Gideon Ingleby,Ondermark Consulting,Program Manager,https://www.linkedin.com/in/gideon-ingleby-6982,2016-09-20
Rosalind Isenberg,Underwood & Vale,Product Director,https://www.linkedin.com/in/rosalind-isenberg-2330,2018-11-28
Priya Egerton-Jarrold,Yardley Print,VP Data & Analytics,https://www.linkedin.com/in/priya-egerton-jarrold-9255,2022-03-11
Callum Salcedo,Elmsworth Tutors,Head of Automation,https://www.linkedin.com/in/callum-salcedo-9608,2019-09-20
Dana Nakashima-Glückstein,Highmoor Cycles,Product Director,https://www.linkedin.com/in/dana-nakashima-gluckstein-2551,2021-08-30
Ingrid Ashdown-Bellinger,Yardley Print,Chief Data Officer,https://www.linkedin.com/in/ingrid-ashdown-bellinger-5901,2018-03-01
Leandro Underhill,Whitlock Staffing,Head of Platform Engineering,https://www.linkedin.com/in/leandro-underhill-8300,2024-10-20
Teodor Halloran,Whitlock Staffing,Platform Lead,https://www.linkedin.com/in/teodor-halloran-1569,2020-06-14
Yara Glückstein-Norrington,Ambrose Trading,Staff Engineer,https://www.linkedin.com/in/yara-gluckstein-norrington-8160,2016-09-15
Tilda Rushworth,Ondermark Consulting,Program Manager,,2016-07-14
Rosalind Lindqvist,Garrowby Books,Chief Data Officer,https://www.linkedin.com/in/rosalind-lindqvist-8580,2020-07-25
·Joaquín Prendergast-Crowther,Vespermill Analytics,Head of Innovation,https://www.linkedin.com/in/joaquin-prendergast-crowther-4828,2023-02-20
Devin Ingleby-Ibarra,Pale Harbour Studio,Head of Innovation,,2020-01-29
Odette Zubkov,Inglenook Bakery,Engineering Manager,https://www.linkedin.com/in/odette-zubkov-9671,2020-01-23
Elena Rushworth-Underhill,Inglenook Bakery,Staff Engineer,https://www.linkedin.com/in/elena-rushworth-underhill-2951,2017-01-07
Otto Kettleborough,Elmsworth Tutors,Chief Data Officer,https://www.linkedin.com/in/otto-kettleborough-7487,2020-10-30
Otto Oldfield,Bellchamber Media,Product Director,https://www.linkedin.com/in/otto-oldfield-1612,2021-03-19
Hugo Vandermolen-Rushworth,Pale Harbour Studio,Head of Automation,https://www.linkedin.com/in/hugo-vandermolen-rushworth-9529,2024-01-04
Astrid Petrossian,Elmsworth Tutors,Platform Lead,https://www.linkedin.com/in/astrid-petrossian-3462,2025-05-11
Amara Dellinger,Inglenook Bakery,Head of Platform Engineering,https://www.linkedin.com/in/amara-dellinger-9124,2022-07-25
Tomás Balogun-Hartigan,Underwood & Vale,Product Director,https://www.linkedin.com/in/tomas-balogun-hartigan-5365,2022-05-28
Wren Fontaine,Garrowby Books,Program Manager,https://www.linkedin.com/in/wren-fontaine-8204,2019-11-20
Rhys Fontaine-Rushworth,Fairbourne Fitness,"Senior Manager, Engineering",https://www.linkedin.com/in/rhys-fontaine-rushworth-5564,2020-09-18
Sloane Falkenrath,Bellchamber Media,Chief Data Officer,https://www.linkedin.com/in/sloane-falkenrath-6657,2017-12-15
Liesel Zettergren-Eastcott,Fairbourne Fitness,Head of Automation,https://www.linkedin.com/in/liesel-zettergren-eastcott-7447,2024-05-22
·Joaquín Oldfield,Ambrose Trading,Chief Digital Officer,https://www.linkedin.com/in/joaquin-oldfield-2214,2018-04-14
Callum Cathcart-Havercamp,Quintrell Advisory,Head of Platform Engineering,https://www.linkedin.com/in/callum-cathcart-havercamp-5649,2019-02-26
Mei Zettergren,Fairbourne Fitness,Chief Digital Officer,https://www.linkedin.com/in/mei-zettergren-4924,2019-09-13
Astrid Dellinger,Ambrose Trading,Staff Engineer,https://www.linkedin.com/in/astrid-dellinger-8382,2024-05-12
Hana Ferreira,Inglenook Bakery,Head of Automation,https://www.linkedin.com/in/hana-ferreira-5795,2020-10-01
Greta Cathcart,Xanthe Labs,Engineering Manager,https://www.linkedin.com/in/greta-cathcart-4406,2019-10-17
Leandro Cathcart-Norrington,Elmsworth Tutors,Staff Engineer,https://www.linkedin.com/in/leandro-cathcart-norrington-8639,2017-11-06
Rosalind Prendergast-Lindqvist,Dunmowe Travel,Director of IT,https://www.linkedin.com/in/rosalind-prendergast-lindqvist-6515,2016-10-02
Gideon Havercamp,Rooksby Legal,Program Manager,https://www.linkedin.com/in/gideon-havercamp-3339,2025-04-22
Owen Grimsby-Ibarra,Fairbourne Fitness,Head of Innovation,https://www.linkedin.com/in/owen-grimsby-ibarra-5976,2020-10-19
Leandro Egerton-Crowther,Elmsworth Tutors,SVP Digital,https://www.linkedin.com/in/leandro-egerton-crowther-4659,2021-01-31
Rafael Lindqvist,Fairbourne Fitness,Principal Architect,https://www.linkedin.com/in/rafael-lindqvist-1415,2019-07-31
Desmond Petrossian-Vasquez,Quintrell Advisory,Engineering Manager,https://www.linkedin.com/in/desmond-petrossian-vasquez-6902,2024-11-03
Rhys Halloran-Vasquez,Xanthe Labs,VP Engineering,,2025-07-08
Sloane Isenberg-Kirkbride,Yardley Print,Head of Automation,https://www.linkedin.com/in/sloane-isenberg-kirkbride-7748,2017-09-09
Wren Underhill,Tannerly Design,Director of IT,https://www.linkedin.com/in/wren-underhill-4584,2016-03-26
Rhys Balogun,Ondermark Consulting,Product Director,https://www.linkedin.com/in/rhys-balogun-4239,2021-12-07
Yusuf Nakashima-Ibarra,Tannerly Design,Staff Engineer,,2019-07-02
Matteo Drummond,Inglenook Bakery,Chief Operating Officer,https://www.linkedin.com/in/matteo-drummond-4530,2024-03-07
Odette Lomsadze-Crowther,Ondermark Consulting,Chief Information Officer,https://www.linkedin.com/in/odette-lomsadze-crowther-8086,2018-01-27
Tilda Okonkwo-Achterberg,Zenner Foods,Head of Innovation,https://www.linkedin.com/in/tilda-okonkwo-achterberg-6199,2025-07-26
Elena Brenneman,Rooksby Legal,Product Director,https://www.linkedin.com/in/elena-brenneman-8599,2019-09-02
Kofi Isenberg,Dunmowe Travel,Head of Innovation,,2016-11-03
Dev Wexford,Bellchamber Media,Chief Technology Officer,https://www.linkedin.com/in/dev-wexford-3357,2024-09-10
Ravi Mkhize,Ondermark Consulting,Head of Innovation,https://www.linkedin.com/in/ravi-mkhize-9158,2022-06-23
Callum Egerton,Corbridge Realty,Head of Automation,https://www.linkedin.com/in/callum-egerton-9674,2021-10-04
Gideon Falkenrath,Inglenook Bakery,Director of IT,https://www.linkedin.com/in/gideon-falkenrath-3046,2020-02-08
Kwame Kettleborough,Tannerly Design,Platform Lead,https://www.linkedin.com/in/kwame-kettleborough-4151,2024-04-08
Anouk Jarrold,Whitlock Staffing,Chief Information Officer,https://www.linkedin.com/in/anouk-jarrold-5786,2023-11-24
Yara Balogun-Merriweather,Highmoor Cycles,Head of Innovation,https://www.linkedin.com/in/yara-balogun-merriweather-2496,2022-01-20
Malik Lindqvist,Ambrose Trading,Program Manager,https://www.linkedin.com/in/malik-lindqvist-2394,2015-12-30
Ingrid Vasquez-Ingleby,Ambrose Trading,Head of Platform Engineering,https://www.linkedin.com/in/ingrid-vasquez-ingleby-5302,2016-01-21
Marisol Zubkov-Wolstenholme,Bellchamber Media,Platform Lead,https://www.linkedin.com/in/marisol-zubkov-wolstenholme-4303,2019-03-22
Noor Wexford,Yardley Print,VP Data & Analytics,https://www.linkedin.com/in/noor-wexford-6135,2017-12-15
Astrid Glückstein,Elmsworth Tutors,Platform Lead,https://www.linkedin.com/in/astrid-gluckstein-7396,2023-05-07
Bo Cathcart,Tannerly Design,VP Enterprise Architecture,https://www.linkedin.com/in/bo-cathcart-4085,2018-11-05
Matteo Thackeray-Oldfield,Xanthe Labs,"Senior Manager, Engineering",https://www.linkedin.com/in/matteo-thackeray-oldfield-2957,2018-05-13
Saoirse Ingleby,Fairbourne Fitness,Chief Information Officer,https://www.linkedin.com/in/saoirse-ingleby-4235,2022-12-26
Sloane Sandoval,Highmoor Cycles,Director of Software Engineering,https://www.linkedin.com/in/sloane-sandoval-7536,2017-01-28
Yusuf Egerton-Thackeray,Vespermill Analytics,SVP Digital,https://www.linkedin.com/in/yusuf-egerton-thackeray-1423,2022-01-21
Lucia Quillane,Garrowby Books,VP Data & Analytics,https://www.linkedin.com/in/lucia-quillane-1413,2019-05-16
Xiomara Fairweather-Falkenrath,Pale Harbour Studio,"Senior Manager, Engineering",https://www.linkedin.com/in/xiomara-fairweather-falkenrath-5791,2024-11-30
Owen Achterberg-Glückstein,Rooksby Legal,Staff Engineer,https://www.linkedin.com/in/owen-achterberg-gluckstein-7390,2020-07-28
Sunniva Højgaard,Ellerby Semiconductor,Chief Digital Officer,https://www.linkedin.com/in/sunniva-hojgaard-4894,2016-10-23
Gideon Sandoval-Rushworth,Corbridge Realty,Platform Lead,https://www.linkedin.com/in/gideon-sandoval-rushworth-4419,2023-03-03
Otto Brenneman,Ondermark Consulting,Chief Technology Officer,https://www.linkedin.com/in/otto-brenneman-4560,2022-03-03
Kwame Petrossian,Dunmowe Travel,VP Enterprise Architecture,https://www.linkedin.com/in/kwame-petrossian-9003,2020-04-05
Elena Wexford-Falkenrath,Quintrell Advisory,"Senior Manager, Engineering",https://www.linkedin.com/in/elena-wexford-falkenrath-9171,2024-11-14
Sabine Glückstein,Bellchamber Media,Platform Lead,https://www.linkedin.com/in/sabine-gluckstein-4242,2020-05-05
Curtis Brenneman-Fairweather,Yardley Print,Staff Engineer,https://www.linkedin.com/in/curtis-brenneman-fairweather-7259,2022-05-13
Anouk Lindqvist-Brenneman,Bellchamber Media,VP Enterprise Architecture,https://www.linkedin.com/in/anouk-lindqvist-brenneman-2326,2024-02-03
Odette Oldfield-Zubkov,Fairbourne Fitness,VP Data & Analytics,https://www.linkedin.com/in/odette-oldfield-zubkov-3809,2018-06-12
Tilda Kettleborough,Dunmowe Travel,"Senior Manager, Engineering",https://www.linkedin.com/in/tilda-kettleborough-7613,2020-11-10
Ansel Ingleby,Corbridge Realty,Platform Lead,https://www.linkedin.com/in/ansel-ingleby-4013,2022-05-10
Solveig Falkenrath-Brenneman,Bellchamber Media,Head of Developer Productivity,https://www.linkedin.com/in/solveig-falkenrath-brenneman-8995,2025-04-14
Rhys Ferreira,Garrowby Books,VP Data & Analytics,https://www.linkedin.com/in/rhys-ferreira-7665,2023-03-22
Freya Eastcott,Tannerly Design,Platform Lead,https://www.linkedin.com/in/freya-eastcott-6729,2021-10-04
Kwame Balogun-Bellinger,Xanthe Labs,Director of IT,https://www.linkedin.com/in/kwame-balogun-bellinger-7256,2020-06-03
Mei Underhill-Achterberg,Tannerly Design,VP Engineering,https://www.linkedin.com/in/mei-underhill-achterberg-6276,2024-05-04
Liesel Lindqvist,Ondermark Consulting,Product Director,https://www.linkedin.com/in/liesel-lindqvist-2940,2023-10-18
Niall Norrington,Bellchamber Media,Head of Innovation,https://www.linkedin.com/in/niall-norrington-6700,2017-06-01
Camille Fontaine,Xanthe Labs,Director of Software Engineering,https://www.linkedin.com/in/camille-fontaine-8325,2018-11-06
Yara Højgaard,Underwood & Vale,Head of Automation,https://www.linkedin.com/in/yara-hojgaard-3896,2025-02-25
Bram Jarrold-Højgaard,Inglenook Bakery,Head of Platform Engineering,https://www.linkedin.com/in/bram-jarrold-hojgaard-2831,2019-04-06
Ingrid Jarrold,Ambrose Trading,Head of Innovation,https://www.linkedin.com/in/ingrid-jarrold-6544,2018-04-30
Marcus Nakashima,Whitlock Staffing,Staff Engineer,,2022-05-27
Marcus Thackeray,Ondermark Consulting,Head of Innovation,https://www.linkedin.com/in/marcus-thackeray-8585,2020-04-30
Owen Nakashima,Rooksby Legal,Principal Architect,https://www.linkedin.com/in/owen-nakashima-6812,2024-10-09
Mei Norrington-Zubkov,Elmsworth Tutors,Chief Data Officer,https://www.linkedin.com/in/mei-norrington-zubkov-8234,2025-01-15
Niall Kettleborough,Yardley Print,Product Director,,2018-08-07
Yara Drummond,Bellchamber Media,VP Data & Analytics,https://www.linkedin.com/in/yara-drummond-4742,2025-02-02
Tomás Egerton,Highmoor Cycles,Chief Information Officer,https://www.linkedin.com/in/tomas-egerton-5138,2016-08-14
Marcus Petrossian,Tannerly Design,Director of IT,https://www.linkedin.com/in/marcus-petrossian-6878,2022-04-08
Casper Oldfield,Ambrose Trading,Chief Technology Officer,https://www.linkedin.com/in/casper-oldfield-5662,2017-10-27
Xiomara Hartigan-Wolstenholme,Dunmowe Travel,Principal Architect,https://www.linkedin.com/in/xiomara-hartigan-wolstenholme-3017,2019-05-07
Rafael Prendergast,Quintrell Advisory,Chief Technology Officer,https://www.linkedin.com/in/rafael-prendergast-6681,2021-07-26
Coretta Fairweather,Yardley Print,Head of Innovation,https://www.linkedin.com/in/coretta-fairweather-4362,2018-03-17
Ilse Petrossian,Dunmowe Travel,Product Director,https://www.linkedin.com/in/ilse-petrossian-4142,2019-02-17
Marisol Dobrescu,Dunmowe Travel,VP Enterprise Architecture,https://www.linkedin.com/in/marisol-dobrescu-4560,2020-07-15
Renata Petrossian,Quillon Pharma,Chief Data Officer,https://www.linkedin.com/in/renata-petrossian-5392,2026-10-13
Perrine Quillane,Quintrell Advisory,Program Manager,https://www.linkedin.com/in/perrine-quillane-6218,2024-07-30
Silas Egerton-Quillane,Highmoor Cycles,Principal Architect,https://www.linkedin.com/in/silas-egerton-quillane-8761,2017-10-09
Imani Zubkov,Rooksby Legal,VP Enterprise Architecture,https://www.linkedin.com/in/imani-zubkov-4180,2024-01-20
Imani Wolstenholme,Garrowby Books,"Senior Manager, Engineering",https://www.linkedin.com/in/imani-wolstenholme-7073,2016-02-12
Priya Sandoval,Quintrell Advisory,Platform Lead,https://www.linkedin.com/in/priya-sandoval-2355,2017-08-20
Solveig Mkhize,Underwood & Vale,VP Engineering,https://www.linkedin.com/in/solveig-mkhize-5695,2021-03-27
Callum Petrossian,Whitlock Staffing,Chief Operating Officer,https://www.linkedin.com/in/callum-petrossian-1458,2022-02-23
Bertrand Cardoso-Mkhize,Elmsworth Tutors,VP Engineering,https://www.linkedin.com/in/bertrand-cardoso-mkhize-8922,2022-08-29
Wren Vasquez,Zenner Foods,Product Director,https://www.linkedin.com/in/wren-vasquez-8480,2017-05-01
Tilda Zubkov,Dunmowe Travel,Engineering Manager,https://www.linkedin.com/in/tilda-zubkov-7827,2019-08-16
Gideon Zubkov-Quillane,Vespermill Analytics,Chief Digital Officer,https://www.linkedin.com/in/gideon-zubkov-quillane-9496,2023-01-09
Saoirse Halloran-Okonkwo,Bellchamber Media,SVP Digital,https://www.linkedin.com/in/saoirse-halloran-okonkwo-9248,2016-02-09
Rosalind Jarrold,Zenner Foods,Chief Data Officer,https://www.linkedin.com/in/rosalind-jarrold-3928,2020-09-20
Bertrand Lindqvist,Bellchamber Media,Chief Digital Officer,https://www.linkedin.com/in/bertrand-lindqvist-7994,2015-12-10
Malik Vandermolen-Oyelaran,Rooksby Legal,Chief Information Officer,,2024-01-05
Zaid Lomsadze,Ondermark Consulting,Chief Data Officer,,2022-10-08
Priya Norrington,Underwood & Vale,Chief Operating Officer,https://www.linkedin.com/in/priya-norrington-2510,2019-08-04
Lucia Balogun,Tannerly Design,Head of Automation,https://www.linkedin.com/in/lucia-balogun-1493,2016-05-08
Imani Dobrescu,Whitlock Staffing,Chief Information Officer,https://www.linkedin.com/in/imani-dobrescu-8236,2023-03-14
Nadia Prendergast,Garrowby Books,Engineering Manager,https://www.linkedin.com/in/nadia-prendergast-5027,2016-07-29
Lucia Halloran,Quintrell Advisory,"Senior Manager, Engineering",https://www.linkedin.com/in/lucia-halloran-2613,2020-08-22
Odette Falkenrath-Vasquez,Vespermill Analytics,Chief Operating Officer,https://www.linkedin.com/in/odette-falkenrath-vasquez-2444,2022-10-12
Kian Fontaine,Whitlock Staffing,Chief Operating Officer,https://www.linkedin.com/in/kian-fontaine-7617,2020-12-10
Kofi Zettergren-Sandoval,Highmoor Cycles,Staff Engineer,https://www.linkedin.com/in/kofi-zettergren-sandoval-8262,2022-03-25
Ravi Oldfield-Havercamp,Whitlock Staffing,Chief Data Officer,https://www.linkedin.com/in/ravi-oldfield-havercamp-7269,2018-02-02
Ilse Underhill-Dobrescu,Elmsworth Tutors,Director of Software Engineering,https://www.linkedin.com/in/ilse-underhill-dobrescu-2716,2017-02-12
Xiomara Ashdown,Highmoor Cycles,Principal Architect,https://www.linkedin.com/in/xiomara-ashdown-6082,2020-12-17
Rafael Lomsadze,Zenner Foods,Head of Innovation,https://www.linkedin.com/in/rafael-lomsadze-9946,2017-12-25
Rafael Grimsby,Highmoor Cycles,SVP Digital,https://www.linkedin.com/in/rafael-grimsby-8989,2025-07-23
Kofi Wexford,Whitlock Staffing,Director of Software Engineering,https://www.linkedin.com/in/kofi-wexford-4244,2022-09-28
Nadia Lomsadze,Ondermark Consulting,Staff Engineer,https://www.linkedin.com/in/nadia-lomsadze-1474,2018-04-21
Rosalind Ferreira,Whitlock Staffing,Platform Lead,https://www.linkedin.com/in/rosalind-ferreira-1691,2023-09-15
Tanvi Lindqvist,Quintrell Advisory,Platform Lead,https://www.linkedin.com/in/tanvi-lindqvist-7873,2019-11-06
Duarte Lindqvist-Ingleby,Fairbourne Fitness,Head of Developer Productivity,https://www.linkedin.com/in/duarte-lindqvist-ingleby-8674,2017-08-14
Arjun Eastcott-Højgaard,Rooksby Legal,Chief Information Officer,https://www.linkedin.com/in/arjun-eastcott-hojgaard-6857,2022-01-07
Malik Vandermolen,Inglenook Bakery,"Senior Manager, Engineering",https://www.linkedin.com/in/malik-vandermolen-9500,2017-08-17
Kwame Ibarra,Tannerly Design,VP Enterprise Architecture,https://www.linkedin.com/in/kwame-ibarra-3375,2020-12-22
Tomás Bellinger-Eastcott,Zenner Foods,Director of IT,https://www.linkedin.com/in/tomas-bellinger-eastcott-6975,2020-07-08
Astrid Havercamp,Elmsworth Tutors,"Senior Manager, Engineering",https://www.linkedin.com/in/astrid-havercamp-5603,2020-11-13
Solveig Oldfield-Balogun,Quintrell Advisory,Product Director,https://www.linkedin.com/in/solveig-oldfield-balogun-2496,2025-04-05
Solveig Ashdown,Rooksby Legal,Staff Engineer,https://www.linkedin.com/in/solveig-ashdown-6985,2018-04-28
Xiomara Prendergast-Glückstein,Fairbourne Fitness,Engineering Manager,https://www.linkedin.com/in/xiomara-prendergast-gluckstein-3618,2018-11-03
Anouk Drummond,Corbridge Realty,Chief Operating Officer,https://www.linkedin.com/in/anouk-drummond-5089,2023-05-29
Espen Wolstenholme,Bellchamber Media,"Senior Manager, Engineering",,2025-06-28
Malik Bellinger-Sandoval,Yardley Print,SVP Digital,https://www.linkedin.com/in/malik-bellinger-sandoval-6119,2024-05-16
Rhys Oyelaran,Vespermill Analytics,Chief Information Officer,https://www.linkedin.com/in/rhys-oyelaran-7535,2022-03-10
Ansel Merriweather,Fairbourne Fitness,Program Manager,https://www.linkedin.com/in/ansel-merriweather-2456,2022-02-01
Hugo Brenneman-Bellinger,Yardley Print,Product Director,https://www.linkedin.com/in/hugo-brenneman-bellinger-1251,2017-05-12
Camille Petrossian-Eastcott,Highmoor Cycles,Chief Operating Officer,https://www.linkedin.com/in/camille-petrossian-eastcott-1191,2023-07-15
Otto Quillane,Corbridge Realty,Engineering Manager,https://www.linkedin.com/in/otto-quillane-2837,2018-09-09
Owen Højgaard,Inglenook Bakery,Product Director,https://www.linkedin.com/in/owen-hojgaard-9196,2020-01-15
Matteo Cathcart,Highmoor Cycles,Platform Lead,https://www.linkedin.com/in/matteo-cathcart-4209,2020-07-05
Xiomara Oyelaran-Fontaine,Zenner Foods,Engineering Manager,https://www.linkedin.com/in/xiomara-oyelaran-fontaine-9412,2025-02-06
Hana Havercamp,Ambrose Trading,Chief Technology Officer,,2022-02-09
Kwame Fontaine-Quillane,Quintrell Advisory,Program Manager,https://www.linkedin.com/in/kwame-fontaine-quillane-7265,2020-02-02
Tomás Crowther-Lindqvist,Bellchamber Media,Staff Engineer,https://www.linkedin.com/in/tomas-crowther-lindqvist-5446,2023-10-25
Rosalind Marchetti,Underwood & Vale,Program Manager,https://www.linkedin.com/in/rosalind-marchetti-5415,2021-05-01
Bram Mkhize,Ondermark Consulting,Principal Architect,https://www.linkedin.com/in/bram-mkhize-5796,2018-04-01
Coretta Quillane,Fairbourne Fitness,Engineering Manager,https://www.linkedin.com/in/coretta-quillane-3299,2017-09-20
Emeka Fontaine,Vespermill Analytics,Staff Engineer,https://www.linkedin.com/in/emeka-fontaine-5976,2019-12-28
Perrine Højgaard,Yardley Print,Platform Lead,https://www.linkedin.com/in/perrine-hojgaard-4118,2021-04-14
Devin Egerton-Crowther,Inglenook Bakery,Head of Automation,https://www.linkedin.com/in/devin-egerton-crowther-2301,2016-03-30
Sunniva Egerton,Vespermill Analytics,Director of IT,https://www.linkedin.com/in/sunniva-egerton-5094,2022-02-13
Arjun Wolstenholme,Vespermill Analytics,Head of Automation,https://www.linkedin.com/in/arjun-wolstenholme-3545,2016-08-26
Sabine Vandermolen-Lindqvist,Inglenook Bakery,Engineering Manager,https://www.linkedin.com/in/sabine-vandermolen-lindqvist-7038,2024-07-01
Kian Cathcart,Pale Harbour Studio,Staff Engineer,https://www.linkedin.com/in/kian-cathcart-9919,2018-09-22
Devin Halloran,Bellchamber Media,Product Director,https://www.linkedin.com/in/devin-halloran-2699,2017-01-18
Bertrand Lomsadze-Vandermolen,Bellchamber Media,Head of Innovation,https://www.linkedin.com/in/bertrand-lomsadze-vandermolen-8961,2021-07-03
Elena Norrington,Tannerly Design,Head of Developer Productivity,https://www.linkedin.com/in/elena-norrington-8084,2021-02-07
Tanvi Thackeray,Highmoor Cycles,Product Director,https://www.linkedin.com/in/tanvi-thackeray-1616,2015-12-19
Tanvi Vasquez,Tannerly Design,Staff Engineer,https://www.linkedin.com/in/tanvi-vasquez-2825,2023-03-15
Teodor Achterberg,Bellchamber Media,Principal Architect,https://www.linkedin.com/in/teodor-achterberg-4653,2022-07-21
Ravi Norrington-Kirkbride,Xanthe Labs,Principal Architect,https://www.linkedin.com/in/ravi-norrington-kirkbride-3910,2018-10-23
Freya Zettergren-Ingleby,Corbridge Realty,Head of Innovation,https://www.linkedin.com/in/freya-zettergren-ingleby-7785,2023-07-20
Amara Wolstenholme-Fairweather,Elmsworth Tutors,SVP Digital,https://www.linkedin.com/in/amara-wolstenholme-fairweather-2080,2023-03-10
Yara Jarrold,Ambrose Trading,"Senior Manager, Engineering",https://www.linkedin.com/in/yara-jarrold-9988,2020-07-01
Rosalind Zettergren-Glückstein,Dunmowe Travel,Staff Engineer,https://www.linkedin.com/in/rosalind-zettergren-gluckstein-2623,2016-11-21
Sabine Ibarra,Underwood & Vale,Principal Architect,https://www.linkedin.com/in/sabine-ibarra-8109,2021-06-12
Ingrid Højgaard,Whitlock Staffing,Head of Innovation,https://www.linkedin.com/in/ingrid-hojgaard-6343,2017-12-27
Lucia Underhill,Whitlock Staffing,"Senior Manager, Engineering",,2016-09-02
Greta Ferreira,Underwood & Vale,Head of Automation,https://www.linkedin.com/in/greta-ferreira-3073,2017-05-31
Ravi Petrossian,Zenner Foods,Head of Developer Productivity,https://www.linkedin.com/in/ravi-petrossian-3562,2023-01-12
Bo Okonkwo-Glückstein,Tannerly Design,Principal Architect,https://www.linkedin.com/in/bo-okonkwo-gluckstein-5806,2018-01-13
Hugo Achterberg-Egerton,Highmoor Cycles,Program Manager,https://www.linkedin.com/in/hugo-achterberg-egerton-7659,2022-08-14
Solveig Lindqvist,Inglenook Bakery,Head of Automation,,2018-05-02
Yara Fontaine,Xanthe Labs,Staff Engineer,https://www.linkedin.com/in/yara-fontaine-4952,2024-07-09
Camille Merriweather,Underwood & Vale,Head of Innovation,https://www.linkedin.com/in/camille-merriweather-3389,2021-10-23
Owen Underhill,Whitlock Staffing,Head of Innovation,https://www.linkedin.com/in/owen-underhill-8508,2019-05-27
Ansel Underhill,Corbridge Realty,Product Director,https://www.linkedin.com/in/ansel-underhill-4543,2015-11-20
Rhys Egerton,Underwood & Vale,Head of Automation,https://www.linkedin.com/in/rhys-egerton-3043,2017-02-23
Perrine Achterberg,Ondermark Consulting,Platform Lead,https://www.linkedin.com/in/perrine-achterberg-3504,2017-08-02
Marisol Oldfield,Vespermill Analytics,Chief Data Officer,,2020-11-23
Rafael Cathcart-Oldfield,Fairbourne Fitness,Staff Engineer,https://www.linkedin.com/in/rafael-cathcart-oldfield-3885,2015-10-21
Hana Underhill-Vandermolen,Inglenook Bakery,Chief Technology Officer,https://www.linkedin.com/in/hana-underhill-vandermolen-2783,2024-01-14
Tilda Vandermolen,Whitlock Staffing,Chief Digital Officer,https://www.linkedin.com/in/tilda-vandermolen-9233,2021-01-20
Tanvi Yarrow,Underwood & Vale,Platform Lead,https://www.linkedin.com/in/tanvi-yarrow-3567,2020-04-03
Malik Achterberg,Quintrell Advisory,VP Data & Analytics,https://www.linkedin.com/in/malik-achterberg-2768,2018-04-04
Tomás Zettergren,Tannerly Design,Director of IT,https://www.linkedin.com/in/tomas-zettergren-4742,2022-06-01
Sabine Achterberg,Vespermill Analytics,Product Director,https://www.linkedin.com/in/sabine-achterberg-8338,2025-02-17
Matteo Havercamp,Bellchamber Media,Engineering Manager,https://www.linkedin.com/in/matteo-havercamp-4337,2020-03-06
Priya Thackeray,Bellchamber Media,Head of Innovation,https://www.linkedin.com/in/priya-thackeray-3702,2023-12-10
Mei Prendergast,Corbridge Realty,VP Engineering,https://www.linkedin.com/in/mei-prendergast-2030,2016-07-28
Zaid Højgaard,Dunmowe Travel,Head of Innovation,https://www.linkedin.com/in/zaid-hojgaard-7753,2025-06-02
Sunniva Norrington,Inglenook Bakery,Program Manager,https://www.linkedin.com/in/sunniva-norrington-1378,2021-10-23
Niall Ashdown,Highmoor Cycles,VP Enterprise Architecture,https://www.linkedin.com/in/niall-ashdown-5137,2020-07-10
Sunniva Ferreira,Highmoor Cycles,Principal Architect,https://www.linkedin.com/in/sunniva-ferreira-8572,2017-03-03
Tomás Salcedo,Yardley Print,Program Manager,https://www.linkedin.com/in/tomas-salcedo-4849,2017-07-29
Rafael Jarrold-Ibarra,Garrowby Books,Principal Architect,https://www.linkedin.com/in/rafael-jarrold-ibarra-7587,2017-03-18
Devin Vandermolen-Fairweather,Fairbourne Fitness,Staff Engineer,https://www.linkedin.com/in/devin-vandermolen-fairweather-3097,2021-12-25
Sunniva Quillane,Highmoor Cycles,Director of IT,https://www.linkedin.com/in/sunniva-quillane-3333,2023-11-08
Fenella Dobrescu-Wexford,Whitlock Staffing,Platform Lead,https://www.linkedin.com/in/fenella-dobrescu-wexford-4229,2025-02-02
Camille Grimsby,Elmsworth Tutors,Engineering Manager,,2022-12-15
Coretta Vandermolen-Havercamp,Inglenook Bakery,Principal Architect,https://www.linkedin.com/in/coretta-vandermolen-havercamp-2768,2017-06-05
Yara Vandermolen,Whitlock Staffing,Head of Automation,https://www.linkedin.com/in/yara-vandermolen-6076,2019-11-28
Freya Bellinger,Tannerly Design,Chief Digital Officer,https://www.linkedin.com/in/freya-bellinger-3303,2020-10-21
Solveig Egerton,Inglenook Bakery,Head of Platform Engineering,https://www.linkedin.com/in/solveig-egerton-4622,2022-08-20
Matteo Bellinger,Corbridge Realty,Head of Developer Productivity,https://www.linkedin.com/in/matteo-bellinger-6591,2023-12-28
Kofi Højgaard,Underwood & Vale,Engineering Manager,https://www.linkedin.com/in/kofi-hojgaard-9808,2023-10-06
Perrine Cathcart-Grimsby,Inglenook Bakery,Product Director,https://www.linkedin.com/in/perrine-cathcart-grimsby-4741,2021-01-06
Priya Hartigan-Fontaine,Dunmowe Travel,Chief Operating Officer,,2018-08-21
Marcus Ferreira,Fairbourne Fitness,Staff Engineer,https://www.linkedin.com/in/marcus-ferreira-8378,2022-04-27
Odette Hartigan,Bellchamber Media,Product Director,https://www.linkedin.com/in/odette-hartigan-7013,2024-11-27
Freya Dobrescu,Highmoor Cycles,VP Engineering,https://www.linkedin.com/in/freya-dobrescu-5431,2017-08-07
Curtis Halloran,Vespermill Analytics,Chief Data Officer,https://www.linkedin.com/in/curtis-halloran-5749,2019-04-12
Liesel Isenberg,Highmoor Cycles,Staff Engineer,https://www.linkedin.com/in/liesel-isenberg-3074,2017-07-21
Astrid Yarrow-Petrossian,Bellchamber Media,Engineering Manager,https://www.linkedin.com/in/astrid-yarrow-petrossian-6016,2022-04-21
Teodor Wexford,Quintrell Advisory,Program Manager,https://www.linkedin.com/in/teodor-wexford-1546,2023-02-20
Zaid Rushworth,Pale Harbour Studio,VP Enterprise Architecture,https://www.linkedin.com/in/zaid-rushworth-2927,2021-01-17
Idris Glückstein,Pale Harbour Studio,"Senior Manager, Engineering",https://www.linkedin.com/in/idris-gluckstein-7105,2024-01-01
Sloane Oyelaran,Tannerly Design,Principal Architect,https://www.linkedin.com/in/sloane-oyelaran-9935,2016-06-21
Emeka Merriweather,Yardley Print,Director of IT,,2016-08-23
Xiomara Lomsadze,Elmsworth Tutors,Product Director,https://www.linkedin.com/in/xiomara-lomsadze-1391,2025-05-31
Gideon Petrossian-Brenneman,Dunmowe Travel,Program Manager,https://www.linkedin.com/in/gideon-petrossian-brenneman-6113,2019-10-14
Odette Falkenrath,Xanthe Labs,Director of Software Engineering,https://www.linkedin.com/in/odette-falkenrath-7354,2021-11-26
Solveig Thackeray-Egerton,Inglenook Bakery,Head of Developer Productivity,https://www.linkedin.com/in/solveig-thackeray-egerton-5052,2020-09-07
Solveig Glückstein,Vespermill Analytics,Director of Software Engineering,https://www.linkedin.com/in/solveig-gluckstein-6078,2019-06-11
Priya Wexford,Bellchamber Media,"Senior Manager, Engineering",https://www.linkedin.com/in/priya-wexford-4304,2019-01-22
Leandro Vandermolen,Pale Harbour Studio,"Senior Manager, Engineering",https://www.linkedin.com/in/leandro-vandermolen-9363,2024-03-28
Malik Hartigan-Marchetti,Vespermill Analytics,Program Manager,https://www.linkedin.com/in/malik-hartigan-marchetti-2533,2016-12-12
Mei Oyelaran,Bellchamber Media,Product Director,https://www.linkedin.com/in/mei-oyelaran-7654,2017-12-10
Casper Havercamp-Lomsadze,Inglenook Bakery,Platform Lead,https://www.linkedin.com/in/casper-havercamp-lomsadze-5946,2020-09-07
Nadia Yarrow,Bellchamber Media,"Senior Manager, Engineering",https://www.linkedin.com/in/nadia-yarrow-1629,2018-07-29
Matteo Egerton-Nakashima,Xanthe Labs,Staff Engineer,https://www.linkedin.com/in/matteo-egerton-nakashima-4085,2020-07-14
Ingrid Balogun,Yardley Print,VP Enterprise Architecture,https://www.linkedin.com/in/ingrid-balogun-8008,2019-03-10
Hana Jarrold-Fairweather,Tannerly Design,Platform Lead,https://www.linkedin.com/in/hana-jarrold-fairweather-4104,2020-02-28
Bo Vandermolen,Fairbourne Fitness,Program Manager,https://www.linkedin.com/in/bo-vandermolen-5283,2019-01-04
Imani Thackeray,Fairbourne Fitness,Principal Architect,https://www.linkedin.com/in/imani-thackeray-1066,2017-01-28
Hugo Kirkbride,Xanthe Labs,Product Director,https://www.linkedin.com/in/hugo-kirkbride-3850,2020-11-08
Silas Sandoval-Ingleby,Fairbourne Fitness,Product Director,https://www.linkedin.com/in/silas-sandoval-ingleby-6878,2016-12-21
Marcus Okonkwo,Quintrell Advisory,Program Manager,https://www.linkedin.com/in/marcus-okonkwo-3371,2024-02-11
Owen Cardoso,Dunmowe Travel,Chief Data Officer,https://www.linkedin.com/in/owen-cardoso-5728,2017-10-15
Sabine Merriweather,Fairbourne Fitness,Chief Data Officer,https://www.linkedin.com/in/sabine-merriweather-6513,2019-10-30
Astrid Marchetti,Corbridge Realty,Product Director,https://www.linkedin.com/in/astrid-marchetti-3676,2020-02-23
Coretta Grimsby-Jarrold,Zenner Foods,Platform Lead,https://www.linkedin.com/in/coretta-grimsby-jarrold-2770,2020-02-03
Ilse Eastcott,Garrowby Books,Chief Information Officer,https://www.linkedin.com/in/ilse-eastcott-7653,2024-12-30
Bertrand Cardoso,Yarrowdale Media,Director of IT,https://www.linkedin.com/in/bertrand-cardoso-4637,2024-10-15
Solveig Isenberg,Ambrose Trading,"Senior Manager, Engineering",https://www.linkedin.com/in/solveig-isenberg-8608,2022-08-05
Solveig Bellinger,Tannerly Design,Director of IT,https://www.linkedin.com/in/solveig-bellinger-9285,2016-05-28
Kwame Yarrow,Yardley Print,Director of IT,https://www.linkedin.com/in/kwame-yarrow-4446,2018-04-21
Coretta Crowther,Rooksby Legal,Chief Technology Officer,https://www.linkedin.com/in/coretta-crowther-6196,2017-10-28
Matteo Nakashima-Wolstenholme,Zenner Foods,Product Director,https://www.linkedin.com/in/matteo-nakashima-wolstenholme-1644,2019-02-15
Bram Balogun,Ambrose Trading,"Senior Manager, Engineering",https://www.linkedin.com/in/bram-balogun-1113,2024-07-10
Tilda Cardoso,Ambrose Trading,Head of Innovation,https://www.linkedin.com/in/tilda-cardoso-5976,2018-02-03
Kian Jarrold-Egerton,Inglenook Bakery,Product Director,https://www.linkedin.com/in/kian-jarrold-egerton-2398,2024-04-23
Ingrid Hartigan-Crowther,Ambrose Trading,Head of Automation,https://www.linkedin.com/in/ingrid-hartigan-crowther-5149,2023-01-03
Bertrand Prendergast-Zubkov,Dunmowe Travel,Head of Automation,https://www.linkedin.com/in/bertrand-prendergast-zubkov-1007,2021-07-16
Espen Oldfield,Elmsworth Tutors,"Senior Manager, Engineering",https://www.linkedin.com/in/espen-oldfield-2183,2017-11-28
Casper Crowther-Ingleby,Quintrell Advisory,Program Manager,https://www.linkedin.com/in/casper-crowther-ingleby-8791,2023-10-13
Espen Yarrow-Jarrold,Inglenook Bakery,Director of IT,https://www.linkedin.com/in/espen-yarrow-jarrold-5525,2022-10-12
Callum Mkhize-Fairweather,Yardley Print,Head of Automation,https://www.linkedin.com/in/callum-mkhize-fairweather-4348,2025-06-21
Rhys Drummond,Corbridge Realty,Chief Operating Officer,https://www.linkedin.com/in/rhys-drummond-3468,2025-01-25
Priya Drummond-Grimsby,Pale Harbour Studio,Program Manager,https://www.linkedin.com/in/priya-drummond-grimsby-7381,2025-01-02
Tomás Havercamp-Glückstein,Rooksby Legal,Head of Platform Engineering,https://www.linkedin.com/in/tomas-havercamp-gluckstein-3355,2015-12-28
Liesel Ingleby-Isenberg,Ondermark Consulting,Head of Platform Engineering,https://www.linkedin.com/in/liesel-ingleby-isenberg-7113,2020-07-12
Ansel Balogun,Underwood & Vale,Chief Digital Officer,https://www.linkedin.com/in/ansel-balogun-8521,2021-01-14
Marcus Bellinger,Fairbourne Fitness,Head of Innovation,https://www.linkedin.com/in/marcus-bellinger-9605,2022-03-25
Nadia Oldfield,Garrowby Books,Director of IT,https://www.linkedin.com/in/nadia-oldfield-7450,2016-04-27
Callum Zubkov,Highmoor Cycles,Director of IT,,2022-10-27
Ravi Rushworth-Dobrescu,Tannerly Design,Engineering Manager,https://www.linkedin.com/in/ravi-rushworth-dobrescu-5493,2025-04-24
Coretta Zubkov,Xanthe Labs,"Senior Manager, Engineering",https://www.linkedin.com/in/coretta-zubkov-2203,2016-10-09
Silas Cathcart-Bellinger,Quintrell Advisory,Chief Operating Officer,https://www.linkedin.com/in/silas-cathcart-bellinger-3048,2021-07-05
Dev Vasquez,Tannerly Design,Head of Automation,https://www.linkedin.com/in/dev-vasquez-8084,2025-06-04
Tomás Lindqvist,Vespermill Analytics,Staff Engineer,,2023-05-16
Marisol Havercamp,Ambrose Trading,VP Enterprise Architecture,https://www.linkedin.com/in/marisol-havercamp-3729,2016-08-12
Tilda Wolstenholme,Dunmowe Travel,Head of Automation,https://www.linkedin.com/in/tilda-wolstenholme-1365,2017-11-04
Ravi Bellinger,Tannerly Design,Platform Lead,https://www.linkedin.com/in/ravi-bellinger-8142,2020-08-24
Astrid Oyelaran,Fairbourne Fitness,VP Enterprise Architecture,https://www.linkedin.com/in/astrid-oyelaran-6988,2020-08-11
Otto Fontaine,Yardley Print,Director of IT,,2022-02-26
Sabine Vandermolen-Ibarra,Rooksby Legal,Director of Software Engineering,https://www.linkedin.com/in/sabine-vandermolen-ibarra-5770,2022-03-29
Espen Underhill,Elmsworth Tutors,Staff Engineer,https://www.linkedin.com/in/espen-underhill-7135,2019-02-22
Sloane Ingleby,Quintrell Advisory,Staff Engineer,https://www.linkedin.com/in/sloane-ingleby-7971,2015-09-23
Tilda Underhill,Yardley Print,Chief Technology Officer,https://www.linkedin.com/in/tilda-underhill-7259,2025-07-19
Xiomara Fairweather-Sandoval,Inglenook Bakery,Product Director,https://www.linkedin.com/in/xiomara-fairweather-sandoval-5428,2015-12-12
Kwame Dellinger-Oyelaran,Fairbourne Fitness,Head of Platform Engineering,,2021-06-14
Sabine Cathcart,Tannerly Design,Head of Automation,https://www.linkedin.com/in/sabine-cathcart-9773,2024-12-13
Yusuf Crowther,Fairbourne Fitness,Staff Engineer,https://www.linkedin.com/in/yusuf-crowther-7989,2020-11-19
Ilse Kettleborough,Dunmowe Travel,Head of Platform Engineering,https://www.linkedin.com/in/ilse-kettleborough-6144,2019-12-06
Arjun Kirkbride,Corbridge Realty,Head of Automation,https://www.linkedin.com/in/arjun-kirkbride-4100,2020-06-11
Niall Jarrold,Rooksby Legal,Platform Lead,https://www.linkedin.com/in/niall-jarrold-9329,2018-12-01
Yusuf Oyelaran,Pale Harbour Studio,Chief Technology Officer,https://www.linkedin.com/in/yusuf-oyelaran-8347,2016-04-07
Callum Zettergren-Vandermolen,Fairbourne Fitness,Head of Platform Engineering,https://www.linkedin.com/in/callum-zettergren-vandermolen-1014,2018-05-19
Fenella Yarrow-Højgaard,Fairbourne Fitness,Head of Automation,https://www.linkedin.com/in/fenella-yarrow-hojgaard-7111,2017-10-20
Otto Egerton-Lindqvist,Rooksby Legal,Head of Innovation,https://www.linkedin.com/in/otto-egerton-lindqvist-9089,2019-08-19
Sabine Marchetti-Cathcart,Highmoor Cycles,Program Manager,https://www.linkedin.com/in/sabine-marchetti-cathcart-9058,2022-06-20
Solveig Lomsadze,Dunmowe Travel,Head of Innovation,https://www.linkedin.com/in/solveig-lomsadze-9590,2021-07-26
Marisol Wolstenholme,Dunmowe Travel,Platform Lead,https://www.linkedin.com/in/marisol-wolstenholme-7035,2023-08-20
Gideon Vasquez,Pale Harbour Studio,"Senior Manager, Engineering",https://www.linkedin.com/in/gideon-vasquez-8423,2017-03-30
Liesel Oldfield-Ashdown,Underwood & Vale,Head of Developer Productivity,https://www.linkedin.com/in/liesel-oldfield-ashdown-6291,2023-07-29
Devin Oldfield,Yardley Print,Staff Engineer,https://www.linkedin.com/in/devin-oldfield-4737,2022-03-25
Freya Marchetti,Pale Harbour Studio,Director of IT,https://www.linkedin.com/in/freya-marchetti-2683,2022-03-12
Rosalind Cardoso,Vespermill Analytics,"Senior Manager, Engineering",https://www.linkedin.com/in/rosalind-cardoso-3919,2024-07-16
Hugo Okonkwo-Achterberg,Rooksby Legal,Head of Developer Productivity,https://www.linkedin.com/in/hugo-okonkwo-achterberg-3459,2025-02-01
Noor Lindqvist,Inglenook Bakery,Engineering Manager,https://www.linkedin.com/in/noor-lindqvist-1692,2015-10-19
Nadia Lomsadze-Cardoso,Ondermark Consulting,Program Manager,https://www.linkedin.com/in/nadia-lomsadze-cardoso-8201,2018-03-17
Sloane Rushworth,Inglenook Bakery,Product Director,https://www.linkedin.com/in/sloane-rushworth-6920,2024-03-15
Curtis Egerton-Norrington,Quintrell Advisory,Engineering Manager,https://www.linkedin.com/in/curtis-egerton-norrington-4186,2021-08-21
Margot Havercamp,Priorwood Chemicals,Director of Software Engineering,https://www.linkedin.com/in/margot-havercamp-5963,2015-01-12
Noor Oldfield,Rooksby Legal,"Senior Manager, Engineering",,2015-11-26
Mei Cathcart,Inglenook Bakery,SVP Digital,https://www.linkedin.com/in/mei-cathcart-1450,2024-04-18
Dev Thackeray,Pale Harbour Studio,VP Enterprise Architecture,https://www.linkedin.com/in/dev-thackeray-2420,2017-10-18
Sunniva Fontaine,Fairbourne Fitness,Principal Architect,https://www.linkedin.com/in/sunniva-fontaine-7302,2017-03-01
Tilda Nakashima,Garrowby Books,Director of IT,https://www.linkedin.com/in/tilda-nakashima-3364,2017-02-15
Fenella Zubkov,Zenner Foods,Program Manager,https://www.linkedin.com/in/fenella-zubkov-9148,2019-11-04
Tomás Prendergast,Underwood & Vale,"Senior Manager, Engineering",https://www.linkedin.com/in/tomas-prendergast-4926,2023-04-11
Renata Kirkbride-Cardoso,Garrowby Books,Principal Architect,https://www.linkedin.com/in/renata-kirkbride-cardoso-7246,2020-01-09
Rosalind Dobrescu-Vasquez,Whitlock Staffing,Director of IT,https://www.linkedin.com/in/rosalind-dobrescu-vasquez-5361,2022-01-18
Zaid Dellinger,Highmoor Cycles,"Senior Manager, Engineering",https://www.linkedin.com/in/zaid-dellinger-4004,2016-07-07
·Joaquín Kettleborough-Mkhize,Highmoor Cycles,Head of Automation,https://www.linkedin.com/in/joaquin-kettleborough-mkhize-1596,2018-03-16
Rhys Zubkov,Rooksby Legal,Product Director,https://www.linkedin.com/in/rhys-zubkov-3101,2023-02-06
Imani Glückstein,Elmsworth Tutors,Product Director,https://www.linkedin.com/in/imani-gluckstein-6698,2015-11-23
Otto Isenberg-Kirkbride,Garrowby Books,Head of Platform Engineering,https://www.linkedin.com/in/otto-isenberg-kirkbride-1461,2017-04-21
Marcus Prendergast,Ambrose Trading,VP Engineering,https://www.linkedin.com/in/marcus-prendergast-6983,2024-09-08
Xiomara Højgaard-Ashdown,Underwood & Vale,Head of Innovation,https://www.linkedin.com/in/xiomara-hojgaard-ashdown-1481,2018-07-23
Arjun Cardoso-Nakashima,Underwood & Vale,Head of Automation,https://www.linkedin.com/in/arjun-cardoso-nakashima-6544,2023-12-30
Lucia Dellinger,Fairbourne Fitness,Head of Innovation,https://www.linkedin.com/in/lucia-dellinger-3305,2023-09-23
Tanvi Rushworth,Inglenook Bakery,Program Manager,https://www.linkedin.com/in/tanvi-rushworth-7612,2021-06-10
Fenella Crowther,Zenner Foods,"Senior Manager, Engineering",https://www.linkedin.com/in/fenella-crowther-3598,2019-08-07
Freya Lomsadze-Ingleby,Zenner Foods,Product Director,https://www.linkedin.com/in/freya-lomsadze-ingleby-6334,2022-03-03
Rhys Okonkwo-Højgaard,Ondermark Consulting,Head of Developer Productivity,https://www.linkedin.com/in/rhys-okonkwo-hojgaard-6952,2018-03-10
Kian Quillane,Dunmowe Travel,Head of Automation,,2017-02-10
Casper Wexford,Zenner Foods,Product Director,https://www.linkedin.com/in/casper-wexford-9082,2021-03-31
Leandro Ashdown,Yardley Print,Engineering Manager,https://www.linkedin.com/in/leandro-ashdown-9905,2021-10-08
Saoirse Havercamp-Merriweather,Rooksby Legal,VP Enterprise Architecture,https://www.linkedin.com/in/saoirse-havercamp-merriweather-7538,2022-06-16
Odette Egerton,Ambrose Trading,SVP Digital,https://www.linkedin.com/in/odette-egerton-2559,2019-01-24
Greta Yarrow,Fairbourne Fitness,Chief Operating Officer,https://www.linkedin.com/in/greta-yarrow-5660,2018-01-04
Zaid Vasquez-Marchetti,Corbridge Realty,VP Enterprise Architecture,https://www.linkedin.com/in/zaid-vasquez-marchetti-5991,2019-09-19
Sloane Kirkbride,Ambrose Trading,Staff Engineer,https://www.linkedin.com/in/sloane-kirkbride-6799,2020-08-21
Dev Cardoso,Ambrose Trading,Platform Lead,https://www.linkedin.com/in/dev-cardoso-3905,2023-02-21
Silas Yarrow-Marchetti,Rooksby Legal,Program Manager,https://www.linkedin.com/in/silas-yarrow-marchetti-8229,2017-02-11
Renata Prendergast,Quintrell Advisory,VP Engineering,https://www.linkedin.com/in/renata-prendergast-8109,2022-09-22
Marcus Cathcart,Dunmowe Travel,Principal Architect,https://www.linkedin.com/in/marcus-cathcart-6901,2022-09-04
Priya Glückstein,Dunmowe Travel,Product Director,https://www.linkedin.com/in/priya-gluckstein-2611,2019-07-23
Lucia Ingleby,Dunmowe Travel,Program Manager,https://www.linkedin.com/in/lucia-ingleby-6944,2020-08-31
Rafael Crowther-Wolstenholme,Vespermill Analytics,Product Director,https://www.linkedin.com/in/rafael-crowther-wolstenholme-3866,2017-05-20
Niall Zubkov-Isenberg,Corbridge Realty,SVP Digital,https://www.linkedin.com/in/niall-zubkov-isenberg-2552,2024-12-09
Gideon Norrington-Balogun,Ambrose Trading,Head of Automation,https://www.linkedin.com/in/gideon-norrington-balogun-8706,2017-08-12
Ansel Egerton-Wexford,Highmoor Cycles,Staff Engineer,https://www.linkedin.com/in/ansel-egerton-wexford-8242,2023-09-16
Rosalind Eastcott-Halloran,Pale Harbour Studio,Principal Architect,https://www.linkedin.com/in/rosalind-eastcott-halloran-7515,2021-03-21
Coretta Ashdown,Underwood & Vale,Director of IT,https://www.linkedin.com/in/coretta-ashdown-1900,2020-01-26
Dev Falkenrath,Underwood & Vale,Chief Operating Officer,https://www.linkedin.com/in/dev-falkenrath-1916,2016-01-07
Kofi Wexford-Brenneman,Tannerly Design,Product Director,https://www.linkedin.com/in/kofi-wexford-brenneman-3691,2022-03-10
Yara Havercamp,Garrowby Books,Head of Innovation,https://www.linkedin.com/in/yara-havercamp-2675,2018-03-27
Tanvi Drummond-Zubkov,Vespermill Analytics,Program Manager,https://www.linkedin.com/in/tanvi-drummond-zubkov-5707,2018-07-07
Marisol Underhill-Ibarra,Vespermill Analytics,Product Director,https://www.linkedin.com/in/marisol-underhill-ibarra-4278,2017-05-18
Dana Lomsadze,Ondermark Consulting,Head of Developer Productivity,https://www.linkedin.com/in/dana-lomsadze-6404,2022-04-24
Gideon Sandoval,Underwood & Vale,Principal Architect,https://www.linkedin.com/in/gideon-sandoval-1725,2022-05-09
Leandro Okonkwo,Bellchamber Media,Head of Automation,,2017-02-20
Bertrand Wexford,Tannerly Design,Platform Lead,https://www.linkedin.com/in/bertrand-wexford-9363,2015-11-23
Perrine Dellinger-Zubkov,Underwood & Vale,Chief Information Officer,https://www.linkedin.com/in/perrine-dellinger-zubkov-6866,2022-11-07
Idris Balogun-Norrington,Rooksby Legal,Principal Architect,https://www.linkedin.com/in/idris-balogun-norrington-5223,2019-10-17
Ilse Crowther,Corbridge Realty,Director of IT,https://www.linkedin.com/in/ilse-crowther-6639,2018-10-28
Hugo Halloran-Balogun,Quintrell Advisory,Head of Automation,,2018-11-16
Coretta Ibarra,Bellchamber Media,Product Director,https://www.linkedin.com/in/coretta-ibarra-6869,2016-02-14
Sloane Glückstein-Balogun,Whitlock Staffing,Head of Automation,https://www.linkedin.com/in/sloane-gluckstein-balogun-1493,2019-07-01
Mei Fontaine,Underwood & Vale,Director of IT,https://www.linkedin.com/in/mei-fontaine-7515,2020-02-06
Otto Grimsby,Elmsworth Tutors,Principal Architect,https://www.linkedin.com/in/otto-grimsby-7842,2021-04-12
Saoirse Underhill,Pale Harbour Studio,Staff Engineer,https://www.linkedin.com/in/saoirse-underhill-5144,2022-03-31
Freya Achterberg,Vespermill Analytics,Engineering Manager,https://www.linkedin.com/in/freya-achterberg-1936,2018-12-19
Rhys Glückstein,Underwood & Vale,Head of Innovation,https://www.linkedin.com/in/rhys-gluckstein-2641,2022-03-09
Saoirse Thackeray,Elmsworth Tutors,Principal Architect,https://www.linkedin.com/in/saoirse-thackeray-5482,2025-01-07
Bram Yarrow-Marchetti,Vespermill Analytics,Chief Technology Officer,https://www.linkedin.com/in/bram-yarrow-marchetti-9317,2024-10-19
Marcus Salcedo,Harrowgate Health,Director of Software Engineering,https://www.linkedin.com/in/marcus-salcedo-1696,2026-03-16
·Joaquín Jarrold,Dunmowe Travel,Program Manager,https://www.linkedin.com/in/joaquin-jarrold-2711,2019-01-06
Sloane Vasquez,Elmsworth Tutors,Product Director,https://www.linkedin.com/in/sloane-vasquez-2007,2020-07-12
Hana Hartigan,Bellchamber Media,Program Manager,https://www.linkedin.com/in/hana-hartigan-8120,2023-10-02
Margot Dellinger-Egerton,Yardley Print,Staff Engineer,https://www.linkedin.com/in/margot-dellinger-egerton-1987,2022-02-22
Amara Merriweather,Inglenook Bakery,Engineering Manager,https://www.linkedin.com/in/amara-merriweather-1081,2019-02-11
Liesel Okonkwo,Bellchamber Media,Head of Platform Engineering,https://www.linkedin.com/in/liesel-okonkwo-4154,2017-11-03
Amara Havercamp,Corbridge Realty,Chief Operating Officer,https://www.linkedin.com/in/amara-havercamp-3289,2018-11-08
Zaid Egerton,Yardley Print,Chief Information Officer,https://www.linkedin.com/in/zaid-egerton-3404,2024-05-12
Callum Halloran-Yarrow,Ondermark Consulting,Engineering Manager,https://www.linkedin.com/in/callum-halloran-yarrow-3288,2018-02-15
Lucia Okonkwo-Cardoso,Ambrose Trading,SVP Digital,https://www.linkedin.com/in/lucia-okonkwo-cardoso-2595,2017-02-21
Margot Dobrescu,Pale Harbour Studio,Chief Information Officer,https://www.linkedin.com/in/margot-dobrescu-8114,2025-03-27
Silas Oyelaran,Whitlock Staffing,Principal Architect,https://www.linkedin.com/in/silas-oyelaran-5801,2024-02-10
Dev Isenberg-Thackeray,Vespermill Analytics,Chief Data Officer,https://www.linkedin.com/in/dev-isenberg-thackeray-3647,2020-05-20
·Joaquín Hartigan-Salcedo,Vespermill Analytics,Product Director,https://www.linkedin.com/in/joaquin-hartigan-salcedo-3904,2023-03-21
Freya Vandermolen,Inglenook Bakery,Chief Data Officer,https://www.linkedin.com/in/freya-vandermolen-6470,2019-12-08
Otto Petrossian,Zenner Foods,"Senior Manager, Engineering",https://www.linkedin.com/in/otto-petrossian-1703,2019-03-07
Priya Kirkbride,Inglenook Bakery,Engineering Manager,https://www.linkedin.com/in/priya-kirkbride-5581,2025-04-27
Solveig Falkenrath-Zubkov,Inglenook Bakery,Product Director,https://www.linkedin.com/in/solveig-falkenrath-zubkov-7764,2017-02-10
Camille Halloran,Elmsworth Tutors,VP Data & Analytics,https://www.linkedin.com/in/camille-halloran-3669,2024-04-03
Sunniva Thackeray,Inglenook Bakery,VP Engineering,https://www.linkedin.com/in/sunniva-thackeray-6625,2021-08-29
Hugo Salcedo-Dellinger,Yardley Print,Head of Automation,https://www.linkedin.com/in/hugo-salcedo-dellinger-8361,2021-07-18
Ingrid Dellinger-Thackeray,Whitlock Staffing,Head of Innovation,https://www.linkedin.com/in/ingrid-dellinger-thackeray-2658,2019-10-02
·Joaquín Norrington-Thackeray,Inglenook Bakery,Chief Data Officer,https://www.linkedin.com/in/joaquin-norrington-thackeray-2235,2023-08-28
Teodor Cathcart-Rushworth,Tannerly Design,Program Manager,,2021-07-26
Espen Højgaard,Garrowby Books,Product Director,https://www.linkedin.com/in/espen-hojgaard-1426,2019-07-31
Bo Ibarra,Tannerly Design,Chief Technology Officer,https://www.linkedin.com/in/bo-ibarra-5559,2023-09-23
·Joaquín Lindqvist-Dobrescu,Corbridge Realty,Staff Engineer,https://www.linkedin.com/in/joaquin-lindqvist-dobrescu-6289,2016-10-19
Duarte Lindqvist,Fairbourne Fitness,Platform Lead,https://www.linkedin.com/in/duarte-lindqvist-1853,2021-08-01
Casper Jarrold,Elmsworth Tutors,Product Director,https://www.linkedin.com/in/casper-jarrold-4305,2020-07-22
Marisol Cathcart,Ondermark Consulting,Head of Innovation,https://www.linkedin.com/in/marisol-cathcart-9633,2024-10-21
Astrid Wexford,Bellchamber Media,Product Director,https://www.linkedin.com/in/astrid-wexford-4435,2021-03-21
Silas Norrington,Bellchamber Media,Head of Innovation,https://www.linkedin.com/in/silas-norrington-8071,2020-06-27
Gideon Halloran,Tannerly Design,Program Manager,https://www.linkedin.com/in/gideon-halloran-8198,2024-02-16
Bram Crowther-Marchetti,Vespermill Analytics,"Senior Manager, Engineering",https://www.linkedin.com/in/bram-crowther-marchetti-2670,2022-12-21
Yara Crowther,Rooksby Legal,Staff Engineer,https://www.linkedin.com/in/yara-crowther-2955,2025-07-12
Espen Oyelaran-Achterberg,Fairbourne Fitness,Head of Automation,https://www.linkedin.com/in/espen-oyelaran-achterberg-1550,2022-09-16
Rafael Merriweather-Eastcott,Rooksby Legal,Program Manager,https://www.linkedin.com/in/rafael-merriweather-eastcott-7278,2017-10-12
Xiomara Zettergren-Jarrold,Fairbourne Fitness,Engineering Manager,https://www.linkedin.com/in/xiomara-zettergren-jarrold-2641,2019-08-26
Matteo Ingleby,Garrowby Books,Director of IT,,2023-02-23
Niall Marchetti,Zenner Foods,Head of Platform Engineering,https://www.linkedin.com/in/niall-marchetti-8430,2018-12-30
Nadia Marchetti,Fairbourne Fitness,Program Manager,https://www.linkedin.com/in/nadia-marchetti-5196,2025-05-12
Rosalind Drummond-Ingleby,Highmoor Cycles,Platform Lead,https://www.linkedin.com/in/rosalind-drummond-ingleby-6298,2022-07-28
Zaid Prendergast-Bellinger,Ondermark Consulting,Chief Operating Officer,https://www.linkedin.com/in/zaid-prendergast-bellinger-4896,2022-06-18
Kian Brenneman,Bellchamber Media,Director of IT,https://www.linkedin.com/in/kian-brenneman-1557,2019-09-12
Teodor Underhill-Egerton,Rooksby Legal,Director of IT,https://www.linkedin.com/in/teodor-underhill-egerton-1866,2022-01-31
Kian Ferreira,Highmoor Cycles,Engineering Manager,https://www.linkedin.com/in/kian-ferreira-4370,2016-10-28
Nadia Fairweather-Quillane,Whitlock Staffing,Head of Platform Engineering,https://www.linkedin.com/in/nadia-fairweather-quillane-2570,2016-02-28
Malik Grimsby-Cathcart,Zenner Foods,"Senior Manager, Engineering",https://www.linkedin.com/in/malik-grimsby-cathcart-8603,2017-12-02
Imani Petrossian-Yarrow,Dunmowe Travel,Chief Digital Officer,https://www.linkedin.com/in/imani-petrossian-yarrow-1268,2019-03-09
Dev Nakashima,Dunmowe Travel,"Senior Manager, Engineering",https://www.linkedin.com/in/dev-nakashima-8969,2024-02-04
Fenella Wolstenholme-Wexford,Dunmowe Travel,Engineering Manager,https://www.linkedin.com/in/fenella-wolstenholme-wexford-6170,2017-09-10
Wren Achterberg,Whitlock Staffing,Staff Engineer,https://www.linkedin.com/in/wren-achterberg-6506,2016-06-06
Anouk Dobrescu,Bellchamber Media,Engineering Manager,https://www.linkedin.com/in/anouk-dobrescu-2301,2023-10-17
Sloane Vandermolen,Tannerly Design,Program Manager,https://www.linkedin.com/in/sloane-vandermolen-4152,2019-01-19
Malik Egerton,Bexley Bioworks,Chief Digital Officer,https://www.linkedin.com/in/malik-egerton-7432,2019-09-28
Elena Glückstein,Bellchamber Media,Principal Architect,https://www.linkedin.com/in/elena-gluckstein-5979,2023-12-16
Dev Zettergren-Kettleborough,Corbridge Realty,SVP Digital,https://www.linkedin.com/in/dev-zettergren-kettleborough-9069,2020-04-27
Fenella Højgaard-Balogun,Fairbourne Fitness,VP Engineering,https://www.linkedin.com/in/fenella-hojgaard-balogun-1254,2023-12-30
Mei Højgaard,Ambrose Trading,VP Data & Analytics,https://www.linkedin.com/in/mei-hojgaard-6605,2019-02-12
Arjun Rushworth,Elmsworth Tutors,Program Manager,https://www.linkedin.com/in/arjun-rushworth-9346,2021-08-08
Noor Vandermolen,Quintrell Advisory,SVP Digital,https://www.linkedin.com/in/noor-vandermolen-4739,2018-09-19
Elena Zubkov-Mkhize,Inglenook Bakery,"Senior Manager, Engineering",https://www.linkedin.com/in/elena-zubkov-mkhize-6564,2024-08-02
Bo Nakashima,Highmoor Cycles,Head of Innovation,https://www.linkedin.com/in/bo-nakashima-3714,2021-01-06
Rafael Fairweather,Garrowby Books,Head of Innovation,https://www.linkedin.com/in/rafael-fairweather-8944,2025-04-15
Rafael Cardoso,Bellchamber Media,Director of IT,https://www.linkedin.com/in/rafael-cardoso-8321,2021-08-06
Tilda Rushworth-Fontaine,Rooksby Legal,Chief Digital Officer,,2020-03-24
Owen Quillane,Vespermill Analytics,Product Director,https://www.linkedin.com/in/owen-quillane-7753,2020-03-09
Arjun Achterberg-Zubkov,Ondermark Consulting,Engineering Manager,https://www.linkedin.com/in/arjun-achterberg-zubkov-9204,2023-11-28
Fenella Norrington,Elmsworth Tutors,Product Director,https://www.linkedin.com/in/fenella-norrington-3934,2016-03-22
Rosalind Bellinger-Drummond,Vespermill Analytics,Staff Engineer,https://www.linkedin.com/in/rosalind-bellinger-drummond-3050,2018-06-29
Elena Fairweather,Corbridge Realty,Head of Automation,,2017-08-12
Arjun Ferreira,Quintrell Advisory,VP Engineering,https://www.linkedin.com/in/arjun-ferreira-5238,2021-07-23
Astrid Achterberg,Inglenook Bakery,Chief Digital Officer,https://www.linkedin.com/in/astrid-achterberg-6789,2017-04-22
Rafael Kirkbride,Vespermill Analytics,Chief Technology Officer,,2022-01-22
Mei Petrossian,Vespermill Analytics,"Senior Manager, Engineering",https://www.linkedin.com/in/mei-petrossian-1223,2016-01-05
Kwame Salcedo,Fairbourne Fitness,Director of IT,https://www.linkedin.com/in/kwame-salcedo-4598,2025-03-29
Marcus Mkhize-Quillane,Highmoor Cycles,"Senior Manager, Engineering",https://www.linkedin.com/in/marcus-mkhize-quillane-1884,2023-05-13
Dev Merriweather,Ambrose Trading,Chief Technology Officer,https://www.linkedin.com/in/dev-merriweather-3825,2024-02-07
Margot Jarrold-Egerton,Fairbourne Fitness,Chief Information Officer,https://www.linkedin.com/in/margot-jarrold-egerton-6655,2022-05-15
Sunniva Drummond,Corbridge Realty,Director of Software Engineering,https://www.linkedin.com/in/sunniva-drummond-6598,2017-11-15
Tanvi Norrington,Xanthe Labs,Director of IT,https://www.linkedin.com/in/tanvi-norrington-9620,2023-12-19
Ravi Højgaard,Ambrose Trading,Principal Architect,https://www.linkedin.com/in/ravi-hojgaard-2878,2017-07-10
Marisol Glückstein,Fairbourne Fitness,Principal Architect,https://www.linkedin.com/in/marisol-gluckstein-6472,2023-06-28
Curtis Lindqvist-Rushworth,Underwood & Vale,Head of Automation,https://www.linkedin.com/in/curtis-lindqvist-rushworth-9365,2023-08-20
Curtis Salcedo-Thackeray,Xanthe Labs,Principal Architect,https://www.linkedin.com/in/curtis-salcedo-thackeray-6395,2022-10-10
Camille Yarrow-Cardoso,Highmoor Cycles,Head of Automation,https://www.linkedin.com/in/camille-yarrow-cardoso-3090,2024-12-04
Ingrid Falkenrath,Rooksby Legal,Director of Software Engineering,https://www.linkedin.com/in/ingrid-falkenrath-1338,2021-04-21
Mei Nakashima,Corbridge Realty,Chief Information Officer,https://www.linkedin.com/in/mei-nakashima-2109,2023-10-05
Renata Crowther-Fontaine,Rooksby Legal,Product Director,https://www.linkedin.com/in/renata-crowther-fontaine-3781,2022-01-04
Kian Cardoso,Elmsworth Tutors,Chief Digital Officer,https://www.linkedin.com/in/kian-cardoso-5518,2023-07-19
Arjun Petrossian,Yardley Print,Head of Innovation,https://www.linkedin.com/in/arjun-petrossian-1669,2016-11-05
Otto Jarrold,Quintrell Advisory,Head of Innovation,https://www.linkedin.com/in/otto-jarrold-5924,2019-07-11
Margot Oyelaran,Whitlock Staffing,Engineering Manager,https://www.linkedin.com/in/margot-oyelaran-7688,2019-03-30
Nadia Zubkov,Garrowby Books,Product Director,https://www.linkedin.com/in/nadia-zubkov-2894,2025-02-16
Callum Havercamp,Vespermill Analytics,Director of Software Engineering,https://www.linkedin.com/in/callum-havercamp-4889,2021-09-23
Kofi Zubkov,Corbridge Realty,Platform Lead,,2017-07-29
Callum Sandoval,Whitlock Staffing,Chief Information Officer,https://www.linkedin.com/in/callum-sandoval-3561,2017-01-25
Tomás Rushworth,Rooksby Legal,Staff Engineer,,2019-05-08
Lucia Ferreira-Crowther,Quintrell Advisory,Director of Software Engineering,https://www.linkedin.com/in/lucia-ferreira-crowther-2286,2024-05-05
Otto Rushworth-Crowther,Ambrose Trading,Head of Automation,https://www.linkedin.com/in/otto-rushworth-crowther-2992,2021-12-14
Bertrand Bellinger,Dunmowe Travel,Head of Automation,https://www.linkedin.com/in/bertrand-bellinger-3876,2016-04-11
Noor Oyelaran,Fairbourne Fitness,Staff Engineer,https://www.linkedin.com/in/noor-oyelaran-7274,2018-02-10
Ingrid Cathcart,Fairbourne Fitness,Principal Architect,https://www.linkedin.com/in/ingrid-cathcart-7423,2024-10-11
Matteo Ferreira,Dunmowe Travel,Platform Lead,https://www.linkedin.com/in/matteo-ferreira-6234,2022-10-15
Tilda Rushworth-Prendergast,Inglenook Bakery,Director of Software Engineering,https://www.linkedin.com/in/tilda-rushworth-prendergast-7655,2016-03-07
Xiomara Mkhize-Drummond,Rooksby Legal,Chief Digital Officer,https://www.linkedin.com/in/xiomara-mkhize-drummond-5206,2018-11-03
Espen Brenneman-Wolstenholme,Elmsworth Tutors,Director of Software Engineering,https://www.linkedin.com/in/espen-brenneman-wolstenholme-5589,2017-09-26
Yara Balogun,Underwood & Vale,Head of Innovation,https://www.linkedin.com/in/yara-balogun-9978,2022-07-22
Perrine Brenneman,Corbridge Realty,Chief Data Officer,https://www.linkedin.com/in/perrine-brenneman-6173,2019-06-19
Kwame Ferreira,Zenner Foods,Head of Automation,https://www.linkedin.com/in/kwame-ferreira-4406,2024-06-14
Espen Crowther-Mkhize,Highmoor Cycles,"Senior Manager, Engineering",https://www.linkedin.com/in/espen-crowther-mkhize-9827,2017-01-20
Casper Wolstenholme,Inglenook Bakery,Principal Architect,https://www.linkedin.com/in/casper-wolstenholme-3173,2017-02-13
·Joaquín Ashdown-Hartigan,Rooksby Legal,Director of Software Engineering,https://www.linkedin.com/in/joaquin-ashdown-hartigan-2794,2020-09-11
Dana Mkhize-Ingleby,Ondermark Consulting,Engineering Manager,https://www.linkedin.com/in/dana-mkhize-ingleby-2005,2023-08-24
Idris Marchetti,Pale Harbour Studio,Product Director,https://www.linkedin.com/in/idris-marchetti-5360,2023-03-31
Tanvi Wolstenholme,Bellchamber Media,SVP Digital,https://www.linkedin.com/in/tanvi-wolstenholme-1208,2024-08-20
·Joaquín Sandoval,Yardley Print,Staff Engineer,https://www.linkedin.com/in/joaquin-sandoval-9880,2017-11-16
Imani Hartigan-Lindqvist,Pale Harbour Studio,Chief Data Officer,https://www.linkedin.com/in/imani-hartigan-lindqvist-7547,2020-04-25
Sunniva Eastcott,Highmoor Cycles,Director of IT,https://www.linkedin.com/in/sunniva-eastcott-6773,2024-09-08
·Joaquín Kettleborough-Grimsby,Yardley Print,Head of Innovation,https://www.linkedin.com/in/joaquin-kettleborough-grimsby-8305,2025-02-02
Kwame Balogun-Dellinger,Highmoor Cycles,Head of Innovation,https://www.linkedin.com/in/kwame-balogun-dellinger-8632,2016-11-14
Tomás Lomsadze,Zenner Foods,Head of Automation,https://www.linkedin.com/in/tomas-lomsadze-4288,2016-08-04
Hugo Ferreira-Eastcott,Elmsworth Tutors,Engineering Manager,https://www.linkedin.com/in/hugo-ferreira-eastcott-2765,2022-10-14
Otto Fontaine-Halloran,Yardley Print,VP Engineering,https://www.linkedin.com/in/otto-fontaine-halloran-6788,2015-12-05
Dev Jarrold,Dunmowe Travel,VP Engineering,https://www.linkedin.com/in/dev-jarrold-8234,2016-10-29
Priya Højgaard,Quintrell Advisory,Engineering Manager,https://www.linkedin.com/in/priya-hojgaard-3995,2017-04-12
Camille Yarrow-Norrington,Rooksby Legal,Head of Automation,https://www.linkedin.com/in/camille-yarrow-norrington-8659,2022-03-04
Renata Yarrow,Rooksby Legal,Head of Automation,https://www.linkedin.com/in/renata-yarrow-6529,2022-12-29
·Joaquín Kirkbride,Bellchamber Media,Product Director,https://www.linkedin.com/in/joaquin-kirkbride-3828,2018-09-19
Astrid Kettleborough,Pale Harbour Studio,Staff Engineer,https://www.linkedin.com/in/astrid-kettleborough-1712,2018-05-03
Dev Vandermolen,Yardley Print,Head of Automation,https://www.linkedin.com/in/dev-vandermolen-7781,2019-06-07
Tilda Lomsadze,Pale Harbour Studio,Staff Engineer,https://www.linkedin.com/in/tilda-lomsadze-2774,2016-08-02
Kofi Falkenrath-Glückstein,Underwood & Vale,Head of Innovation,https://www.linkedin.com/in/kofi-falkenrath-gluckstein-5857,2020-05-13
Kofi Glückstein,Whitlock Staffing,Platform Lead,https://www.linkedin.com/in/kofi-gluckstein-2745,2019-09-01
Bertrand Mkhize-Lomsadze,Bellchamber Media,"Senior Manager, Engineering",https://www.linkedin.com/in/bertrand-mkhize-lomsadze-2177,2019-03-05
Tanvi Halloran-Ingleby,Ambrose Trading,Director of IT,https://www.linkedin.com/in/tanvi-halloran-ingleby-9891,2021-03-06
Gideon Achterberg-Zubkov,Dunmowe Travel,Program Manager,https://www.linkedin.com/in/gideon-achterberg-zubkov-1889,2023-11-01
Renata Thackeray-Wolstenholme,Inglenook Bakery,"Senior Manager, Engineering",https://www.linkedin.com/in/renata-thackeray-wolstenholme-1428,2017-07-23
Camille Dobrescu-Wexford,Tannerly Design,Staff Engineer,https://www.linkedin.com/in/camille-dobrescu-wexford-9943,2023-07-21
Margot Kirkbride,Rooksby Legal,Head of Automation,https://www.linkedin.com/in/margot-kirkbride-8823,2024-03-20
Odette Ibarra,Ambrose Trading,Head of Automation,https://www.linkedin.com/in/odette-ibarra-1403,2019-12-16
Priya Isenberg-Prendergast,Garrowby Books,Platform Lead,https://www.linkedin.com/in/priya-isenberg-prendergast-2504,2023-08-31
