name,company,title,profile_url,connected_on
Ravi Nakashima,Quintrell Advisory,Staff Engineer,https://www.linkedin.com/in/ravi-nakashima-4210,2021-06-07
Duarte Glückstein,Pale Harbour Studio,Product Director,https://www.linkedin.com/in/duarte-gluckstein-1450,2020-07-08
Casper Kettleborough,Whitlock Staffing,"Senior Manager, Engineering",https://www.linkedin.com/in/casper-kettleborough-3363,2019-06-08
Solveig Falkenrath,Highmoor Cycles,Engineering Manager,https://www.linkedin.com/in/solveig-falkenrath-7276,2016-10-26
Solveig Ibarra,Pale Harbour Studio,Head of Automation,https://www.linkedin.com/in/solveig-ibarra-6768,2023-02-25
Leandro Eastcott,Inglenook Bakery,Chief Information Officer,https://www.linkedin.com/in/leandro-eastcott-5616,2020-06-05
Niall Yarrow,Inglenook Bakery,Program Manager,https://www.linkedin.com/in/niall-yarrow-2819,2022-07-04
Tanvi Ashdown,Quintrell Advisory,Staff Engineer,https://www.linkedin.com/in/tanvi-ashdown-2463,2019-05-14
Fenella Achterberg,Ambrose Trading,Staff Engineer,https://www.linkedin.com/in/fenella-achterberg-7642,2024-02-22
Niall Petrossian,Tannerly Design,Principal Architect,https://www.linkedin.com/in/niall-petrossian-3116,2016-02-26
Duarte Jarrold,Quintrell Advisory,Chief Operating Officer,https://www.linkedin.com/in/duarte-jarrold-1809,2024-04-02
Kwame Zettergren,Yardley Print,Engineering Manager,https://www.linkedin.com/in/kwame-zettergren-7705,2020-05-29
Arjun Ibarra,Rooksby Legal,VP Enterprise Architecture,https://www.linkedin.com/in/arjun-ibarra-1492,2024-12-22
Liesel Oyelaran,Underwood & Vale,SVP Digital,https://www.linkedin.com/in/liesel-oyelaran-2103,2017-10-16
Desmond Wexford,Underwood & Vale,Chief Technology Officer,,2018-02-22
Ansel Okonkwo,Yardley Print,Staff Engineer,https://www.linkedin.com/in/ansel-okonkwo-7953,2024-06-09
Otto Yarrow,Corbridge Realty,Head of Automation,https://www.linkedin.com/in/otto-yarrow-5340,2022-11-11
Duarte Ashdown,Bellchamber Media,Head of Automation,https://www.linkedin.com/in/duarte-ashdown-1263,2020-06-19
Amara Crowther,Whitlock Staffing,Head of Automation,https://www.linkedin.com/in/amara-crowther-9561,2024-08-24
Espen Achterberg,Ambrose Trading,Head of Automation,https://www.linkedin.com/in/espen-achterberg-6158,2022-03-10
Ingrid Ibarra,Inglenook Bakery,Platform Lead,https://www.linkedin.com/in/ingrid-ibarra-4431,2017-11-27
Rhys Merriweather,Whitlock Staffing,Chief Data Officer,https://www.linkedin.com/in/rhys-merriweather-5944,2024-11-10
Teodor Underhill,Corbridge Realty,Platform Lead,https://www.linkedin.com/in/teodor-underhill-1775,2025-05-24
Yusuf Falkenrath,Inglenook Bakery,Staff Engineer,https://www.linkedin.com/in/yusuf-falkenrath-8693,2023-04-12
Malik Merriweather,Bellchamber Media,Head of Innovation,https://www.linkedin.com/in/malik-merriweather-4948,2016-11-11
Zaid Falkenrath,Highmoor Cycles,Product Director,https://www.linkedin.com/in/zaid-falkenrath-9441,2016-07-02
Anouk Balogun,Elmsworth Tutors,Principal Architect,https://www.linkedin.com/in/anouk-balogun-7603,2021-04-21
Arjun Brenneman,Inglenook Bakery,Head of Automation,https://www.linkedin.com/in/arjun-brenneman-9359,2023-10-15
Elena Grimsby,Dunmowe Travel,Program Manager,https://www.linkedin.com/in/elena-grimsby-5738,2019-03-06
Freya Prendergast,Pale Harbour Studio,"Senior Manager, Engineering",https://www.linkedin.com/in/freya-prendergast-8856,2021-11-09
Teodor Crowther,Yardley Print,SVP Digital,https://www.linkedin.com/in/teodor-crowther-1283,2025-02-13
Matteo Vasquez,Ambrose Trading,Engineering Manager,https://www.linkedin.com/in/matteo-vasquez-5564,2018-05-04
Rosalind Højgaard,Whitlock Staffing,Platform Lead,https://www.linkedin.com/in/rosalind-hojgaard-8098,2021-03-12
Tanvi Drummond,Fairbourne Fitness,Staff Engineer,https://www.linkedin.com/in/tanvi-drummond-5140,2017-05-09
Renata Quillane,Zenner Foods,"Senior Manager, Engineering",https://www.linkedin.com/in/renata-quillane-1582,2021-09-01
Curtis Okonkwo,Yardley Print,Staff Engineer,https://www.linkedin.com/in/curtis-okonkwo-9832,2018-06-24
Freya Thackeray,Underwood & Vale,Head of Developer Productivity,https://www.linkedin.com/in/freya-thackeray-2245,2019-08-01
Niall Cardoso,Ambrose Trading,Principal Architect,https://www.linkedin.com/in/niall-cardoso-4594,2017-02-07
·Joaquín Dobrescu,Inglenook Bakery,Chief Digital Officer,https://www.linkedin.com/in/joaquin-dobrescu-5152,2020-06-07
Zaid Nakashima,Zenner Foods,VP Data & Analytics,https://www.linkedin.com/in/zaid-nakashima-9545,2023-01-06
Ingrid Petrossian,Ambrose Trading,Chief Data Officer,https://www.linkedin.com/in/ingrid-petrossian-7281,2024-06-15
Ansel Bellinger,Zenner Foods,Engineering Manager,https://www.linkedin.com/in/ansel-bellinger-8060,2023-04-10
Malik Hartigan,Corbridge Realty,Chief Digital Officer,https://www.linkedin.com/in/malik-hartigan-5878,2021-05-26
Desmond Cardoso,Meridian Peak Foods,Director of IT,https://www.linkedin.com/in/desmond-cardoso-1014,2022-03-01
Perrine Kirkbride,Bellchamber Media,Chief Information Officer,https://www.linkedin.com/in/perrine-kirkbride-6014,2023-02-12
Marcus Marchetti,Corbridge Realty,Staff Engineer,https://www.linkedin.com/in/marcus-marchetti-7314,2017-11-08
Priya Nakashima,Underwood & Vale,Head of Developer Productivity,https://www.linkedin.com/in/priya-nakashima-4076,2021-05-16
Rafael Havercamp,Ondermark Consulting,Head of Automation,https://www.linkedin.com/in/rafael-havercamp-6776,2017-08-05
Emeka Nakashima,Yardley Print,Engineering Manager,https://www.linkedin.com/in/emeka-nakashima-7846,2021-06-13
Wren Sandoval,Vespermill Analytics,VP Enterprise Architecture,https://www.linkedin.com/in/wren-sandoval-2470,2017-07-19
Bram Wolstenholme,Inglenook Bakery,Product Director,https://www.linkedin.com/in/bram-wolstenholme-7178,2024-05-03
Sloane Ashdown,Dunmowe Travel,Engineering Manager,https://www.linkedin.com/in/sloane-ashdown-4451,2019-04-03
Yusuf Mkhize,Highmoor Cycles,Platform Lead,https://www.linkedin.com/in/yusuf-mkhize-1123,2022-01-05
Yusuf Havercamp,Whitlock Staffing,Chief Digital Officer,https://www.linkedin.com/in/yusuf-havercamp-4933,2023-06-13
Dana Oyelaran,Whitlock Staffing,Head of Platform Engineering,https://www.linkedin.com/in/dana-oyelaran-8161,2021-03-04
Yara Egerton,Tannerly Design,Staff Engineer,https://www.linkedin.com/in/yara-egerton-6857,2017-05-09
Anouk Cathcart,Inglenook Bakery,Staff Engineer,https://www.linkedin.com/in/anouk-cathcart-1828,2020-05-15
Priya Kettleborough,Ambrose Trading,Staff Engineer,https://www.linkedin.com/in/priya-kettleborough-2139,2020-04-01
Ingrid Bellinger,Fairbourne Fitness,Head of Platform Engineering,https://www.linkedin.com/in/ingrid-bellinger-9678,2022-12-14
·Joaquín Ingleby,Yardley Print,Head of Innovation,https://www.linkedin.com/in/joaquin-ingleby-3087,2016-10-21
Dev Højgaard,Zenner Foods,Chief Data Officer,https://www.linkedin.com/in/dev-hojgaard-4491,2025-07-26
Curtis Jarrold,Ondermark Consulting,Engineering Manager,https://www.linkedin.com/in/curtis-jarrold-1863,2021-09-15
Marcus Oldfield,Corbridge Realty,Chief Digital Officer,https://www.linkedin.com/in/marcus-oldfield-8125,2018-07-28
Bram Vasquez,Corbridge Realty,Head of Developer Productivity,https://www.linkedin.com/in/bram-vasquez-1521,2019-04-23
Matteo Thackeray,Pale Harbour Studio,Head of Innovation,https://www.linkedin.com/in/matteo-thackeray-8809,2016-05-29
Duarte Yarrow,Tannerly Design,Engineering Manager,https://www.linkedin.com/in/duarte-yarrow-2726,2021-05-02
Owen Kirkbride,Yardley Print,Director of IT,https://www.linkedin.com/in/owen-kirkbride-2661,2017-08-07
Dev Petrossian,Whitlock Staffing,Product Director,https://www.linkedin.com/in/dev-petrossian-4759,2025-06-20
Bram Grimsby,Elmsworth Tutors,Principal Architect,https://www.linkedin.com/in/bram-grimsby-5378,2020-10-16
Kian Dobrescu,Xanthe Labs,Head of Developer Productivity,https://www.linkedin.com/in/kian-dobrescu-4115,2018-12-09
Sabine Kettleborough,Vespermill Analytics,Chief Operating Officer,https://www.linkedin.com/in/sabine-kettleborough-6246,2019-12-18
Owen Achterberg,Whitlock Staffing,Head of Platform Engineering,https://www.linkedin.com/in/owen-achterberg-1372,2023-11-14
Saoirse Brenneman,Ambrose Trading,Head of Innovation,https://www.linkedin.com/in/saoirse-brenneman-8392,2024-11-19
Hana Isenberg,Yardley Print,Engineering Manager,https://www.linkedin.com/in/hana-isenberg-3259,2016-07-24
Ravi Jarrold,Ambrose Trading,Engineering Manager,https://www.linkedin.com/in/ravi-jarrold-9675,2023-09-22
Rafael Achterberg,Quintrell Advisory,Director of IT,https://www.linkedin.com/in/rafael-achterberg-3398,2023-07-27
Curtis Cardoso,Zenner Foods,Head of Automation,https://www.linkedin.com/in/curtis-cardoso-7655,2016-09-17
Malik Ashdown,Rooksby Legal,Platform Lead,https://www.linkedin.com/in/malik-ashdown-8519,2018-01-26
Kofi Ibarra,Highmoor Cycles,VP Engineering,https://www.linkedin.com/in/kofi-ibarra-1734,2017-08-08
Idris Ashdown,Highmoor Cycles,Product Director,https://www.linkedin.com/in/idris-ashdown-8281,2020-03-21
Coretta Isenberg,Dunmowe Travel,Platform Lead,https://www.linkedin.com/in/coretta-isenberg-9962,2017-10-08
Owen Kettleborough,Highmoor Cycles,Head of Developer Productivity,https://www.linkedin.com/in/owen-kettleborough-6102,2024-01-14
Fenella Nakashima,Yardley Print,Principal Architect,https://www.linkedin.com/in/fenella-nakashima-5528,2023-12-08
Desmond Fairweather,Ambrose Trading,Chief Data Officer,https://www.linkedin.com/in/desmond-fairweather-2878,2016-03-19
Matteo Grimsby,Underwood & Vale,"Senior Manager, Engineering",,2023-02-10
Marcus Cardoso,Inglenook Bakery,Product Director,https://www.linkedin.com/in/marcus-cardoso-6028,2017-02-10
Tanvi Okonkwo,Underwood & Vale,Engineering Manager,https://www.linkedin.com/in/tanvi-okonkwo-2259,2024-03-30
Fenella Marchetti,Ambrose Trading,Program Manager,https://www.linkedin.com/in/fenella-marchetti-7399,2022-02-19
Anouk Vandermolen,Zenner Foods,Chief Technology Officer,https://www.linkedin.com/in/anouk-vandermolen-7833,2018-07-28
Noor Cathcart,Garrowby Books,VP Data & Analytics,https://www.linkedin.com/in/noor-cathcart-2855,2022-09-25
Kwame Cathcart,Zenner Foods,Principal Architect,https://www.linkedin.com/in/kwame-cathcart-2857,2017-01-28
Casper Vasquez,Underwood & Vale,Head of Innovation,https://www.linkedin.com/in/casper-vasquez-5976,2020-08-20
Anouk Yarrow,Xanthe Labs,Head of Automation,https://www.linkedin.com/in/anouk-yarrow-2335,2015-10-13
Rosalind Thackeray,Fairbourne Fitness,"Senior Manager, Engineering",https://www.linkedin.com/in/rosalind-thackeray-9469,2021-01-29
Desmond Norrington,Tannerly Design,Principal Architect,https://www.linkedin.com/in/desmond-norrington-9544,2017-03-28
Astrid Lindqvist,Dunmowe Travel,Head of Automation,https://www.linkedin.com/in/astrid-lindqvist-4307,2023-04-16
Gideon Dellinger,Tannerly Design,Engineering Manager,https://www.linkedin.com/in/gideon-dellinger-2075,2015-12-29
Marcus Drummond,Xanthe Labs,Director of IT,https://www.linkedin.com/in/marcus-drummond-9165,2021-02-22
Liesel Mkhize,Pale Harbour Studio,Director of IT,https://www.linkedin.com/in/liesel-mkhize-9958,2020-01-04
Kofi Norrington,Highmoor Cycles,"Senior Manager, Engineering",https://www.linkedin.com/in/kofi-norrington-8748,2016-09-28
Gideon Cardoso,Dunmowe Travel,Chief Operating Officer,https://www.linkedin.com/in/gideon-cardoso-5880,2019-03-13
Mei Fairweather,Dunmowe Travel,Head of Developer Productivity,https://www.linkedin.com/in/mei-fairweather-1407,2020-01-11
Xiomara Drummond,Elmsworth Tutors,Platform Lead,https://www.linkedin.com/in/xiomara-drummond-2578,2018-01-13
Saoirse Nakashima,Elmsworth Tutors,Chief Data Officer,https://www.linkedin.com/in/saoirse-nakashima-8995,2016-02-24
Ilse Glückstein,Xanthe Labs,Program Manager,https://www.linkedin.com/in/ilse-gluckstein-4604,2020-05-22
Kwame Isenberg,Dunmowe Travel,Director of IT,https://www.linkedin.com/in/kwame-isenberg-4633,2017-07-13
Curtis Dellinger,Fairbourne Fitness,Head of Innovation,https://www.linkedin.com/in/curtis-dellinger-7489,2020-07-03
Yara Glückstein,Ambrose Trading,Chief Data Officer,https://www.linkedin.com/in/yara-gluckstein-7972,2021-12-03
Noor Quillane,Dunmowe Travel,VP Engineering,https://www.linkedin.com/in/noor-quillane-1485,2018-12-03
Callum Thackeray,Bellchamber Media,Chief Data Officer,https://www.linkedin.com/in/callum-thackeray-4061,2025-03-26
Teodor Mkhize,Highmoor Cycles,Director of Software Engineering,https://www.linkedin.com/in/teodor-mkhize-3765,2021-09-15
Rhys Vandermolen,Xanthe Labs,Chief Technology Officer,https://www.linkedin.com/in/rhys-vandermolen-1027,2016-08-09
Espen Mkhize,Dunmowe Travel,Director of IT,https://www.linkedin.com/in/espen-mkhize-4413,2017-09-07
Imani Vandermolen,Tannerly Design,Staff Engineer,https://www.linkedin.com/in/imani-vandermolen-8456,2021-11-26
·Joaquín Balogun,Bellchamber Media,Chief Digital Officer,https://www.linkedin.com/in/joaquin-balogun-5584,2024-03-28
Gideon Ferreira,Ondermark Consulting,"Senior Manager, Engineering",https://www.linkedin.com/in/gideon-ferreira-2603,2020-02-20
Emeka Fairweather,Dunmowe Travel,Head of Innovation,https://www.linkedin.com/in/emeka-fairweather-2432,2025-01-28
Tilda Balogun,Rooksby Legal,VP Enterprise Architecture,https://www.linkedin.com/in/tilda-balogun-5027,2023-05-29
Espen Marchetti,Inglenook Bakery,"Senior Manager, Engineering",https://www.linkedin.com/in/espen-marchetti-8178,2022-10-12
Callum Crowther,Corbridge Realty,Engineering Manager,https://www.linkedin.com/in/callum-crowther-4782,2023-07-24
Sabine Prendergast,Garrowby Books,Platform Lead,https://www.linkedin.com/in/sabine-prendergast-5970,2025-05-03
Margot Egerton,Yardley Print,Engineering Manager,https://www.linkedin.com/in/margot-egerton-1599,2022-12-28
Hugo Lindqvist,Zenner Foods,"Senior Manager, Engineering",https://www.linkedin.com/in/hugo-lindqvist-8221,2025-01-25
Perrine Zettergren,Pale Harbour Studio,Program Manager,https://www.linkedin.com/in/perrine-zettergren-3163,2020-03-08
Teodor Egerton,Ondermark Consulting,Product Director,https://www.linkedin.com/in/teodor-egerton-1544,2020-11-17
Priya Yarrow,Ondermark Consulting,Head of Innovation,https://www.linkedin.com/in/priya-yarrow-3660,2020-02-19
Ansel Petrossian,Tannerly Design,Director of IT,https://www.linkedin.com/in/ansel-petrossian-9880,2022-05-15
Espen Dobrescu,Elmsworth Tutors,Principal Architect,https://www.linkedin.com/in/espen-dobrescu-1190,2016-12-26
Ravi Egerton,Xanthe Labs,Engineering Manager,https://www.linkedin.com/in/ravi-egerton-7451,2020-04-20
Niall Oyelaran,Pale Harbour Studio,Program Manager,https://www.linkedin.com/in/niall-oyelaran-2669,2022-05-11
Xiomara Ingleby,Whitlock Staffing,VP Data & Analytics,https://www.linkedin.com/in/xiomara-ingleby-9384,2024-12-06
Dev Bellinger,Inglenook Bakery,"Senior Manager, Engineering",https://www.linkedin.com/in/dev-bellinger-9896,2015-09-30
Silas Sandoval,Xanthe Labs,Director of IT,https://www.linkedin.com/in/silas-sandoval-1331,2021-01-30
Owen Zettergren,Fairbourne Fitness,Program Manager,https://www.linkedin.com/in/owen-zettergren-5507,2017-04-11
Bram Højgaard,Zenner Foods,VP Enterprise Architecture,,2021-07-20
Bo Drummond,Highmoor Cycles,Engineering Manager,https://www.linkedin.com/in/bo-drummond-5560,2016-10-10
Bo Falkenrath,Corbridge Realty,Head of Innovation,https://www.linkedin.com/in/bo-falkenrath-1284,2024-12-24
Otto Mkhize,Ondermark Consulting,SVP Digital,https://www.linkedin.com/in/otto-mkhize-2897,2017-04-06
Bram Bellinger,Inglenook Bakery,Chief Information Officer,https://www.linkedin.com/in/bram-bellinger-4978,2023-04-08
Greta Prendergast,Fairbourne Fitness,Product Director,https://www.linkedin.com/in/greta-prendergast-6166,2023-05-20
Freya Yarrow,Vespermill Analytics,Director of Software Engineering,https://www.linkedin.com/in/freya-yarrow-8152,2024-12-24
Leandro Salcedo,Dunmowe Travel,Program Manager,https://www.linkedin.com/in/leandro-salcedo-6594,2023-11-29
Saoirse Sandoval,Quintrell Advisory,Principal Architect,https://www.linkedin.com/in/saoirse-sandoval-6565,2017-12-10
Yusuf Kettleborough,Elmsworth Tutors,Staff Engineer,https://www.linkedin.com/in/yusuf-kettleborough-3033,2017-03-14
Casper Achterberg,Quintrell Advisory,Program Manager,https://www.linkedin.com/in/casper-achterberg-8269,2017-11-03
Kian Havercamp,Xanthe Labs,Principal Architect,https://www.linkedin.com/in/kian-havercamp-9273,2018-06-02
Rhys Cardoso,Elmsworth Tutors,Head of Innovation,https://www.linkedin.com/in/rhys-cardoso-1393,2024-04-26
Ravi Yarrow,Whitlock Staffing,Product Director,https://www.linkedin.com/in/ravi-yarrow-5520,2017-08-01
Fenella Petrossian,Fairbourne Fitness,Director of IT,https://www.linkedin.com/in/fenella-petrossian-7515,2018-08-25
Liesel Hartigan,Dunmowe Travel,Principal Architect,https://www.linkedin.com/in/liesel-hartigan-3366,2023-01-27
Tilda Grimsby,Xanthe Labs,Head of Innovation,https://www.linkedin.com/in/tilda-grimsby-6837,2018-10-26
Saoirse Crowther,Highmoor Cycles,Chief Data Officer,https://www.linkedin.com/in/saoirse-crowther-1183,2023-01-06
Tanvi Salcedo,Pale Harbour Studio,Head of Platform Engineering,https://www.linkedin.com/in/tanvi-salcedo-2555,2022-09-20
Leandro Dellinger,Elmsworth Tutors,Chief Data Officer,,2017-08-11
Gideon Drummond,Vespermill Analytics,Chief Data Officer,https://www.linkedin.com/in/gideon-drummond-9702,2016-02-03
Tomás Sandoval,Whitlock Staffing,Principal Architect,https://www.linkedin.com/in/tomas-sandoval-4559,2018-02-06
·Joaquín Zubkov,Inglenook Bakery,Chief Operating Officer,https://www.linkedin.com/in/joaquin-zubkov-9237,2019-06-30
Leandro Hartigan,Garrowby Books,Engineering Manager,https://www.linkedin.com/in/leandro-hartigan-3755,2024-09-08
Emeka Rushworth,Vespermill Analytics,Product Director,https://www.linkedin.com/in/emeka-rushworth-3247,2023-03-10
Liesel Glückstein,Dunmowe Travel,Product Director,https://www.linkedin.com/in/liesel-gluckstein-4330,2020-12-04
Bertrand Okonkwo,Pale Harbour Studio,Staff Engineer,https://www.linkedin.com/in/bertrand-okonkwo-7488,2021-12-23
Leandro Mkhize,Vespermill Analytics,Principal Architect,https://www.linkedin.com/in/leandro-mkhize-7440,2024-08-14
Tomás Vandermolen,Elmsworth Tutors,Product Director,https://www.linkedin.com/in/tomas-vandermolen-1559,2017-03-26
Tanvi Lomsadze,Elmsworth Tutors,SVP Digital,https://www.linkedin.com/in/tanvi-lomsadze-7609,2016-10-03
Solveig Achterberg,Underwood & Vale,Program Manager,https://www.linkedin.com/in/solveig-achterberg-2003,2021-02-17
Sloane Mkhize,Corbridge Realty,Head of Developer Productivity,https://www.linkedin.com/in/sloane-mkhize-1522,2019-02-06
Hana Fairweather,Zenner Foods,SVP Digital,https://www.linkedin.com/in/hana-fairweather-8759,2017-07-23
Rhys Petrossian,Ondermark Consulting,Product Director,,2016-03-22
Silas Crowther,Xanthe Labs,Staff Engineer,https://www.linkedin.com/in/silas-crowther-1354,2020-06-17
Ansel Wolstenholme,Underwood & Vale,Engineering Manager,https://www.linkedin.com/in/ansel-wolstenholme-2513,2021-10-09
Hugo Zettergren,Quintrell Advisory,Product Director,https://www.linkedin.com/in/hugo-zettergren-3989,2025-03-04
Bertrand Oyelaran,Dunmowe Travel,Director of IT,https://www.linkedin.com/in/bertrand-oyelaran-9588,2021-09-01
Silas Zettergren,Elmsworth Tutors,Principal Architect,https://www.linkedin.com/in/silas-zettergren-6858,2017-11-09
Tanvi Vandermolen,Tannerly Design,"Senior Manager, Engineering",https://www.linkedin.com/in/tanvi-vandermolen-5462,2021-09-18
Solveig Brenneman,Yardley Print,"Senior Manager, Engineering",https://www.linkedin.com/in/solveig-brenneman-6579,2018-10-05
Kofi Lindqvist,Elmsworth Tutors,VP Data & Analytics,https://www.linkedin.com/in/kofi-lindqvist-2809,2019-06-06
Bertrand Grimsby,Inglenook Bakery,Director of IT,https://www.linkedin.com/in/bertrand-grimsby-9922,2017-03-11
Desmond Zubkov,Garrowby Books,Staff Engineer,https://www.linkedin.com/in/desmond-zubkov-8454,2019-02-24
Matteo Rushworth,Underwood & Vale,Head of Platform Engineering,https://www.linkedin.com/in/matteo-rushworth-1284,2023-07-16
Lucia Hartigan,Xanthe Labs,VP Engineering,https://www.linkedin.com/in/lucia-hartigan-5021,2023-12-29
Otto Cathcart,Bellchamber Media,Chief Data Officer,https://www.linkedin.com/in/otto-cathcart-7975,2018-12-30
Coretta Wolstenholme,Ambrose Trading,Head of Automation,,2022-07-08
Liesel Achterberg,Yardley Print,Engineering Manager,https://www.linkedin.com/in/liesel-achterberg-8884,2019-06-21
Ravi Underhill,Quintrell Advisory,Chief Data Officer,https://www.linkedin.com/in/ravi-underhill-5940,2017-05-26
Bertrand Fairweather,Vespermill Analytics,Staff Engineer,https://www.linkedin.com/in/bertrand-fairweather-5951,2017-09-18
Ilse Okonkwo,Vespermill Analytics,SVP Digital,https://www.linkedin.com/in/ilse-okonkwo-1005,2020-12-18
Gideon Quillane,Dunmowe Travel,Head of Automation,https://www.linkedin.com/in/gideon-quillane-8306,2022-03-26
Duarte Kirkbride,Zenner Foods,Staff Engineer,https://www.linkedin.com/in/duarte-kirkbride-5644,2021-08-02
Idris Havercamp,Dunmowe Travel,Head of Automation,https://www.linkedin.com/in/idris-havercamp-5601,2023-12-02
Owen Glückstein,Yardley Print,Program Manager,https://www.linkedin.com/in/owen-gluckstein-1119,2024-04-11
Desmond Yarrow,Ondermark Consulting,Product Director,https://www.linkedin.com/in/desmond-yarrow-3294,2019-09-02
Dana Dobrescu,Rooksby Legal,"Senior Manager, Engineering",https://www.linkedin.com/in/dana-dobrescu-6136,2018-03-10
Rosalind Oldfield,Fairbourne Fitness,Head of Innovation,https://www.linkedin.com/in/rosalind-oldfield-4023,2024-10-22
Espen Isenberg,Ambrose Trading,Principal Architect,https://www.linkedin.com/in/espen-isenberg-7802,2019-08-12
Duarte Okonkwo,Corbridge Realty,Head of Platform Engineering,https://www.linkedin.com/in/duarte-okonkwo-1432,2019-09-06
Perrine Grimsby,Fairbourne Fitness,Program Manager,https://www.linkedin.com/in/perrine-grimsby-4214,2024-12-10
Fenella Lomsadze,Underwood & Vale,"Senior Manager, Engineering",https://www.linkedin.com/in/fenella-lomsadze-8403,2020-09-27
Dana Ibarra,Zenner Foods,Head of Automation,https://www.linkedin.com/in/dana-ibarra-6032,2023-07-16
Elena Vasquez,Tannerly Design,Head of Developer Productivity,https://www.linkedin.com/in/elena-vasquez-4501,2016-12-13
Xiomara Sandoval,Pale Harbour Studio,Product Director,https://www.linkedin.com/in/xiomara-sandoval-9161,2017-01-09
Sabine Kirkbride,Corbridge Realty,Principal Architect,https://www.linkedin.com/in/sabine-kirkbride-2447,2024-05-19
Yusuf Højgaard,Corbridge Realty,Director of IT,https://www.linkedin.com/in/yusuf-hojgaard-5497,2016-10-31
Matteo Yarrow,Corbridge Realty,Principal Architect,https://www.linkedin.com/in/matteo-yarrow-5323,2023-08-05
Lucia Havercamp,Quintrell Advisory,Head of Automation,https://www.linkedin.com/in/lucia-havercamp-7470,2023-05-01
Devin Cardoso,Elmsworth Tutors,SVP Digital,https://www.linkedin.com/in/devin-cardoso-8803,2017-10-30
Margot Ashdown,Inglenook Bakery,Product Director,https://www.linkedin.com/in/margot-ashdown-7500,2020-03-22
Silas Salcedo,Highmoor Cycles,Chief Data Officer,https://www.linkedin.com/in/silas-salcedo-3568,2018-02-27
Priya Achterberg,Xanthe Labs,VP Data & Analytics,https://www.linkedin.com/in/priya-achterberg-4328,2019-05-18
Duarte Fairweather,Inglenook Bakery,Principal Architect,https://www.linkedin.com/in/duarte-fairweather-8821,2022-02-10
Renata Egerton,Highmoor Cycles,Staff Engineer,https://www.linkedin.com/in/renata-egerton-8473,2024-08-28
Ansel Ferreira,Yardley Print,Chief Digital Officer,https://www.linkedin.com/in/ansel-ferreira-5987,2023-07-04
Nadia Glückstein,Whitlock Staffing,Platform Lead,,2022-09-17
Tomás Mkhize,Whitlock Staffing,Product Director,https://www.linkedin.com/in/tomas-mkhize-5153,2019-02-28
Coretta Thackeray,Underwood & Vale,Head of Innovation,https://www.linkedin.com/in/coretta-thackeray-2566,2015-12-10
Priya Salcedo,Pale Harbour Studio,"Senior Manager, Engineering",https://www.linkedin.com/in/priya-salcedo-8392,2024-05-06
Teodor Grimsby,Underwood & Vale,Product Director,https://www.linkedin.com/in/teodor-grimsby-4302,2025-05-14
Devin Balogun,Elmsworth Tutors,VP Data & Analytics,https://www.linkedin.com/in/devin-balogun-7656,2017-02-01
Marisol Wexford,Dunmowe Travel,Director of IT,https://www.linkedin.com/in/marisol-wexford-1927,2025-01-03
Yara Achterberg,Corbridge Realty,Engineering Manager,https://www.linkedin.com/in/yara-achterberg-6958,2016-03-23
Silas Isenberg,Xanthe Labs,SVP Digital,https://www.linkedin.com/in/silas-isenberg-5632,2017-10-25
Emeka Cathcart,Dunmowe Travel,Program Manager,https://www.linkedin.com/in/emeka-cathcart-9689,2024-01-26
Astrid Kirkbride,Underwood & Vale,Platform Lead,https://www.linkedin.com/in/astrid-kirkbride-3152,2018-11-24
·Joaquín Okonkwo,Tannerly Design,SVP Digital,https://www.linkedin.com/in/joaquin-okonkwo-5648,2019-06-07
Devin Isenberg,Ambrose Trading,SVP Digital,https://www.linkedin.com/in/devin-isenberg-3555,2019-07-10
Matteo Achterberg,Tannerly Design,Engineering Manager,https://www.linkedin.com/in/matteo-achterberg-2379,2024-06-01
Hana Yarrow,Zenner Foods,Program Manager,https://www.linkedin.com/in/hana-yarrow-9994,2023-10-05
Idris Wexford,Ambrose Trading,Staff Engineer,https://www.linkedin.com/in/idris-wexford-2074,2022-04-07
Kian Wexford,Bellchamber Media,Director of IT,https://www.linkedin.com/in/kian-wexford-2865,2015-11-24
·Joaquín Havercamp,Garrowby Books,Platform Lead,https://www.linkedin.com/in/joaquin-havercamp-6556,2024-12-31
Leandro Prendergast,Yardley Print,Engineering Manager,https://www.linkedin.com/in/leandro-prendergast-5758,2023-10-23
Hugo Balogun,Ondermark Consulting,Head of Innovation,https://www.linkedin.com/in/hugo-balogun-9738,2024-12-26
Dana Nakashima,Pale Harbour Studio,Principal Architect,https://www.linkedin.com/in/dana-nakashima-1859,2022-07-04
Ravi Fontaine,Fairbourne Fitness,Director of IT,https://www.linkedin.com/in/ravi-fontaine-7410,2020-05-24
Mei Yarrow,Tannerly Design,Director of IT,https://www.linkedin.com/in/mei-yarrow-1931,2021-07-31
Desmond Prendergast,Rooksby Legal,"Senior Manager, Engineering",,2023-12-11
Greta Højgaard,Ambrose Trading,Principal Architect,https://www.linkedin.com/in/greta-hojgaard-8774,2019-04-16
Camille Wexford,Corbridge Realty,Director of IT,https://www.linkedin.com/in/camille-wexford-6742,2025-02-11
Dev Halloran,Elmsworth Tutors,Director of IT,https://www.linkedin.com/in/dev-halloran-5803,2022-01-02
Teodor Marchetti,Xanthe Labs,Chief Digital Officer,https://www.linkedin.com/in/teodor-marchetti-8263,2016-05-04
Amara Lomsadze,Whitlock Staffing,Head of Automation,https://www.linkedin.com/in/amara-lomsadze-1612,2021-11-28
Camille Quillane,Whitlock Staffing,Program Manager,https://www.linkedin.com/in/camille-quillane-9566,2016-01-14
Zaid Dobrescu,Tannerly Design,Program Manager,https://www.linkedin.com/in/zaid-dobrescu-7018,2015-11-24
Leandro Højgaard,Yardley Print,Engineering Manager,https://www.linkedin.com/in/leandro-hojgaard-8198,2019-03-09
Devin Nakashima,Corbridge Realty,Head of Innovation,https://www.linkedin.com/in/devin-nakashima-1182,2023-04-06
Ansel Sandoval,Ambrose Trading,Head of Developer Productivity,https://www.linkedin.com/in/ansel-sandoval-8325,2022-11-17
Bo Petrossian,Rooksby Legal,Director of IT,,2022-12-11
Matteo Mkhize,Highmoor Cycles,Platform Lead,https://www.linkedin.com/in/matteo-mkhize-8197,2021-12-06
Perrine Rushworth,Dunmowe Travel,Staff Engineer,https://www.linkedin.com/in/perrine-rushworth-4324,2019-11-11
Emeka Lindqvist,Highmoor Cycles,Director of IT,https://www.linkedin.com/in/emeka-lindqvist-2073,2020-09-04
Ravi Balogun,Ambrose Trading,Principal Architect,https://www.linkedin.com/in/ravi-balogun-8007,2022-06-11
Silas Underhill,Corbridge Realty,Chief Technology Officer,https://www.linkedin.com/in/silas-underhill-6625,2023-01-10
Emeka Bellinger,Xanthe Labs,Chief Technology Officer,https://www.linkedin.com/in/emeka-bellinger-6287,2022-10-02
Bertrand Mkhize,Zenner Foods,"Senior Manager, Engineering",https://www.linkedin.com/in/bertrand-mkhize-3816,2025-01-05
Rafael Underhill,Fairbourne Fitness,Program Manager,https://www.linkedin.com/in/rafael-underhill-1405,2023-02-03
Hana Merriweather,Fairbourne Fitness,Product Director,https://www.linkedin.com/in/hana-merriweather-1635,2016-10-29
Rosalind Merriweather,Zenner Foods,VP Enterprise Architecture,https://www.linkedin.com/in/rosalind-merriweather-3622,2024-10-30
Nadia Wexford,Underwood & Vale,Principal Architect,https://www.linkedin.com/in/nadia-wexford-4779,2018-03-18
Perrine Nakashima,Vespermill Analytics,Platform Lead,https://www.linkedin.com/in/perrine-nakashima-2321,2023-09-01
Imani Hartigan,Vespermill Analytics,Chief Technology Officer,https://www.linkedin.com/in/imani-hartigan-9830,2021-05-31
Rhys Thackeray,Bellchamber Media,Program Manager,https://www.linkedin.com/in/rhys-thackeray-6349,2017-08-07
Marisol Zettergren,Underwood & Vale,Product Director,https://www.linkedin.com/in/marisol-zettergren-4475,2020-09-23
Rosalind Prendergast,Tannerly Design,"Senior Manager, Engineering",https://www.linkedin.com/in/rosalind-prendergast-5771,2025-02-02
Astrid Nakashima,Zenner Foods,Head of Developer Productivity,https://www.linkedin.com/in/astrid-nakashima-8591,2022-10-13
Casper Thackeray,Elmsworth Tutors,Engineering Manager,https://www.linkedin.com/in/casper-thackeray-3795,2020-01-10
Tomás Isenberg,Rooksby Legal,Head of Innovation,https://www.linkedin.com/in/tomas-isenberg-2827,2020-07-06
Xiomara Dellinger,Underwood & Vale,Director of IT,https://www.linkedin.com/in/xiomara-dellinger-7812,2015-11-09
Ilse Oyelaran,Zenner Foods,Head of Platform Engineering,https://www.linkedin.com/in/ilse-oyelaran-9563,2020-11-03
Dev Havercamp,Ambrose Trading,Director of Software Engineering,,2022-12-06
Amara Thackeray,Harrowgate Health,Chief Operating Officer,https://www.linkedin.com/in/amara-thackeray-1011,2016-11-21
Tomás Okonkwo,Elmsworth Tutors,Director of Software Engineering,https://www.linkedin.com/in/tomas-okonkwo-7911,2021-03-14
Bo Vasquez,Corbridge Realty,Principal Architect,https://www.linkedin.com/in/bo-vasquez-1704,2016-02-24
Dana Halloran,Fairbourne Fitness,Engineering Manager,https://www.linkedin.com/in/dana-halloran-7294,2021-10-30
Callum Fairweather,Elmsworth Tutors,Platform Lead,https://www.linkedin.com/in/callum-fairweather-9929,2017-06-12
Mei Wexford,Dunmowe Travel,Engineering Manager,https://www.linkedin.com/in/mei-wexford-3523,2023-04-28
Curtis Kirkbride,Pale Harbour Studio,Platform Lead,https://www.linkedin.com/in/curtis-kirkbride-7910,2017-01-24
Wren Wolstenholme,Pale Harbour Studio,Head of Innovation,https://www.linkedin.com/in/wren-wolstenholme-4823,2018-04-18
Anouk Mkhize,Fairbourne Fitness,Director of IT,https://www.linkedin.com/in/anouk-mkhize-5165,2021-03-14
Priya Marchetti,Ondermark Consulting,Engineering Manager,https://www.linkedin.com/in/priya-marchetti-8873,2017-03-26
Solveig Zettergren,Zenner Foods,Head of Innovation,https://www.linkedin.com/in/solveig-zettergren-6172,2021-02-16
Curtis Vasquez,Zenner Foods,Head of Innovation,https://www.linkedin.com/in/curtis-vasquez-9941,2017-07-19
Elena Kettleborough,Rooksby Legal,Platform Lead,https://www.linkedin.com/in/elena-kettleborough-4241,2020-11-19
Ravi Crowther,Fairbourne Fitness,Director of IT,https://www.linkedin.com/in/ravi-crowther-1171,2015-11-04
Devin Prendergast,Corbridge Realty,Program Manager,https://www.linkedin.com/in/devin-prendergast-3526,2017-09-30
Marisol Eastcott,Tannerly Design,Engineering Manager,https://www.linkedin.com/in/marisol-eastcott-5970,2017-06-06
Ingrid Zettergren,Garrowby Books,Chief Data Officer,https://www.linkedin.com/in/ingrid-zettergren-8890,2018-09-29
·Joaquín Vandermolen,Ondermark Consulting,Staff Engineer,,2016-06-06
Sunniva Halloran,Vespermill Analytics,Head of Automation,https://www.linkedin.com/in/sunniva-halloran-2765,2016-05-16
Espen Zettergren,Falkirk Shipping,Head of Developer Productivity,https://www.linkedin.com/in/espen-zettergren-6184,2023-10-09
Rafael Fontaine,Ambrose Trading,VP Data & Analytics,https://www.linkedin.com/in/rafael-fontaine-2413,2018-06-30
Rafael Ibarra,Inglenook Bakery,Head of Automation,https://www.linkedin.com/in/rafael-ibarra-8017,2024-08-31
Liesel Yarrow,Ondermark Consulting,Product Director,https://www.linkedin.com/in/liesel-yarrow-6386,2024-06-23
Arjun Lomsadze,Inglenook Bakery,Chief Data Officer,https://www.linkedin.com/in/arjun-lomsadze-3702,2016-07-14
Odette Oldfield,Yardley Print,Head of Innovation,https://www.linkedin.com/in/odette-oldfield-6597,2019-12-30
Wren Dobrescu,Quintrell Advisory,VP Data & Analytics,https://www.linkedin.com/in/wren-dobrescu-5565,2021-03-10
Fenella Okonkwo,Whitlock Staffing,Director of IT,https://www.linkedin.com/in/fenella-okonkwo-2804,2019-08-03
Lucia Ibarra,Inglenook Bakery,Platform Lead,https://www.linkedin.com/in/lucia-ibarra-9421,2024-11-16
Rhys Rushworth,Rooksby Legal,Staff Engineer,https://www.linkedin.com/in/rhys-rushworth-4239,2020-01-23
Ilse Vasquez,Fairbourne Fitness,Director of IT,https://www.linkedin.com/in/ilse-vasquez-2550,2019-09-12
Owen Mkhize,Ondermark Consulting,"Senior Manager, Engineering",,2024-05-26
Kofi Hartigan,Rooksby Legal,Chief Technology Officer,https://www.linkedin.com/in/kofi-hartigan-1461,2020-10-05
Teodor Fairweather,Underwood & Vale,Director of IT,https://www.linkedin.com/in/teodor-fairweather-2446,2022-08-08
Fenella Thackeray,Pale Harbour Studio,Head of Innovation,https://www.linkedin.com/in/fenella-thackeray-7761,2024-03-10
Liesel Oldfield,Tannerly Design,Chief Digital Officer,https://www.linkedin.com/in/liesel-oldfield-1714,2024-03-05
Bertrand Dobrescu,Corbridge Realty,VP Enterprise Architecture,https://www.linkedin.com/in/bertrand-dobrescu-2322,2021-03-05
Hugo Vasquez,Inglenook Bakery,Director of IT,https://www.linkedin.com/in/hugo-vasquez-9608,2021-08-07
Fenella Isenberg,Garrowby Books,Head of Developer Productivity,https://www.linkedin.com/in/fenella-isenberg-1414,2023-06-21
Perrine Isenberg,Ambrose Trading,Product Director,https://www.linkedin.com/in/perrine-isenberg-3417,2018-06-18
Freya Fontaine,Ambrose Trading,Program Manager,https://www.linkedin.com/in/freya-fontaine-3581,2020-04-02
Imani Okonkwo,Whitlock Staffing,Head of Automation,https://www.linkedin.com/in/imani-okonkwo-2835,2016-08-20
Noor Norrington,Rooksby Legal,Head of Platform Engineering,https://www.linkedin.com/in/noor-norrington-9097,2023-05-04
Noor Sandoval,Zenner Foods,VP Enterprise Architecture,https://www.linkedin.com/in/noor-sandoval-1710,2015-12-16
Perrine Norrington,Pale Harbour Studio,VP Engineering,https://www.linkedin.com/in/perrine-norrington-1978,2025-03-05
Duarte Norrington,Vespermill Analytics,"Senior Manager, Engineering",https://www.linkedin.com/in/duarte-norrington-8092,2018-03-30
Odette Fairweather,Elmsworth Tutors,Principal Architect,https://www.linkedin.com/in/odette-fairweather-7925,2020-02-25
Idris Bellinger,Pale Harbour Studio,Program Manager,https://www.linkedin.com/in/idris-bellinger-1391,2016-04-15
Ravi Fairweather,Tannerly Design,Director of IT,https://www.linkedin.com/in/ravi-fairweather-3636,2019-11-02
Devin Kettleborough,Vespermill Analytics,"Senior Manager, Engineering",,2016-10-22
Fenella Ashdown,Highmoor Cycles,"Senior Manager, Engineering",https://www.linkedin.com/in/fenella-ashdown-3097,2017-01-26
Marisol Underhill,Elmsworth Tutors,Staff Engineer,https://www.linkedin.com/in/marisol-underhill-2135,2017-08-30
Matteo Underhill,Zenner Foods,Head of Innovation,https://www.linkedin.com/in/matteo-underhill-5432,2017-02-02
Anouk Crowther,Dunmowe Travel,"Senior Manager, Engineering",https://www.linkedin.com/in/anouk-crowther-1246,2020-02-26
Amara Ingleby,Whitlock Staffing,Chief Technology Officer,https://www.linkedin.com/in/amara-ingleby-6896,2018-02-24
Sabine Wolstenholme,Bellchamber Media,"Senior Manager, Engineering",https://www.linkedin.com/in/sabine-wolstenholme-8305,2021-11-03
Idris Jarrold,Vespermill Analytics,Chief Operating Officer,https://www.linkedin.com/in/idris-jarrold-1580,2018-04-11
Tilda Halloran,Elmsworth Tutors,Head of Platform Engineering,https://www.linkedin.com/in/tilda-halloran-5548,2025-02-23
Devin Eastcott,Quintrell Advisory,"Senior Manager, Engineering",https://www.linkedin.com/in/devin-eastcott-2592,2023-11-05
Margot Ibarra,Tannerly Design,Platform Lead,https://www.linkedin.com/in/margot-ibarra-4407,2023-08-13
Noor Dellinger,Vespermill Analytics,Chief Digital Officer,https://www.linkedin.com/in/noor-dellinger-5701,2021-04-09
Yusuf Cardoso,Yardley Print,VP Data & Analytics,https://www.linkedin.com/in/yusuf-cardoso-5599,2019-03-09
Wren Kettleborough,Xanthe Labs,Head of Platform Engineering,https://www.linkedin.com/in/wren-kettleborough-4062,2018-07-25
Owen Isenberg,Dunmowe Travel,Chief Data Officer,https://www.linkedin.com/in/owen-isenberg-9062,2023-08-02
Fenella Fontaine,Underwood & Vale,Principal Architect,https://www.linkedin.com/in/fenella-fontaine-6675,2016-08-15
Malik Yarrow,Tannerly Design,Program Manager,,2016-05-20
Camille Vasquez,Elmsworth Tutors,Engineering Manager,https://www.linkedin.com/in/camille-vasquez-4201,2018-01-12
Camille Zubkov,Elmsworth Tutors,Head of Automation,https://www.linkedin.com/in/camille-zubkov-8078,2015-11-14
Dana Brenneman,Xanthe Labs,VP Engineering,https://www.linkedin.com/in/dana-brenneman-9253,2019-08-27
Elena Dobrescu,Fairbourne Fitness,Head of Developer Productivity,https://www.linkedin.com/in/elena-dobrescu-6682,2018-03-27
Freya Salcedo,Highmoor Cycles,Staff Engineer,https://www.linkedin.com/in/freya-salcedo-3026,2018-02-17
Zaid Salcedo,Yardley Print,Director of IT,https://www.linkedin.com/in/zaid-salcedo-3827,2022-09-05
Gideon Jarrold,Quintrell Advisory,Director of IT,https://www.linkedin.com/in/gideon-jarrold-1736,2025-04-16
Dana Vandermolen,Pale Harbour Studio,Director of Software Engineering,https://www.linkedin.com/in/dana-vandermolen-8770,2016-09-05
Casper Brenneman,Vespermill Analytics,"Senior Manager, Engineering",https://www.linkedin.com/in/casper-brenneman-8501,2024-08-05
Devin Fontaine,Inglenook Bakery,Staff Engineer,https://www.linkedin.com/in/devin-fontaine-9957,2019-03-27
Rafael Quillane,Elmsworth Tutors,Head of Platform Engineering,https://www.linkedin.com/in/rafael-quillane-9116,2016-05-13
Tomás Ashdown,Ondermark Consulting,Engineering Manager,https://www.linkedin.com/in/tomas-ashdown-9454,2022-02-18
Imani Højgaard,Fairbourne Fitness,Chief Technology Officer,https://www.linkedin.com/in/imani-hojgaard-8404,2016-06-13
Otto Egerton,Inglenook Bakery,Chief Operating Officer,https://www.linkedin.com/in/otto-egerton-7654,2019-09-30
Ingrid Glückstein,Xanthe Labs,Staff Engineer,https://www.linkedin.com/in/ingrid-gluckstein-5204,2022-07-25
Devin Jarrold,Whitlock Staffing,"Senior Manager, Engineering",https://www.linkedin.com/in/devin-jarrold-3853,2019-11-14
Margot Vandermolen,Corbridge Realty,Chief Information Officer,https://www.linkedin.com/in/margot-vandermolen-4747,2020-10-10
Yara Merriweather,Inglenook Bakery,Engineering Manager,https://www.linkedin.com/in/yara-merriweather-7148,2019-07-28
Espen Crowther,Quintrell Advisory,Head of Innovation,https://www.linkedin.com/in/espen-crowther-4210,2019-05-16
Solveig Kettleborough,Underwood & Vale,Head of Automation,https://www.linkedin.com/in/solveig-kettleborough-5224,2021-08-24
Sunniva Zettergren,Tannerly Design,Staff Engineer,https://www.linkedin.com/in/sunniva-zettergren-2889,2024-09-06
Mei Sandoval,Underwood & Vale,Staff Engineer,https://www.linkedin.com/in/mei-sandoval-8266,2016-04-28
Sabine Højgaard,Quintrell Advisory,Chief Data Officer,https://www.linkedin.com/in/sabine-hojgaard-3893,2019-04-11
Sloane Prendergast,Underwood & Vale,Chief Data Officer,https://www.linkedin.com/in/sloane-prendergast-4298,2016-08-27
Ansel Wexford,Inglenook Bakery,Product Director,https://www.linkedin.com/in/ansel-wexford-7756,2016-08-13
Astrid Drummond,Corbridge Realty,Product Director,https://www.linkedin.com/in/astrid-drummond-4491,2023-06-17
Coretta Prendergast,Highmoor Cycles,"Senior Manager, Engineering",https://www.linkedin.com/in/coretta-prendergast-5940,2018-10-09
Amara Sandoval,Xanthe Labs,Head of Platform Engineering,https://www.linkedin.com/in/amara-sandoval-8255,2018-09-24
Zaid Balogun,Whitlock Staffing,Platform Lead,https://www.linkedin.com/in/zaid-balogun-5235,2019-08-18
Casper Højgaard,Ambrose Trading,Platform Lead,https://www.linkedin.com/in/casper-hojgaard-7898,2021-12-21
Teodor Jarrold,Corbridge Realty,Chief Digital Officer,https://www.linkedin.com/in/teodor-jarrold-1759,2018-12-06
Elena Achterberg,Xanthe Labs,Head of Innovation,https://www.linkedin.com/in/elena-achterberg-2427,2019-04-18
Yara Ibarra,Rooksby Legal,VP Engineering,https://www.linkedin.com/in/yara-ibarra-8855,2016-08-08
Margot Kettleborough,Inglenook Bakery,Principal Architect,https://www.linkedin.com/in/margot-kettleborough-1301,2022-10-31
Duarte Dellinger,Elmsworth Tutors,Director of IT,https://www.linkedin.com/in/duarte-dellinger-7384,2019-07-11
Greta Mkhize,Elmsworth Tutors,SVP Digital,https://www.linkedin.com/in/greta-mkhize-3666,2022-04-12
Priya Ibarra,Whitlock Staffing,VP Data & Analytics,https://www.linkedin.com/in/priya-ibarra-2199,2017-04-06
Otto Okonkwo,Quintrell Advisory,Director of IT,https://www.linkedin.com/in/otto-okonkwo-5676,2022-08-21
Xiomara Nakashima,Rooksby Legal,Director of IT,https://www.linkedin.com/in/xiomara-nakashima-4806,2016-02-01
Niall Havercamp,Pale Harbour Studio,Platform Lead,https://www.linkedin.com/in/niall-havercamp-4918,2022-11-30
Noor Halloran,Corbridge Realty,Platform Lead,https://www.linkedin.com/in/noor-halloran-6792,2019-11-02
Imani Norrington,Elmsworth Tutors,Platform Lead,https://www.linkedin.com/in/imani-norrington-2774,2016-05-13
Solveig Dobrescu,Vespermill Analytics,VP Enterprise Architecture,https://www.linkedin.com/in/solveig-dobrescu-6533,2021-08-18
Lucia Højgaard,Dunmowe Travel,Engineering Manager,,2017-05-18
Rhys Halloran,Ambrose Trading,Principal Architect,,2022-06-02
Rhys Wexford,Bellchamber Media,Engineering Manager,https://www.linkedin.com/in/rhys-wexford-2294,2018-02-10
Ravi Kirkbride,Corbridge Realty,Engineering Manager,https://www.linkedin.com/in/ravi-kirkbride-5181,2020-02-09
Lucia Oyelaran,Highmoor Cycles,Program Manager,https://www.linkedin.com/in/lucia-oyelaran-5367,2023-02-01
Margot Oldfield,Inglenook Bakery,Head of Innovation,https://www.linkedin.com/in/margot-oldfield-7498,2016-07-23
Zaid Ferreira,Corbridge Realty,Engineering Manager,https://www.linkedin.com/in/zaid-ferreira-3830,2018-05-25
Gideon Dobrescu,Ambrose Trading,"Senior Manager, Engineering",https://www.linkedin.com/in/gideon-dobrescu-6334,2019-01-08
Lucia Falkenrath,Fairbourne Fitness,Director of IT,https://www.linkedin.com/in/lucia-falkenrath-3369,2017-10-28
Kwame Vandermolen,Whitlock Staffing,Head of Automation,https://www.linkedin.com/in/kwame-vandermolen-1807,2023-10-09
Greta Norrington,Vespermill Analytics,Head of Automation,https://www.linkedin.com/in/greta-norrington-5701,2019-08-17
Yara Zubkov,Inglenook Bakery,"Senior Manager, Engineering",https://www.linkedin.com/in/yara-zubkov-3542,2023-04-01
Odette Sandoval,Garrowby Books,"Senior Manager, Engineering",https://www.linkedin.com/in/odette-sandoval-7693,2025-04-02
Odette Havercamp,Inglenook Bakery,Principal Architect,https://www.linkedin.com/in/odette-havercamp-3616,2022-08-27
Ansel Lindqvist,Pale Harbour Studio,"Senior Manager, Engineering",https://www.linkedin.com/in/ansel-lindqvist-8900,2024-06-04
Priya Mkhize,Elmsworth Tutors,Staff Engineer,https://www.linkedin.com/in/priya-mkhize-2196,2022-10-13
Zaid Quillane,Rooksby Legal,Product Director,https://www.linkedin.com/in/zaid-quillane-7673,2019-12-03
Anouk Oldfield,Elmsworth Tutors,Platform Lead,https://www.linkedin.com/in/anouk-oldfield-6816,2017-05-14
Leandro Drummond,Dunmowe Travel,Staff Engineer,https://www.linkedin.com/in/leandro-drummond-5237,2024-02-27
Curtis Nakashima,Whitlock Staffing,VP Enterprise Architecture,https://www.linkedin.com/in/curtis-nakashima-8016,2018-09-15
Casper Zubkov,Whitlock Staffing,SVP Digital,https://www.linkedin.com/in/casper-zubkov-7737,2023-01-09
Camille Ashdown,Inglenook Bakery,Head of Automation,https://www.linkedin.com/in/camille-ashdown-5897,2016-12-26
Tomás Balogun,Fairbourne Fitness,Engineering Manager,https://www.linkedin.com/in/tomas-balogun-1780,2020-01-28
Mei Glückstein,Elmsworth Tutors,VP Data & Analytics,https://www.linkedin.com/in/mei-gluckstein-7263,2022-12-05
Elena Isenberg,Tannerly Design,Product Director,https://www.linkedin.com/in/elena-isenberg-6371,2020-11-16
Marcus Crowther,Corbridge Realty,Head of Platform Engineering,https://www.linkedin.com/in/marcus-crowther-5687,2024-11-24
Gideon Petrossian,Ondermark Consulting,Staff Engineer,https://www.linkedin.com/in/gideon-petrossian-4597,2025-02-05
Greta Balogun,Corbridge Realty,Program Manager,https://www.linkedin.com/in/greta-balogun-4277,2022-12-07
Priya Rushworth,Dunmowe Travel,Chief Information Officer,https://www.linkedin.com/in/priya-rushworth-1904,2022-03-20
Niall Vasquez,Zenner Foods,Principal Architect,https://www.linkedin.com/in/niall-vasquez-9591,2019-11-29
Kofi Marchetti,Garrowby Books,Product Director,,2018-10-07
Bram Wexford,Underwood & Vale,Engineering Manager,https://www.linkedin.com/in/bram-wexford-9886,2017-04-06
Espen Ashdown,Whitlock Staffing,Staff Engineer,https://www.linkedin.com/in/espen-ashdown-9727,2019-02-21
Bo Merriweather,Zenner Foods,Chief Information Officer,https://www.linkedin.com/in/bo-merriweather-2315,2024-04-20
Odette Eastcott,Tannerly Design,Chief Information Officer,https://www.linkedin.com/in/odette-eastcott-2220,2018-12-03
Sabine Brenneman,Tannerly Design,"Senior Manager, Engineering",https://www.linkedin.com/in/sabine-brenneman-7429,2016-02-04
Malik Isenberg,Dunmowe Travel,Head of Developer Productivity,https://www.linkedin.com/in/malik-isenberg-1414,2022-12-26
Margot Isenberg,Dunmowe Travel,Platform Lead,https://www.linkedin.com/in/margot-isenberg-6972,2019-02-01
Lucia Nakashima,Inglenook Bakery,Staff Engineer,https://www.linkedin.com/in/lucia-nakashima-9685,2025-06-19
Odette Zettergren,Garrowby Books,VP Data & Analytics,https://www.linkedin.com/in/odette-zettergren-3214,2019-08-28
Bram Egerton,Xanthe Labs,Head of Automation,https://www.linkedin.com/in/bram-egerton-6952,2018-02-02
Noor Okonkwo,Corbridge Realty,Product Director,,2016-05-12
Sloane Hartigan,Dunmowe Travel,Engineering Manager,https://www.linkedin.com/in/sloane-hartigan-9498,2018-12-28
Freya Fairweather,Garrowby Books,Program Manager,https://www.linkedin.com/in/freya-fairweather-6087,2018-12-03
Teodor Lomsadze,Vespermill Analytics,Chief Digital Officer,https://www.linkedin.com/in/teodor-lomsadze-7527,2022-01-19
Renata Ashdown,Garrowby Books,Chief Data Officer,https://www.linkedin.com/in/renata-ashdown-1962,2018-08-15
Malik Prendergast,Bellchamber Media,VP Enterprise Architecture,https://www.linkedin.com/in/malik-prendergast-2547,2023-10-22
·Joaquín Merriweather,Elmsworth Tutors,Director of Software Engineering,https://www.linkedin.com/in/joaquin-merriweather-8125,2022-09-03
Imani Achterberg,Vespermill Analytics,"Senior Manager, Engineering",https://www.linkedin.com/in/imani-achterberg-1147,2018-12-11
Owen Yarrow,Whitlock Staffing,VP Engineering,,2024-02-26
Tilda Eastcott,Corbridge Realty,SVP Digital,https://www.linkedin.com/in/tilda-eastcott-9201,2024-04-17
Rhys Havercamp,Rooksby Legal,Staff Engineer,https://www.linkedin.com/in/rhys-havercamp-5674,2022-04-08
Perrine Zubkov,Corbridge Realty,Program Manager,,2022-09-19
Perrine Eastcott,Dunmowe Travel,Head of Automation,https://www.linkedin.com/in/perrine-eastcott-7235,2020-02-05
Otto Underhill,Underwood & Vale,Principal Architect,https://www.linkedin.com/in/otto-underhill-2657,2019-08-08
·Joaquín Lomsadze,Corbridge Realty,Chief Information Officer,https://www.linkedin.com/in/joaquin-lomsadze-4909,2015-11-30
Priya Halloran,Vespermill Analytics,Principal Architect,https://www.linkedin.com/in/priya-halloran-5402,2018-02-04
Rafael Nakashima,Quintrell Advisory,Engineering Manager,https://www.linkedin.com/in/rafael-nakashima-8475,2022-11-12
Hugo Zubkov,Underwood & Vale,Director of IT,https://www.linkedin.com/in/hugo-zubkov-5915,2021-04-05
Kofi Zettergren,Ambrose Trading,"Senior Manager, Engineering",https://www.linkedin.com/in/kofi-zettergren-8125,2017-12-29
Margot Thackeray,Garrowby Books,Chief Information Officer,https://www.linkedin.com/in/margot-thackeray-6383,2016-01-28
Renata Salcedo,Highmoor Cycles,Product Director,https://www.linkedin.com/in/renata-salcedo-9247,2023-10-28
Marcus Oyelaran,Whitlock Staffing,Head of Automation,https://www.linkedin.com/in/marcus-oyelaran-9225,2023-10-30
Teodor Oldfield,Bellchamber Media,VP Engineering,https://www.linkedin.com/in/teodor-oldfield-2782,2019-07-17
Dana Lindqvist,Ondermark Consulting,VP Enterprise Architecture,https://www.linkedin.com/in/dana-lindqvist-1855,2018-06-05
·Joaquín Ashdown,Highmoor Cycles,"Senior Manager, Engineering",https://www.linkedin.com/in/joaquin-ashdown-7738,2024-07-08
Renata Cathcart,Zenner Foods,SVP Digital,https://www.linkedin.com/in/renata-cathcart-4299,2017-04-17
Imani Vasquez,Xanthe Labs,Program Manager,https://www.linkedin.com/in/imani-vasquez-1924,2016-05-23
Emeka Hartigan,Fairbourne Fitness,SVP Digital,https://www.linkedin.com/in/emeka-hartigan-4774,2015-12-13
Greta Crowther,Highmoor Cycles,Head of Innovation,https://www.linkedin.com/in/greta-crowther-9299,2016-04-03
Curtis Drummond,Ondermark Consulting,VP Enterprise Architecture,https://www.linkedin.com/in/curtis-drummond-2841,2018-09-01
Zaid Thackeray,Vespermill Analytics,Director of Software Engineering,https://www.linkedin.com/in/zaid-thackeray-9676,2022-07-01
Ingrid Oyelaran,Zenner Foods,Director of Software Engineering,https://www.linkedin.com/in/ingrid-oyelaran-9882,2017-11-25
Espen Havercamp,Dunmowe Travel,Chief Operating Officer,https://www.linkedin.com/in/espen-havercamp-6946,2020-07-07
Priya Grimsby,Vespermill Analytics,"Senior Manager, Engineering",,2016-11-21
Coretta Drummond,Ambrose Trading,Program Manager,https://www.linkedin.com/in/coretta-drummond-1915,2020-07-04
Astrid Oldfield,Ondermark Consulting,Platform Lead,https://www.linkedin.com/in/astrid-oldfield-1806,2022-01-08
Dev Isenberg,Quintrell Advisory,Program Manager,https://www.linkedin.com/in/dev-isenberg-1983,2016-06-30
Rafael Vasquez,Xanthe Labs,Product Director,https://www.linkedin.com/in/rafael-vasquez-2747,2018-01-01
Tanvi Dobrescu,Pale Harbour Studio,Product Director,https://www.linkedin.com/in/tanvi-dobrescu-4493,2015-11-15
Yusuf Zubkov,Underwood & Vale,Director of IT,https://www.linkedin.com/in/yusuf-zubkov-5382,2015-11-08
Camille Ingleby,Tannerly Design,VP Engineering,https://www.linkedin.com/in/camille-ingleby-6050,2020-03-18
Leandro Balogun,Tannerly Design,Program Manager,https://www.linkedin.com/in/leandro-balogun-5371,2018-05-26
Callum Nakashima,Dunmowe Travel,Program Manager,https://www.linkedin.com/in/callum-nakashima-9374,2020-10-26
Gideon Ashdown,Dunmowe Travel,Director of IT,https://www.linkedin.com/in/gideon-ashdown-7955,2016-02-08
Leandro Cardoso,Dunmowe Travel,Head of Developer Productivity,https://www.linkedin.com/in/leandro-cardoso-8524,2018-05-18
Leandro Fairweather,Fairbourne Fitness,Head of Automation,https://www.linkedin.com/in/leandro-fairweather-6324,2024-05-12
Mei Vandermolen,Dunmowe Travel,Head of Developer Productivity,https://www.linkedin.com/in/mei-vandermolen-8791,2019-03-11
Anouk Nakashima,Elmsworth Tutors,Program Manager,https://www.linkedin.com/in/anouk-nakashima-3417,2023-03-06
Arjun Thackeray,Corbridge Realty,Engineering Manager,https://www.linkedin.com/in/arjun-thackeray-9109,2022-01-27
Xiomara Zettergren,Vespermill Analytics,SVP Digital,https://www.linkedin.com/in/xiomara-zettergren-7353,2017-12-27
Marisol Salcedo,Inglenook Bakery,Director of IT,https://www.linkedin.com/in/marisol-salcedo-4154,2017-05-27
Callum Eastcott,Elmsworth Tutors,Chief Digital Officer,https://www.linkedin.com/in/callum-eastcott-9743,2020-02-05
Marisol Højgaard,Tannerly Design,"Senior Manager, Engineering",https://www.linkedin.com/in/marisol-hojgaard-9442,2022-06-02
Curtis Brenneman,Zenner Foods,SVP Digital,https://www.linkedin.com/in/curtis-brenneman-1210,2017-02-13
Wren Egerton,Ondermark Consulting,"Senior Manager, Engineering",https://www.linkedin.com/in/wren-egerton-3043,2019-03-20
Callum Vandermolen,Xanthe Labs,Product Director,https://www.linkedin.com/in/callum-vandermolen-6299,2018-05-24
Silas Thackeray,Whitlock Staffing,Engineering Manager,https://www.linkedin.com/in/silas-thackeray-3117,2017-06-08
Odette Yarrow,Whitlock Staffing,Head of Platform Engineering,https://www.linkedin.com/in/odette-yarrow-2021,2018-11-04
Greta Oyelaran,Vespermill Analytics,Staff Engineer,https://www.linkedin.com/in/greta-oyelaran-3094,2022-12-11
Xiomara Ferreira,Highmoor Cycles,Director of IT,https://www.linkedin.com/in/xiomara-ferreira-6268,2017-12-04
Renata Ibarra,Garrowby Books,Chief Information Officer,https://www.linkedin.com/in/renata-ibarra-9941,2022-12-20
Ravi Wolstenholme,Bellchamber Media,Chief Information Officer,https://www.linkedin.com/in/ravi-wolstenholme-5771,2021-02-06
Anouk Norrington,Zenner Foods,SVP Digital,https://www.linkedin.com/in/anouk-norrington-2398,2022-09-30
Rafael Ferreira,Rooksby Legal,Program Manager,https://www.linkedin.com/in/rafael-ferreira-3818,2022-02-04
Lucia Brenneman,Rooksby Legal,Head of Innovation,https://www.linkedin.com/in/lucia-brenneman-4040,2025-06-23
Gideon Grimsby,Yardley Print,Head of Developer Productivity,https://www.linkedin.com/in/gideon-grimsby-3791,2018-09-06
Dana Grimsby,Bellchamber Media,Head of Automation,,2018-11-26
Tilda Wexford,Bellchamber Media,Platform Lead,https://www.linkedin.com/in/tilda-wexford-5426,2024-05-06
Renata Højgaard,Ambrose Trading,Director of IT,https://www.linkedin.com/in/renata-hojgaard-5692,2022-07-24
Bo Ashdown,Tannerly Design,"Senior Manager, Engineering",https://www.linkedin.com/in/bo-ashdown-9697,2021-02-19
Liesel Fontaine,Inglenook Bakery,Head of Automation,https://www.linkedin.com/in/liesel-fontaine-4197,2020-05-07
Sloane Drummond,Tannerly Design,"Senior Manager, Engineering",https://www.linkedin.com/in/sloane-drummond-1525,2019-05-22
Priya Ashdown,Fairbourne Fitness,Engineering Manager,https://www.linkedin.com/in/priya-ashdown-9580,2019-09-05
Espen Merriweather,Elmsworth Tutors,Program Manager,https://www.linkedin.com/in/espen-merriweather-4968,2025-04-03
Yara Marchetti,Vespermill Analytics,"Senior Manager, Engineering",https://www.linkedin.com/in/yara-marchetti-5926,2016-01-15
Saoirse Højgaard,Elmsworth Tutors,"Senior Manager, Engineering",https://www.linkedin.com/in/saoirse-hojgaard-2024,2019-08-25
Elena Lomsadze,Quintrell Advisory,Platform Lead,https://www.linkedin.com/in/elena-lomsadze-1442,2021-11-18
Tanvi Mkhize,Underwood & Vale,VP Data & Analytics,https://www.linkedin.com/in/tanvi-mkhize-5242,2023-11-05
Priya Cathcart,Vespermill Analytics,"Senior Manager, Engineering",https://www.linkedin.com/in/priya-cathcart-6387,2021-03-13
Lucia Merriweather,Xanthe Labs,Engineering Manager,https://www.linkedin.com/in/lucia-merriweather-5053,2022-08-02
Wren Ibarra,Corbridge Realty,Chief Information Officer,https://www.linkedin.com/in/wren-ibarra-7267,2023-10-03
Wren Rushworth,Zenner Foods,Platform Lead,https://www.linkedin.com/in/wren-rushworth-3850,2022-05-30
Otto Lomsadze,Whitlock Staffing,Product Director,https://www.linkedin.com/in/otto-lomsadze-9702,2023-01-10
Silas Quillane,Bellchamber Media,Program Manager,https://www.linkedin.com/in/silas-quillane-5269,2020-03-19
Odette Lindqvist,Bellchamber Media,"Senior Manager, Engineering",https://www.linkedin.com/in/odette-lindqvist-9197,2020-10-06
Emeka Ingleby,Pale Harbour Studio,Chief Technology Officer,https://www.linkedin.com/in/emeka-ingleby-8558,2020-10-08
Marisol Lomsadze,Vespermill Analytics,Product Director,,2020-06-15
Duarte Lomsadze,Garrowby Books,Principal Architect,https://www.linkedin.com/in/duarte-lomsadze-3557,2016-06-16
Mei Zubkov,Dunmowe Travel,Director of Software Engineering,https://www.linkedin.com/in/mei-zubkov-1612,2018-12-21
Bo Cardoso,Inglenook Bakery,VP Enterprise Architecture,https://www.linkedin.com/in/bo-cardoso-1327,2018-07-20
Renata Glückstein,Whitlock Staffing,Product Director,https://www.linkedin.com/in/renata-gluckstein-9072,2019-01-17
Freya Havercamp,Hollowbrook Grocers,Staff Engineer,https://www.linkedin.com/in/freya-havercamp-7302,2020-12-25
Bram Oldfield,Tannerly Design,Head of Developer Productivity,https://www.linkedin.com/in/bram-oldfield-8050,2016-07-17
Saoirse Cardoso,Zenner Foods,Program Manager,https://www.linkedin.com/in/saoirse-cardoso-1467,2025-01-26
Gideon Merriweather,Inglenook Bakery,Chief Operating Officer,https://www.linkedin.com/in/gideon-merriweather-5373,2024-10-05
Bram Cardoso,Yardley Print,Principal Architect,https://www.linkedin.com/in/bram-cardoso-8764,2019-06-28
Curtis Isenberg,Tannerly Design,Director of IT,https://www.linkedin.com/in/curtis-isenberg-2863,2018-08-12
Rosalind Kettleborough,Elmsworth Tutors,Program Manager,https://www.linkedin.com/in/rosalind-kettleborough-2838,2019-04-07
Kofi Oyelaran,Quintrell Advisory,VP Data & Analytics,https://www.linkedin.com/in/kofi-oyelaran-3938,2018-06-01
Arjun Halloran,Corbridge Realty,Program Manager,https://www.linkedin.com/in/arjun-halloran-6466,2024-10-29
Anouk Bellinger,Corbridge Realty,Chief Technology Officer,https://www.linkedin.com/in/anouk-bellinger-7556,2023-09-02
Yara Prendergast,Vespermill Analytics,Chief Data Officer,https://www.linkedin.com/in/yara-prendergast-1199,2021-03-03
Zaid Fontaine,Nortonbury Logistics,Chief Operating Officer,https://www.linkedin.com/in/zaid-fontaine-2809,2026-10-19
Amara Cardoso,Quintrell Advisory,Engineering Manager,https://www.linkedin.com/in/amara-cardoso-8120,2024-02-09
Ansel Hartigan,Corbridge Realty,Director of IT,https://www.linkedin.com/in/ansel-hartigan-6783,2024-05-29
Sloane Lomsadze,Corbridge Realty,Chief Data Officer,https://www.linkedin.com/in/sloane-lomsadze-7878,2022-10-02
Perrine Underhill,Underwood & Vale,Program Manager,https://www.linkedin.com/in/perrine-underhill-7979,2024-08-02
Xiomara Kettleborough,Underwood & Vale,Product Director,https://www.linkedin.com/in/xiomara-kettleborough-4634,2016-12-26
Hana Falkenrath,Bellchamber Media,Head of Developer Productivity,https://www.linkedin.com/in/hana-falkenrath-7954,2016-02-24
Mei Brenneman,Corbridge Realty,Chief Technology Officer,https://www.linkedin.com/in/mei-brenneman-1245,2016-01-26
Curtis Yarrow,Ambrose Trading,Head of Innovation,https://www.linkedin.com/in/curtis-yarrow-7053,2021-08-15
Kwame Quillane,Pale Harbour Studio,Head of Automation,https://www.linkedin.com/in/kwame-quillane-3700,2022-01-31
Astrid Ingleby,Corbridge Realty,Principal Architect,https://www.linkedin.com/in/astrid-ingleby-7246,2024-11-02
Tilda Okonkwo,Tannerly Design,VP Enterprise Architecture,https://www.linkedin.com/in/tilda-okonkwo-4670,2019-10-06
Arjun Yarrow,Bellchamber Media,Product Director,https://www.linkedin.com/in/arjun-yarrow-4417,2020-06-10
Rhys Cathcart,Corbridge Realty,Program Manager,https://www.linkedin.com/in/rhys-cathcart-9717,2021-06-20
Marcus Havercamp,Whitlock Staffing,Principal Architect,https://www.linkedin.com/in/marcus-havercamp-6198,2020-10-29
Ansel Glückstein,Ondermark Consulting,Head of Innovation,https://www.linkedin.com/in/ansel-gluckstein-1346,2024-12-07
Rosalind Sandoval,Pale Harbour Studio,Head of Automation,https://www.linkedin.com/in/rosalind-sandoval-4176,2016-10-23
Fenella Merriweather,Garrowby Books,Head of Innovation,https://www.linkedin.com/in/fenella-merriweather-6819,2022-08-11
Wren Jarrold,Dunmowe Travel,Chief Operating Officer,https://www.linkedin.com/in/wren-jarrold-2579,2023-10-31
Kian Nakashima,Elmsworth Tutors,Program Manager,https://www.linkedin.com/in/kian-nakashima-2498,2024-06-29
Tilda Ibarra,Bellchamber Media,Staff Engineer,https://www.linkedin.com/in/tilda-ibarra-4443,2018-05-07
Sabine Drummond,Zenner Foods,VP Enterprise Architecture,https://www.linkedin.com/in/sabine-drummond-7548,2023-06-24
Coretta Balogun,Quintrell Advisory,Chief Data Officer,https://www.linkedin.com/in/coretta-balogun-1049,2016-01-31
Priya Merriweather,Rooksby Legal,Principal Architect,https://www.linkedin.com/in/priya-merriweather-8823,2018-03-01
Bertrand Ashdown,Vespermill Analytics,Engineering Manager,https://www.linkedin.com/in/bertrand-ashdown-6014,2021-07-19
Lucia Dobrescu,Whitlock Staffing,Staff Engineer,https://www.linkedin.com/in/lucia-dobrescu-7746,2019-04-17
Tomás Fontaine,Inglenook Bakery,Platform Lead,,2016-02-07
Renata Fontaine,Zenner Foods,Program Manager,https://www.linkedin.com/in/renata-fontaine-4183,2024-05-14
Camille Zettergren,Underwood & Vale,Product Director,https://www.linkedin.com/in/camille-zettergren-1502,2021-10-08
Sabine Petrossian,Bellchamber Media,VP Enterprise Architecture,https://www.linkedin.com/in/sabine-petrossian-9526,2015-11-27
Malik Nakashima,Underwood & Vale,VP Data & Analytics,https://www.linkedin.com/in/malik-nakashima-2266,2021-07-17
Wren Merriweather,Bellchamber Media,Staff Engineer,https://www.linkedin.com/in/wren-merriweather-1219,2022-04-03
Imani Balogun,Elmsworth Tutors,"Senior Manager, Engineering",https://www.linkedin.com/in/imani-balogun-8478,2025-06-15
Greta Marchetti,Quintrell Advisory,VP Engineering,https://www.linkedin.com/in/greta-marchetti-7890,2016-02-10
Malik Havercamp,Inglenook Bakery,"Senior Manager, Engineering",https://www.linkedin.com/in/malik-havercamp-5648,2021-10-28
Tomás Oyelaran,Ambrose Trading,Head of Platform Engineering,https://www.linkedin.com/in/tomas-oyelaran-9445,2019-09-11
Idris Kettleborough,Dunmowe Travel,Chief Information Officer,https://www.linkedin.com/in/idris-kettleborough-3006,2022-06-01
Marisol Egerton,Vespermill Analytics,Program Manager,https://www.linkedin.com/in/marisol-egerton-5224,2022-08-02
Hana Wexford,Tannerly Design,Product Director,,2025-03-07
Lucia Marchetti,Yardley Print,Platform Lead,https://www.linkedin.com/in/lucia-marchetti-8268,2023-08-23
Wren Ferreira,Inglenook Bakery,Head of Platform Engineering,https://www.linkedin.com/in/wren-ferreira-1030,2020-05-31
Ravi Hartigan,Whitlock Staffing,Engineering Manager,https://www.linkedin.com/in/ravi-hartigan-9436,2020-11-10
Tanvi Glückstein,Elmsworth Tutors,Head of Automation,https://www.linkedin.com/in/tanvi-gluckstein-2473,2024-02-29
Coretta Underhill,Dunmowe Travel,Program Manager,https://www.linkedin.com/in/coretta-underhill-1871,2020-04-28
Bram Drummond,Xanthe Labs,Chief Operating Officer,https://www.linkedin.com/in/bram-drummond-6807,2022-02-11
Kian Crowther,Ondermark Consulting,Principal Architect,https://www.linkedin.com/in/kian-crowther-3632,2016-02-16
Bo Wolstenholme,Underwood & Vale,Head of Automation,https://www.linkedin.com/in/bo-wolstenholme-1489,2015-10-06
Otto Højgaard,Zenner Foods,Director of IT,https://www.linkedin.com/in/otto-hojgaard-5682,2020-07-31
Bertrand Drummond,Yardley Print,Engineering Manager,,2015-11-17
Dana Zubkov,Underwood & Vale,Chief Data Officer,https://www.linkedin.com/in/dana-zubkov-7990,2019-04-25
Kian Højgaard,Dunmowe Travel,Head of Innovation,https://www.linkedin.com/in/kian-hojgaard-9661,2019-01-13
Bo Ferreira,Elmsworth Tutors,Staff Engineer,https://www.linkedin.com/in/bo-ferreira-6378,2025-01-27
Camille Jarrold,Zenner Foods,Head of Innovation,,2016-08-07
Xiomara Vasquez,Whitlock Staffing,VP Data & Analytics,https://www.linkedin.com/in/xiomara-vasquez-1545,2016-05-04
Dev Brenneman,Underwood & Vale,Product Director,https://www.linkedin.com/in/dev-brenneman-2424,2017-01-06
Elena Egerton,Whitlock Staffing,Director of Software Engineering,https://www.linkedin.com/in/elena-egerton-9466,2017-04-09
Noor Glückstein,Fairbourne Fitness,VP Enterprise Architecture,https://www.linkedin.com/in/noor-gluckstein-9325,2022-09-15
Priya Jarrold,Highmoor Cycles,Product Director,https://www.linkedin.com/in/priya-jarrold-9691,2015-12-28
Niall Quillane,Bellchamber Media,Product Director,https://www.linkedin.com/in/niall-quillane-3272,2018-07-23
Bertrand Salcedo,Inglenook Bakery,Platform Lead,https://www.linkedin.com/in/bertrand-salcedo-5372,2022-08-07
Renata Havercamp,Xanthe Labs,Program Manager,https://www.linkedin.com/in/renata-havercamp-7648,2023-09-11
Kwame Norrington,Whitlock Staffing,Head of Innovation,https://www.linkedin.com/in/kwame-norrington-7807,2018-02-16
Priya Bellinger,Dunmowe Travel,Head of Platform Engineering,https://www.linkedin.com/in/priya-bellinger-6621,2022-01-21
Matteo Vandermolen,Inglenook Bakery,"Senior Manager, Engineering",https://www.linkedin.com/in/matteo-vandermolen-4310,2022-06-05
Coretta Glückstein,Bellchamber Media,Platform Lead,https://www.linkedin.com/in/coretta-gluckstein-5272,2023-11-13
Noor Rushworth,Rooksby Legal,Head of Innovation,https://www.linkedin.com/in/noor-rushworth-9367,2023-09-19
Sabine Ferreira,Zenner Foods,Platform Lead,https://www.linkedin.com/in/sabine-ferreira-3324,2019-11-19
Astrid Dobrescu,Rooksby Legal,Head of Platform Engineering,https://www.linkedin.com/in/astrid-dobrescu-3565,2023-05-11
Ilse Underhill,Tannerly Design,Head of Innovation,https://www.linkedin.com/in/ilse-underhill-5753,2022-08-15
Nadia Cathcart,Ondermark Consulting,Program Manager,https://www.linkedin.com/in/nadia-cathcart-7971,2022-07-28
Zaid Mkhize,Garrowby Books,Platform Lead,https://www.linkedin.com/in/zaid-mkhize-9564,2016-10-05
Solveig Yarrow,Highmoor Cycles,Chief Data Officer,https://www.linkedin.com/in/solveig-yarrow-9919,2019-10-04
Ingrid Kirkbride,Whitlock Staffing,Director of Software Engineering,,2019-03-26
Fenella Kettleborough,Whitlock Staffing,Engineering Manager,https://www.linkedin.com/in/fenella-kettleborough-3800,2022-08-07
Bo Lomsadze,Underwood & Vale,Chief Technology Officer,https://www.linkedin.com/in/bo-lomsadze-6290,2018-03-19
Renata Ferreira,Whitlock Staffing,Staff Engineer,https://www.linkedin.com/in/renata-ferreira-5316,2020-08-26
Rhys Grimsby,Zenner Foods,Chief Operating Officer,https://www.linkedin.com/in/rhys-grimsby-9183,2022-01-26
Rhys Eastcott,Xanthe Labs,"Senior Manager, Engineering",https://www.linkedin.com/in/rhys-eastcott-7292,2016-10-03
Sabine Havercamp,Elmsworth Tutors,Principal Architect,https://www.linkedin.com/in/sabine-havercamp-6037,2024-12-09
Xiomara Wexford,Corbridge Realty,Principal Architect,https://www.linkedin.com/in/xiomara-wexford-6303,2022-09-20
Ilse Balogun,Whitlock Staffing,Head of Platform Engineering,https://www.linkedin.com/in/ilse-balogun-8382,2020-09-28
Elena Hartigan,Garrowby Books,Product Director,https://www.linkedin.com/in/elena-hartigan-1615,2020-10-14
Kwame Zubkov,Garrowby Books,Director of IT,,2021-10-10
Fenella Lindqvist,Dunmowe Travel,Program Manager,https://www.linkedin.com/in/fenella-lindqvist-7241,2024-07-05
Malik Marchetti,Ondermark Consulting,Staff Engineer,https://www.linkedin.com/in/malik-marchetti-7822,2024-08-25
Odette Nakashima,Fairbourne Fitness,Head of Innovation,https://www.linkedin.com/in/odette-nakashima-9926,2021-03-14
Tanvi Fontaine,Inglenook Bakery,VP Enterprise Architecture,,2024-12-27
Matteo Crowther,Rooksby Legal,SVP Digital,https://www.linkedin.com/in/matteo-crowther-9961,2020-01-26
Devin Norrington,Xanthe Labs,"Senior Manager, Engineering",https://www.linkedin.com/in/devin-norrington-4413,2018-01-24
Sunniva Ibarra,Quintrell Advisory,Director of IT,https://www.linkedin.com/in/sunniva-ibarra-9852,2022-12-06
Yara Sandoval,Dunmowe Travel,"Senior Manager, Engineering",https://www.linkedin.com/in/yara-sandoval-1355,2023-04-25
Sunniva Sandoval,Tannerly Design,Chief Data Officer,https://www.linkedin.com/in/sunniva-sandoval-5851,2018-12-22
Bo Fontaine,Ambrose Trading,"Senior Manager, Engineering",,2020-08-21
Saoirse Ashdown,Zenner Foods,Head of Platform Engineering,https://www.linkedin.com/in/saoirse-ashdown-2751,2021-01-14
Yara Rushworth,Quintrell Advisory,Program Manager,https://www.linkedin.com/in/yara-rushworth-4635,2018-06-06
Yusuf Eastcott,Xanthe Labs,VP Engineering,https://www.linkedin.com/in/yusuf-eastcott-6481,2017-03-26
Ilse Ibarra,Garrowby Books,Head of Automation,https://www.linkedin.com/in/ilse-ibarra-4205,2022-05-13
Leandro Zubkov,Zenner Foods,Director of IT,https://www.linkedin.com/in/leandro-zubkov-8071,2021-10-23
Marcus Fontaine,Bellchamber Media,Principal Architect,https://www.linkedin.com/in/marcus-fontaine-6453,2021-03-01
Desmond Jarrold,Yardley Print,Head of Innovation,https://www.linkedin.com/in/desmond-jarrold-9762,2023-11-21
Niall Wolstenholme,Vespermill Analytics,Director of Software Engineering,,2019-07-14
Priya Crowther,Yardley Print,Staff Engineer,https://www.linkedin.com/in/priya-crowther-9878,2018-11-21
Devin Havercamp,Elmsworth Tutors,Principal Architect,https://www.linkedin.com/in/devin-havercamp-7790,2025-03-15
Kian Ingleby,Inglenook Bakery,Program Manager,https://www.linkedin.com/in/kian-ingleby-6214,2016-05-09
Amara Rushworth,Zenner Foods,Program Manager,https://www.linkedin.com/in/amara-rushworth-7847,2023-01-07
Gideon Balogun,Tannerly Design,Engineering Manager,https://www.linkedin.com/in/gideon-balogun-3435,2017-02-27
Freya Wexford,Ambrose Trading,Head of Innovation,https://www.linkedin.com/in/freya-wexford-2167,2020-09-29
Gideon Mkhize,Ondermark Consulting,Head of Developer Productivity,https://www.linkedin.com/in/gideon-mkhize-5114,2019-05-03
Espen Halloran,Dunmowe Travel,Engineering Manager,https://www.linkedin.com/in/espen-halloran-5493,2024-11-06
Mei Dellinger,Dunmowe Travel,Head of Innovation,https://www.linkedin.com/in/mei-dellinger-8985,2024-09-03
Elena Lindqvist,Xanthe Labs,VP Engineering,https://www.linkedin.com/in/elena-lindqvist-8657,2018-09-17
Renata Brenneman,Corbridge Realty,Staff Engineer,https://www.linkedin.com/in/renata-brenneman-2097,2022-12-21
Rhys Zettergren,Fairbourne Fitness,SVP Digital,https://www.linkedin.com/in/rhys-zettergren-8174,2024-05-28
Kofi Grimsby,Elmsworth Tutors,Program Manager,https://www.linkedin.com/in/kofi-grimsby-9313,2023-04-01
Camille Balogun,Rooksby Legal,"Senior Manager, Engineering",https://www.linkedin.com/in/camille-balogun-4664,2020-02-27
Ingrid Quillane,Ambrose Trading,Platform Lead,https://www.linkedin.com/in/ingrid-quillane-5724,2017-06-18
Saoirse Marchetti,Pale Harbour Studio,Chief Technology Officer,https://www.linkedin.com/in/saoirse-marchetti-8706,2020-07-01
Espen Zubkov,Rooksby Legal,Engineering Manager,https://www.linkedin.com/in/espen-zubkov-2138,2020-02-02
Desmond Mkhize,Underwood & Vale,Head of Developer Productivity,https://www.linkedin.com/in/desmond-mkhize-9307,2024-02-15
Ingrid Drummond,Yardley Print,Program Manager,https://www.linkedin.com/in/ingrid-drummond-7309,2022-09-14
Devin Falkenrath,Garrowby Books,"Senior Manager, Engineering",,2018-05-17
Curtis Lindqvist,Garrowby Books,SVP Digital,https://www.linkedin.com/in/curtis-lindqvist-3167,2023-08-25
Marisol Ingleby,Inglenook Bakery,VP Enterprise Architecture,https://www.linkedin.com/in/marisol-ingleby-3803,2017-09-19
Desmond Kirkbride,Yardley Print,Head of Platform Engineering,https://www.linkedin.com/in/desmond-kirkbride-6481,2024-09-09
Casper Vandermolen,Ondermark Consulting,Program Manager,https://www.linkedin.com/in/casper-vandermolen-4594,2016-04-16
Matteo Isenberg,Fairbourne Fitness,Director of IT,,2015-11-08
Noor Prendergast,Ondermark Consulting,Director of IT,https://www.linkedin.com/in/noor-prendergast-8854,2020-09-15
Hana Kirkbride,Whitlock Staffing,Director of Software Engineering,https://www.linkedin.com/in/hana-kirkbride-5875,2025-07-19
Camille Hartigan,Pale Harbour Studio,Product Director,https://www.linkedin.com/in/camille-hartigan-9832,2021-04-30
Yara Vasquez,Xanthe Labs,Platform Lead,https://www.linkedin.com/in/yara-vasquez-5396,2022-07-12
Kofi Dellinger,Highmoor Cycles,Chief Digital Officer,https://www.linkedin.com/in/kofi-dellinger-9305,2021-11-01
Perrine Wexford,Elmsworth Tutors,VP Engineering,https://www.linkedin.com/in/perrine-wexford-3939,2025-06-17
Yara Norrington,Tannerly Design,Head of Platform Engineering,https://www.linkedin.com/in/yara-norrington-7113,2022-04-29
Mei Ibarra,Quintrell Advisory,Platform Lead,,2020-05-04
Silas Havercamp,Quintrell Advisory,Staff Engineer,https://www.linkedin.com/in/silas-havercamp-2253,2017-08-20
Marcus Egerton,Xanthe Labs,Engineering Manager,https://www.linkedin.com/in/marcus-egerton-8559,2017-12-30
Bertrand Ferreira,Vespermill Analytics,Engineering Manager,https://www.linkedin.com/in/bertrand-ferreira-7170,2025-07-26
Liesel Ferreira,Xanthe Labs,Principal Architect,https://www.linkedin.com/in/liesel-ferreira-5881,2016-06-21
Kofi Merriweather,Xanthe Labs,"Senior Manager, Engineering",,2025-02-11
Bertrand Falkenrath,Garrowby Books,Head of Developer Productivity,https://www.linkedin.com/in/bertrand-falkenrath-7708,2023-05-23
Odette Norrington,Bellchamber Media,Product Director,https://www.linkedin.com/in/odette-norrington-4701,2023-09-11
Saoirse Havercamp,Inglenook Bakery,Staff Engineer,https://www.linkedin.com/in/saoirse-havercamp-4362,2025-04-17
Rhys Mkhize,Ambrose Trading,Staff Engineer,,2020-03-18
Gideon Lomsadze,Yardley Print,Program Manager,https://www.linkedin.com/in/gideon-lomsadze-6696,2022-10-19
Margot Ferreira,Tannerly Design,VP Data & Analytics,https://www.linkedin.com/in/margot-ferreira-5045,2016-07-07
Casper Halloran,Elmsworth Tutors,Program Manager,https://www.linkedin.com/in/casper-halloran-5046,2017-08-31
Margot Hartigan,Quintrell Advisory,Platform Lead,https://www.linkedin.com/in/margot-hartigan-3579,2019-07-06
Bram Marchetti,Ondermark Consulting,Director of Software Engineering,https://www.linkedin.com/in/bram-marchetti-5157,2021-04-27
Hana Achterberg,Inglenook Bakery,Engineering Manager,https://www.linkedin.com/in/hana-achterberg-5102,2016-04-12
Sabine Okonkwo,Bellchamber Media,Staff Engineer,https://www.linkedin.com/in/sabine-okonkwo-5816,2018-05-05
Perrine Ferreira,Highmoor Cycles,Staff Engineer,https://www.linkedin.com/in/perrine-ferreira-6374,2019-11-09
Anouk Isenberg,Corbridge Realty,Program Manager,https://www.linkedin.com/in/anouk-isenberg-8915,2024-12-18
Amara Norrington,Quintrell Advisory,Head of Innovation,,2025-05-04
Zaid Petrossian,Ambrose Trading,Head of Automation,https://www.linkedin.com/in/zaid-petrossian-2942,2021-08-15
Kwame Rushworth,Corbridge Realty,"Senior Manager, Engineering",https://www.linkedin.com/in/kwame-rushworth-9988,2019-09-06
Duarte Thackeray,Elmsworth Tutors,Chief Technology Officer,https://www.linkedin.com/in/duarte-thackeray-6824,2024-06-19
Liesel Havercamp,Zenner Foods,"Senior Manager, Engineering",https://www.linkedin.com/in/liesel-havercamp-1933,2024-03-29
Hugo Thackeray,Ondermark Consulting,Head of Developer Productivity,https://www.linkedin.com/in/hugo-thackeray-7163,2020-05-10
Margot Marchetti,Zenner Foods,Program Manager,https://www.linkedin.com/in/margot-marchetti-3156,2018-06-04
Teodor Vandermolen,Dunmowe Travel,Director of IT,https://www.linkedin.com/in/teodor-vandermolen-4963,2018-02-07
Yusuf Bellinger,Pale Harbour Studio,Platform Lead,https://www.linkedin.com/in/yusuf-bellinger-1556,2022-08-10
Devin Dellinger,Elmsworth Tutors,"Senior Manager, Engineering",https://www.linkedin.com/in/devin-dellinger-5765,2023-05-18
Silas Marchetti,Dunmowe Travel,"Senior Manager, Engineering",https://www.linkedin.com/in/silas-marchetti-2589,2022-08-26
Liesel Vasquez,Xanthe Labs,Chief Information Officer,https://www.linkedin.com/in/liesel-vasquez-3578,2016-10-24
Rhys Lindqvist,Zenner Foods,Head of Innovation,https://www.linkedin.com/in/rhys-lindqvist-2685,2020-10-09
Hana Brenneman,Inglenook Bakery,Head of Automation,https://www.linkedin.com/in/hana-brenneman-7382,2018-11-24
Niall Dellinger,Ondermark Consulting,Chief Information Officer,https://www.linkedin.com/in/niall-dellinger-4004,2024-06-09
Kofi Kettleborough,Dunmowe Travel,Head of Innovation,https://www.linkedin.com/in/kofi-kettleborough-3544,2021-01-22
·Joaquín Fontaine,Inglenook Bakery,Product Director,https://www.linkedin.com/in/joaquin-fontaine-6207,2017-04-17
Nadia Drummond,Tannerly Design,Chief Technology Officer,https://www.linkedin.com/in/nadia-drummond-7460,2017-03-08
Teodor Sandoval,Dunmowe Travel,Principal Architect,https://www.linkedin.com/in/teodor-sandoval-9833,2017-05-29
Desmond Dobrescu,Whitlock Staffing,Program Manager,https://www.linkedin.com/in/desmond-dobrescu-8022,2022-01-28
Yara Wolstenholme,Dunmowe Travel,Platform Lead,https://www.linkedin.com/in/yara-wolstenholme-9719,2020-07-06
Tilda Ferreira,Bellchamber Media,Program Manager,https://www.linkedin.com/in/tilda-ferreira-9308,2022-04-25
Tanvi Ibarra,Ondermark Consulting,Principal Architect,https://www.linkedin.com/in/tanvi-ibarra-8563,2018-10-20
Wren Lindqvist,Tannerly Design,Head of Innovation,https://www.linkedin.com/in/wren-lindqvist-9601,2024-01-25
Yara Cardoso,Pale Harbour Studio,Head of Innovation,https://www.linkedin.com/in/yara-cardoso-9992,2018-12-06
Kwame Jarrold,Ambrose Trading,Chief Technology Officer,https://www.linkedin.com/in/kwame-jarrold-6991,2020-01-23
Leandro Fontaine,Highmoor Cycles,Platform Lead,https://www.linkedin.com/in/leandro-fontaine-4378,2017-03-02
Sunniva Højgaard,Ellerby Semiconductor,Chief Digital Officer,https://www.linkedin.com/in/sunniva-hojgaard-4894,2014-07-24
Greta Cardoso,Vespermill Analytics,Head of Innovation,https://www.linkedin.com/in/greta-cardoso-9017,2017-09-09
Owen Halloran,Ambrose Trading,Product Director,,2017-03-27
Freya Grimsby,Highmoor Cycles,Program Manager,https://www.linkedin.com/in/freya-grimsby-7259,2021-10-22
Emeka Dobrescu,Garrowby Books,Head of Innovation,https://www.linkedin.com/in/emeka-dobrescu-8647,2016-11-13
Emeka Prendergast,Yardley Print,Program Manager,https://www.linkedin.com/in/emeka-prendergast-1164,2016-09-26
Tilda Prendergast,Fairbourne Fitness,"Senior Manager, Engineering",https://www.linkedin.com/in/tilda-prendergast-1527,2023-06-03
Desmond Ashdown,Underwood & Vale,Chief Data Officer,https://www.linkedin.com/in/desmond-ashdown-1383,2018-08-20
Ravi Cathcart,Pale Harbour Studio,Staff Engineer,https://www.linkedin.com/in/ravi-cathcart-8906,2024-02-10
Bo Ingleby,Bellchamber Media,Principal Architect,https://www.linkedin.com/in/bo-ingleby-6430,2024-05-01
Tomás Havercamp,Elmsworth Tutors,Chief Data Officer,https://www.linkedin.com/in/tomas-havercamp-2422,2016-05-23
Niall Ibarra,Ondermark Consulting,"Senior Manager, Engineering",https://www.linkedin.com/in/niall-ibarra-4802,2021-04-05
Tilda Zettergren,Highmoor Cycles,Director of Software Engineering,https://www.linkedin.com/in/tilda-zettergren-4715,2024-02-24
Priya Isenberg,Highmoor Cycles,Principal Architect,https://www.linkedin.com/in/priya-isenberg-7668,2016-05-14
Leandro Lindqvist,Fairbourne Fitness,"Senior Manager, Engineering",https://www.linkedin.com/in/leandro-lindqvist-6311,2022-11-05
Otto Achterberg,Tannerly Design,Product Director,https://www.linkedin.com/in/otto-achterberg-8800,2024-12-02
Hana Ashdown,Tannerly Design,Principal Architect,https://www.linkedin.com/in/hana-ashdown-7755,2019-03-16
Tanvi Crowther,Elmsworth Tutors,Head of Innovation,https://www.linkedin.com/in/tanvi-crowther-2653,2019-04-30
Tomás Fairweather,Tannerly Design,Head of Automation,https://www.linkedin.com/in/tomas-fairweather-4214,2025-02-01
Niall Salcedo,Corbridge Realty,Product Director,https://www.linkedin.com/in/niall-salcedo-7401,2022-11-13
Renata Kettleborough,Fairbourne Fitness,Head of Automation,https://www.linkedin.com/in/renata-kettleborough-9921,2019-12-11
Tanvi Højgaard,Ondermark Consulting,Platform Lead,https://www.linkedin.com/in/tanvi-hojgaard-2884,2018-08-04
Xiomara Isenberg,Quintrell Advisory,Director of IT,https://www.linkedin.com/in/xiomara-isenberg-3566,2016-09-16
Marcus Underhill,Ondermark Consulting,Head of Innovation,https://www.linkedin.com/in/marcus-underhill-7406,2019-06-05
Casper Quillane,Underwood & Vale,Head of Automation,https://www.linkedin.com/in/casper-quillane-4631,2023-01-30
Priya Vandermolen,Dunmowe Travel,Engineering Manager,https://www.linkedin.com/in/priya-vandermolen-1975,2024-01-13
Perrine Ashdown,Pale Harbour Studio,Head of Platform Engineering,https://www.linkedin.com/in/perrine-ashdown-1686,2021-10-11
Tomás Brenneman,Tannerly Design,Program Manager,https://www.linkedin.com/in/tomas-brenneman-3695,2019-11-25
·Joaquín Oyelaran,Corbridge Realty,Program Manager,https://www.linkedin.com/in/joaquin-oyelaran-7430,2022-04-09
Marcus Fairweather,Corbridge Realty,Platform Lead,https://www.linkedin.com/in/marcus-fairweather-6282,2019-04-23
Gideon Cathcart,Zenner Foods,Program Manager,https://www.linkedin.com/in/gideon-cathcart-6170,2024-08-19
Anouk Ibarra,Pale Harbour Studio,VP Engineering,https://www.linkedin.com/in/anouk-ibarra-1156,2019-06-10
Gideon Egerton,Vespermill Analytics,Head of Innovation,https://www.linkedin.com/in/gideon-egerton-9214,2015-10-28
Bertrand Ibarra,Underwood & Vale,Director of Software Engineering,https://www.linkedin.com/in/bertrand-ibarra-6793,2021-03-24
Kofi Prendergast,Whitlock Staffing,"Senior Manager, Engineering",,2022-06-13
Curtis Bellinger,Elmsworth Tutors,Program Manager,https://www.linkedin.com/in/curtis-bellinger-9445,2023-11-02
Camille Falkenrath,Rooksby Legal,Program Manager,https://www.linkedin.com/in/camille-falkenrath-7626,2024-04-29
Greta Lomsadze,Ambrose Trading,Head of Innovation,https://www.linkedin.com/in/greta-lomsadze-6091,2019-12-03
Dana Isenberg,Elmsworth Tutors,VP Engineering,https://www.linkedin.com/in/dana-isenberg-3295,2022-05-29
Kian Vasquez,Vespermill Analytics,Staff Engineer,https://www.linkedin.com/in/kian-vasquez-4243,2024-05-24
Kofi Bellinger,Yardley Print,Staff Engineer,https://www.linkedin.com/in/kofi-bellinger-9054,2018-11-23
Mei Isenberg,Fairbourne Fitness,VP Engineering,https://www.linkedin.com/in/mei-isenberg-1832,2024-01-31
Nadia Brenneman,Vespermill Analytics,Platform Lead,https://www.linkedin.com/in/nadia-brenneman-6804,2024-08-08
Owen Salcedo,Fairbourne Fitness,SVP Digital,https://www.linkedin.com/in/owen-salcedo-9729,2019-07-28
Anouk Halloran,Inglenook Bakery,Staff Engineer,https://www.linkedin.com/in/anouk-halloran-2499,2023-09-10
Emeka Zubkov,Dunmowe Travel,Engineering Manager,https://www.linkedin.com/in/emeka-zubkov-3638,2020-03-10
Arjun Vasquez,Ondermark Consulting,Platform Lead,https://www.linkedin.com/in/arjun-vasquez-6268,2020-07-24
Rosalind Fairweather,Pale Harbour Studio,"Senior Manager, Engineering",https://www.linkedin.com/in/rosalind-fairweather-5436,2025-02-27
Marisol Fairweather,Yardley Print,Engineering Manager,https://www.linkedin.com/in/marisol-fairweather-3761,2021-02-23
Hugo Underhill,Underwood & Vale,"Senior Manager, Engineering",,2015-11-21
Bram Yarrow,Corbridge Realty,VP Engineering,https://www.linkedin.com/in/bram-yarrow-4022,2020-08-06
Desmond Vasquez,Zenner Foods,Director of Software Engineering,https://www.linkedin.com/in/desmond-vasquez-9287,2018-11-30
Ansel Oyelaran,Whitlock Staffing,Program Manager,https://www.linkedin.com/in/ansel-oyelaran-6379,2018-01-12
Nadia Dellinger,Corbridge Realty,Program Manager,https://www.linkedin.com/in/nadia-dellinger-7868,2016-12-26
Dana Ferreira,Xanthe Labs,Product Director,https://www.linkedin.com/in/dana-ferreira-3970,2019-10-04
Zaid Hartigan,Rooksby Legal,Platform Lead,https://www.linkedin.com/in/zaid-hartigan-7742,2017-09-25
Astrid Quillane,Quintrell Advisory,"Senior Manager, Engineering",https://www.linkedin.com/in/astrid-quillane-1022,2023-10-01
Renata Rushworth,Whitlock Staffing,Director of IT,https://www.linkedin.com/in/renata-rushworth-6977,2018-05-05
Dev Zettergren,Ambrose Trading,Platform Lead,https://www.linkedin.com/in/dev-zettergren-8872,2022-06-25
Duarte Sandoval,Tannerly Design,Director of IT,https://www.linkedin.com/in/duarte-sandoval-7553,2025-06-19
Saoirse Oldfield,Xanthe Labs,Head of Developer Productivity,https://www.linkedin.com/in/saoirse-oldfield-7709,2019-09-23
Bo Salcedo,Xanthe Labs,Staff Engineer,https://www.linkedin.com/in/bo-salcedo-7993,2016-04-08
Ingrid Grimsby,Rooksby Legal,Chief Technology Officer,https://www.linkedin.com/in/ingrid-grimsby-7188,2015-10-12
Freya Drummond,Tannerly Design,Platform Lead,https://www.linkedin.com/in/freya-drummond-8942,2022-11-13
Hana Oldfield,Vespermill Analytics,Director of IT,https://www.linkedin.com/in/hana-oldfield-5986,2020-10-04
Otto Dellinger,Corbridge Realty,Director of IT,https://www.linkedin.com/in/otto-dellinger-6683,2019-01-03
Kian Thackeray,Rooksby Legal,SVP Digital,https://www.linkedin.com/in/kian-thackeray-3889,2022-08-08
Fenella Salcedo,Quintrell Advisory,Platform Lead,https://www.linkedin.com/in/fenella-salcedo-6192,2019-03-20
Matteo Glückstein,Elmsworth Tutors,Principal Architect,https://www.linkedin.com/in/matteo-gluckstein-5391,2016-08-31
Rosalind Petrossian,Rooksby Legal,SVP Digital,https://www.linkedin.com/in/rosalind-petrossian-6401,2020-03-06
Bram Petrossian,Bellchamber Media,Platform Lead,https://www.linkedin.com/in/bram-petrossian-5934,2023-11-19
Margot Petrossian,Yardley Print,Chief Digital Officer,https://www.linkedin.com/in/margot-petrossian-3675,2020-05-31
Niall Ferreira,Pale Harbour Studio,Engineering Manager,https://www.linkedin.com/in/niall-ferreira-9436,2021-10-31
Devin Drummond,Underwood & Vale,VP Engineering,https://www.linkedin.com/in/devin-drummond-3275,2015-10-02
Liesel Salcedo,Zenner Foods,Head of Automation,,2024-03-10
Rhys Yarrow,Ondermark Consulting,Chief Data Officer,https://www.linkedin.com/in/rhys-yarrow-9446,2017-01-13
Silas Jarrold,Inglenook Bakery,Chief Information Officer,https://www.linkedin.com/in/silas-jarrold-9218,2015-10-25
Greta Hartigan,Yardley Print,Head of Automation,https://www.linkedin.com/in/greta-hartigan-1901,2025-04-17
Duarte Brenneman,Elmsworth Tutors,Program Manager,https://www.linkedin.com/in/duarte-brenneman-2687,2021-05-21
Tomás Grimsby,Zenner Foods,Head of Platform Engineering,https://www.linkedin.com/in/tomas-grimsby-6872,2017-07-13
Marisol Drummond,Ambrose Trading,Head of Innovation,https://www.linkedin.com/in/marisol-drummond-3989,2025-02-16
Dev Dellinger,Elmsworth Tutors,VP Data & Analytics,https://www.linkedin.com/in/dev-dellinger-7872,2018-08-04
Nadia Vandermolen,Quintrell Advisory,"Senior Manager, Engineering",https://www.linkedin.com/in/nadia-vandermolen-1979,2025-05-31
Kian Isenberg,Garrowby Books,Staff Engineer,https://www.linkedin.com/in/kian-isenberg-2525,2018-01-10
Priya Ferreira,Corbridge Realty,Head of Platform Engineering,https://www.linkedin.com/in/priya-ferreira-2347,2020-01-01
Dana Mkhize,Ambrose Trading,Chief Technology Officer,https://www.linkedin.com/in/dana-mkhize-6309,2016-04-05
Bram Fontaine,Tannerly Design,Director of Software Engineering,https://www.linkedin.com/in/bram-fontaine-6387,2021-01-02
Sunniva Glückstein,Garrowby Books,VP Enterprise Architecture,https://www.linkedin.com/in/sunniva-gluckstein-9570,2016-12-13
Noor Fontaine,Vespermill Analytics,Product Director,https://www.linkedin.com/in/noor-fontaine-9633,2015-09-29
Dana Quillane,Dunmowe Travel,"Senior Manager, Engineering",https://www.linkedin.com/in/dana-quillane-2403,2019-03-06
Sloane Balogun,Yardley Print,Director of Software Engineering,https://www.linkedin.com/in/sloane-balogun-5081,2024-06-19
Lucia Oldfield,Corbridge Realty,Head of Developer Productivity,,2020-05-24
Liesel Sandoval,Garrowby Books,Product Director,https://www.linkedin.com/in/liesel-sandoval-9966,2019-12-23
Espen Wexford,Fairbourne Fitness,Head of Automation,https://www.linkedin.com/in/espen-wexford-5523,2018-06-14
Sloane Thackeray,Fairbourne Fitness,Head of Innovation,https://www.linkedin.com/in/sloane-thackeray-3407,2022-12-12
Desmond Havercamp,Quintrell Advisory,"Senior Manager, Engineering",https://www.linkedin.com/in/desmond-havercamp-2323,2024-08-22
Noor Zettergren,Ondermark Consulting,Head of Developer Productivity,https://www.linkedin.com/in/noor-zettergren-6715,2024-11-04
Hugo Falkenrath,Zenner Foods,Director of IT,https://www.linkedin.com/in/hugo-falkenrath-5239,2019-02-02
Bo Underhill,Bellchamber Media,Director of IT,https://www.linkedin.com/in/bo-underhill-9632,2019-04-14
Silas Fontaine,Tannerly Design,Head of Automation,https://www.linkedin.com/in/silas-fontaine-9214,2021-10-12
Nadia Egerton,Elmsworth Tutors,Director of IT,https://www.linkedin.com/in/nadia-egerton-9226,2023-07-13
Solveig Oldfield,Ambrose Trading,Product Director,https://www.linkedin.com/in/solveig-oldfield-3235,2021-05-03
Espen Cardoso,Pale Harbour Studio,Head of Automation,https://www.linkedin.com/in/espen-cardoso-7805,2022-01-26
Wren Hartigan,Yardley Print,Head of Platform Engineering,https://www.linkedin.com/in/wren-hartigan-3989,2021-02-19
Devin Ashdown,Whitlock Staffing,VP Data & Analytics,https://www.linkedin.com/in/devin-ashdown-6329,2022-12-03
Yara Dellinger,Whitlock Staffing,Program Manager,https://www.linkedin.com/in/yara-dellinger-5932,2021-07-09
Imani Kirkbride,Underwood & Vale,Chief Data Officer,https://www.linkedin.com/in/imani-kirkbride-9715,2016-06-08
Matteo Dellinger,Garrowby Books,Chief Data Officer,https://www.linkedin.com/in/matteo-dellinger-6462,2018-10-12
Perrine Jarrold,Dunmowe Travel,Chief Operating Officer,https://www.linkedin.com/in/perrine-jarrold-3678,2018-05-24
Idris Fontaine,Highmoor Cycles,Platform Lead,https://www.linkedin.com/in/idris-fontaine-4513,2016-01-29
Otto Balogun,Corbridge Realty,Head of Platform Engineering,https://www.linkedin.com/in/otto-balogun-4021,2019-04-04
Rafael Eastcott,Fairbourne Fitness,Head of Developer Productivity,https://www.linkedin.com/in/rafael-eastcott-3260,2022-01-16
Renata Falkenrath,Garrowby Books,Principal Architect,https://www.linkedin.com/in/renata-falkenrath-4235,2022-06-04
Saoirse Merriweather,Rooksby Legal,Head of Automation,https://www.linkedin.com/in/saoirse-merriweather-5259,2016-05-13
Espen Ibarra,Ondermark Consulting,Engineering Manager,,2017-08-16
Freya Dellinger,Whitlock Staffing,Head of Automation,https://www.linkedin.com/in/freya-dellinger-4307,2018-07-15
Yara Lomsadze,Bellchamber Media,Head of Innovation,https://www.linkedin.com/in/yara-lomsadze-5767,2016-10-30
Yusuf Jarrold,Garrowby Books,Engineering Manager,https://www.linkedin.com/in/yusuf-jarrold-1241,2016-10-08
Fenella Glückstein,Rooksby Legal,Head of Automation,https://www.linkedin.com/in/fenella-gluckstein-3972,2022-11-08
Malik Oldfield,Highmoor Cycles,Staff Engineer,https://www.linkedin.com/in/malik-oldfield-4774,2019-02-12
Noor Eastcott,Elmsworth Tutors,Product Director,https://www.linkedin.com/in/noor-eastcott-6832,2018-08-15
·Joaquín Bellinger,Elmsworth Tutors,VP Enterprise Architecture,https://www.linkedin.com/in/joaquin-bellinger-2889,2023-08-11
Saoirse Quillane,Kingsmere Retail Group,VP Data & Analytics,https://www.linkedin.com/in/saoirse-quillane-1557,2023-12-11
Malik Fontaine,Bellchamber Media,Product Director,https://www.linkedin.com/in/malik-fontaine-6389,2020-02-11
Perrine Salcedo,Dunmowe Travel,Chief Technology Officer,https://www.linkedin.com/in/perrine-salcedo-6684,2015-12-25
Greta Falkenrath,Dunmowe Travel,Director of IT,https://www.linkedin.com/in/greta-falkenrath-2884,2023-07-19
Tanvi Underhill,Garrowby Books,Staff Engineer,https://www.linkedin.com/in/tanvi-underhill-5965,2021-02-19
Noor Nakashima,Zenner Foods,Head of Automation,https://www.linkedin.com/in/noor-nakashima-4633,2021-01-05
Dev Zubkov,Elmsworth Tutors,Staff Engineer,https://www.linkedin.com/in/dev-zubkov-7983,2021-09-01
Dev Wolstenholme,Pale Harbour Studio,Engineering Manager,https://www.linkedin.com/in/dev-wolstenholme-6901,2017-04-15
Amara Bellinger,Dunmowe Travel,Chief Digital Officer,https://www.linkedin.com/in/amara-bellinger-2569,2021-08-21
Hugo Drummond,Highmoor Cycles,Program Manager,https://www.linkedin.com/in/hugo-drummond-6191,2023-12-09
Yara Quillane,Corbridge Realty,Head of Automation,https://www.linkedin.com/in/yara-quillane-8807,2017-04-24
Kwame Crowther,Bellchamber Media,Product Director,https://www.linkedin.com/in/kwame-crowther-2210,2024-09-30
Kofi Cathcart,Corbridge Realty,Staff Engineer,https://www.linkedin.com/in/kofi-cathcart-7352,2018-10-06
Malik Norrington,Inglenook Bakery,"Senior Manager, Engineering",https://www.linkedin.com/in/malik-norrington-5637,2018-09-23
Leandro Sandoval,Pale Harbour Studio,Platform Lead,https://www.linkedin.com/in/leandro-sandoval-6542,2018-12-13
Bertrand Dellinger,Corbridge Realty,Product Director,,2019-07-11
Liesel Vandermolen,Rooksby Legal,Engineering Manager,https://www.linkedin.com/in/liesel-vandermolen-7601,2019-07-01
Gideon Lindqvist,Quintrell Advisory,Product Director,https://www.linkedin.com/in/gideon-lindqvist-9652,2019-08-10
Sloane Ibarra,Ambrose Trading,"Senior Manager, Engineering",https://www.linkedin.com/in/sloane-ibarra-9542,2016-05-05
Bram Eastcott,Elmsworth Tutors,Product Director,https://www.linkedin.com/in/bram-eastcott-5350,2023-11-16
Idris Zettergren,Ambrose Trading,Program Manager,https://www.linkedin.com/in/idris-zettergren-2731,2020-03-05
Duarte Oldfield,Pale Harbour Studio,Product Director,https://www.linkedin.com/in/duarte-oldfield-8224,2024-09-24
Yusuf Thackeray,Fairbourne Fitness,Director of IT,https://www.linkedin.com/in/yusuf-thackeray-2690,2021-07-02
Ravi Prendergast,Underwood & Vale,Chief Information Officer,https://www.linkedin.com/in/ravi-prendergast-4079,2024-02-23
Yusuf Dobrescu,Underwood & Vale,Head of Innovation,https://www.linkedin.com/in/yusuf-dobrescu-8792,2017-12-08
Yusuf Isenberg,Rooksby Legal,Engineering Manager,https://www.linkedin.com/in/yusuf-isenberg-9912,2016-01-08
Yusuf Yarrow,Tannerly Design,Staff Engineer,https://www.linkedin.com/in/yusuf-yarrow-6080,2024-08-09
Dev Fontaine,Highmoor Cycles,Staff Engineer,https://www.linkedin.com/in/dev-fontaine-9229,2020-10-19
Sabine Nakashima,Bexley Bioworks,Chief Data Officer,https://www.linkedin.com/in/sabine-nakashima-7858,2020-05-27
Yara Halloran,Tannerly Design,Product Director,https://www.linkedin.com/in/yara-halloran-5352,2020-08-02
Tanvi Jarrold,Inglenook Bakery,Director of IT,https://www.linkedin.com/in/tanvi-jarrold-6234,2019-03-07
Noor Kettleborough,Quintrell Advisory,Engineering Manager,https://www.linkedin.com/in/noor-kettleborough-1093,2020-07-19
Wren Okonkwo,Elmsworth Tutors,"Senior Manager, Engineering",https://www.linkedin.com/in/wren-okonkwo-3727,2020-09-17
Owen Hartigan,Bellchamber Media,SVP Digital,,2025-05-13
Yara Oyelaran,Tannerly Design,Head of Developer Productivity,https://www.linkedin.com/in/yara-oyelaran-2756,2020-06-27
·Joaquín Dellinger,Ambrose Trading,VP Data & Analytics,https://www.linkedin.com/in/joaquin-dellinger-8576,2024-12-01
Zaid Glückstein,Yardley Print,Program Manager,https://www.linkedin.com/in/zaid-gluckstein-7196,2023-04-08
Hana Rushworth,Quintrell Advisory,Head of Innovation,https://www.linkedin.com/in/hana-rushworth-7286,2024-10-28
Malik Eastcott,Vespermill Analytics,Head of Automation,https://www.linkedin.com/in/malik-eastcott-7776,2020-12-27
Casper Cardoso,Xanthe Labs,Engineering Manager,https://www.linkedin.com/in/casper-cardoso-2151,2023-03-18
Zaid Sandoval,Ambrose Trading,Head of Innovation,https://www.linkedin.com/in/zaid-sandoval-3321,2022-10-05
Greta Nakashima,Quintrell Advisory,SVP Digital,https://www.linkedin.com/in/greta-nakashima-5868,2016-01-17
Callum Ferreira,Quintrell Advisory,Platform Lead,https://www.linkedin.com/in/callum-ferreira-6524,2015-12-27
Sabine Eastcott,Vespermill Analytics,Chief Data Officer,https://www.linkedin.com/in/sabine-eastcott-4732,2024-03-06
Sabine Marchetti,Pale Harbour Studio,Program Manager,https://www.linkedin.com/in/sabine-marchetti-9950,2016-01-07
Amara Glückstein,Whitlock Staffing,Staff Engineer,,2016-11-03
Saoirse Kettleborough,Rooksby Legal,Head of Innovation,https://www.linkedin.com/in/saoirse-kettleborough-7877,2019-09-12
Desmond Nakashima,Pale Harbour Studio,Chief Operating Officer,https://www.linkedin.com/in/desmond-nakashima-5403,2022-05-19
Malik Falkenrath,Corbridge Realty,Staff Engineer,https://www.linkedin.com/in/malik-falkenrath-9165,2018-01-26
Dev Quillane,Inglenook Bakery,Staff Engineer,https://www.linkedin.com/in/dev-quillane-3774,2020-10-19
Hana Cardoso,Dunmowe Travel,Director of IT,https://www.linkedin.com/in/hana-cardoso-6357,2017-12-07
Rosalind Ingleby,Corbridge Realty,Director of Software Engineering,https://www.linkedin.com/in/rosalind-ingleby-1697,2019-08-15
Marisol Vandermolen,Xanthe Labs,Chief Information Officer,https://www.linkedin.com/in/marisol-vandermolen-7822,2021-09-02
Liesel Ingleby,Quintrell Advisory,Principal Architect,https://www.linkedin.com/in/liesel-ingleby-4026,2016-10-25
Greta Quillane,Tannerly Design,Engineering Manager,https://www.linkedin.com/in/greta-quillane-4838,2021-06-17
Rhys Kettleborough,Zenner Foods,Chief Operating Officer,https://www.linkedin.com/in/rhys-kettleborough-8204,2019-02-17
Hugo Oyelaran,Highmoor Cycles,VP Data & Analytics,https://www.linkedin.com/in/hugo-oyelaran-6171,2020-02-15
Tanvi Achterberg,Ambrose Trading,"Senior Manager, Engineering",https://www.linkedin.com/in/tanvi-achterberg-1959,2020-02-01
Sabine Sandoval,Xanthe Labs,Chief Data Officer,https://www.linkedin.com/in/sabine-sandoval-5550,2020-02-09
Sloane Achterberg,Underwood & Vale,Chief Digital Officer,https://www.linkedin.com/in/sloane-achterberg-4439,2017-04-27
Bo Kettleborough,Rooksby Legal,"Senior Manager, Engineering",,2023-08-11
Dana Fairweather,Ambrose Trading,Director of Software Engineering,https://www.linkedin.com/in/dana-fairweather-9151,2025-02-02
Desmond Achterberg,Garrowby Books,Platform Lead,https://www.linkedin.com/in/desmond-achterberg-2025,2025-03-09
Desmond Underhill,Tannerly Design,Program Manager,https://www.linkedin.com/in/desmond-underhill-9779,2025-01-19
Sunniva Okonkwo,Yardley Print,Staff Engineer,https://www.linkedin.com/in/sunniva-okonkwo-7043,2023-10-16
Freya Falkenrath,Xanthe Labs,Head of Automation,https://www.linkedin.com/in/freya-falkenrath-5631,2022-10-09
Otto Ibarra,Ambrose Trading,Engineering Manager,https://www.linkedin.com/in/otto-ibarra-7849,2018-12-21
Teodor Drummond,Fairbourne Fitness,Principal Architect,,2021-05-16
Freya Kettleborough,Underwood & Vale,Engineering Manager,https://www.linkedin.com/in/freya-kettleborough-6578,2022-12-08
Renata Oyelaran,Vespermill Analytics,Engineering Manager,https://www.linkedin.com/in/renata-oyelaran-6227,2021-05-05
Ravi Merriweather,Ondermark Consulting,Product Director,https://www.linkedin.com/in/ravi-merriweather-2735,2017-06-25
Teodor Cathcart,Whitlock Staffing,Head of Innovation,https://www.linkedin.com/in/teodor-cathcart-6400,2023-07-07
Margot Drummond,Rooksby Legal,Head of Automation,https://www.linkedin.com/in/margot-drummond-8156,2019-06-06
Xiomara Eastcott,Pale Harbour Studio,"Senior Manager, Engineering",https://www.linkedin.com/in/xiomara-eastcott-6164,2017-12-15
Callum Balogun,Ondermark Consulting,Platform Lead,https://www.linkedin.com/in/callum-balogun-4733,2020-07-19
Perrine Wolstenholme,Fairbourne Fitness,Program Manager,https://www.linkedin.com/in/perrine-wolstenholme-3060,2024-04-29
Sabine Wexford,Bellchamber Media,Chief Digital Officer,https://www.linkedin.com/in/sabine-wexford-7431,2023-03-18
Xiomara Underhill,Quintrell Advisory,Head of Platform Engineering,https://www.linkedin.com/in/xiomara-underhill-8673,2020-08-18
Ansel Zubkov,Quintrell Advisory,Product Director,https://www.linkedin.com/in/ansel-zubkov-5951,2018-04-17
Noor Fairweather,Underwood & Vale,SVP Digital,,2018-05-11
Yusuf Balogun,Underwood & Vale,Head of Innovation,https://www.linkedin.com/in/yusuf-balogun-9912,2021-08-21
Ilse Egerton,Inglenook Bakery,Principal Architect,https://www.linkedin.com/in/ilse-egerton-3706,2015-12-04
Espen Nakashima,Bellchamber Media,VP Engineering,https://www.linkedin.com/in/espen-nakashima-1152,2022-10-12
Rafael Yarrow,Ondermark Consulting,Product Director,https://www.linkedin.com/in/rafael-yarrow-6495,2022-05-01
Ingrid Marchetti,Harrowgate Health,Head of Developer Productivity,https://www.linkedin.com/in/ingrid-marchetti-5722,2017-10-05
Mei Marchetti,Garrowby Books,Product Director,,2018-03-02
Hana Halloran,Corbridge Realty,Director of Software Engineering,https://www.linkedin.com/in/hana-halloran-9462,2022-03-20
Marcus Vasquez,Fairbourne Fitness,Platform Lead,https://www.linkedin.com/in/marcus-vasquez-4596,2023-08-27
Tomás Wolstenholme,Ondermark Consulting,Program Manager,https://www.linkedin.com/in/tomas-wolstenholme-4567,2023-03-25
Silas Egerton,Ondermark Consulting,Head of Developer Productivity,https://www.linkedin.com/in/silas-egerton-5967,2016-09-03
Rosalind Vandermolen,Tannerly Design,Engineering Manager,,2022-03-29
Otto Vasquez,Pale Harbour Studio,Head of Automation,https://www.linkedin.com/in/otto-vasquez-8636,2020-08-29
Desmond Thackeray,Pale Harbour Studio,Head of Platform Engineering,https://www.linkedin.com/in/desmond-thackeray-6616,2021-02-20
Callum Glückstein,Yardley Print,Chief Digital Officer,https://www.linkedin.com/in/callum-gluckstein-3455,2017-10-25
Rafael Højgaard,Dunmowe Travel,Head of Innovation,https://www.linkedin.com/in/rafael-hojgaard-6624,2017-02-01
Margot Brenneman,Inglenook Bakery,Chief Information Officer,https://www.linkedin.com/in/margot-brenneman-3338,2024-08-20
Anouk Quillane,Quintrell Advisory,Head of Innovation,https://www.linkedin.com/in/anouk-quillane-9309,2022-07-06
Xiomara Højgaard,Tannerly Design,Director of IT,https://www.linkedin.com/in/xiomara-hojgaard-9930,2020-04-13
Niall Underhill,Quintrell Advisory,Staff Engineer,https://www.linkedin.com/in/niall-underhill-4304,2018-10-05
Sunniva Yarrow,Highmoor Cycles,Head of Automation,https://www.linkedin.com/in/sunniva-yarrow-9472,2021-10-21
Rosalind Wexford,Yardley Print,Principal Architect,https://www.linkedin.com/in/rosalind-wexford-8144,2019-01-08
Renata Balogun,Underwood & Vale,Engineering Manager,https://www.linkedin.com/in/renata-balogun-4795,2023-06-18
Ilse Brenneman,Yardley Print,Principal Architect,https://www.linkedin.com/in/ilse-brenneman-4922,2022-04-13
Ilse Wexford,Yardley Print,Engineering Manager,https://www.linkedin.com/in/ilse-wexford-6335,2023-06-29
Ansel Havercamp,Quintrell Advisory,Head of Platform Engineering,https://www.linkedin.com/in/ansel-havercamp-6316,2020-11-28
Leandro Egerton,Ambrose Trading,Product Director,https://www.linkedin.com/in/leandro-egerton-5614,2022-12-03
Lucia Achterberg,Elmsworth Tutors,Program Manager,https://www.linkedin.com/in/lucia-achterberg-4299,2017-09-25
Bram Havercamp,Rooksby Legal,Product Director,https://www.linkedin.com/in/bram-havercamp-4958,2017-02-08
Tomás Ibarra,Dunmowe Travel,Chief Information Officer,https://www.linkedin.com/in/tomas-ibarra-1166,2019-12-19
Perrine Drummond,Highmoor Cycles,Staff Engineer,https://www.linkedin.com/in/perrine-drummond-1063,2020-02-06
Duarte Oyelaran,Ondermark Consulting,Platform Lead,https://www.linkedin.com/in/duarte-oyelaran-5831,2022-10-26
Imani Salcedo,Underwood & Vale,Chief Operating Officer,https://www.linkedin.com/in/imani-salcedo-6305,2020-11-17
Marisol Quillane,Ondermark Consulting,Head of Automation,,2021-08-31
Kwame Okonkwo,Dunmowe Travel,Director of IT,,2016-04-02
Curtis Oldfield,Corbridge Realty,Staff Engineer,https://www.linkedin.com/in/curtis-oldfield-1648,2017-02-23
Yara Kirkbride,Inglenook Bakery,VP Engineering,,2019-10-31
Zaid Grimsby,Whitlock Staffing,Program Manager,,2021-11-15
Marcus Jarrold,Ambrose Trading,VP Engineering,https://www.linkedin.com/in/marcus-jarrold-2701,2025-02-21
Kian Zubkov,Xanthe Labs,Chief Information Officer,https://www.linkedin.com/in/kian-zubkov-6946,2021-07-29
Margot Yarrow,Tannerly Design,Director of IT,https://www.linkedin.com/in/margot-yarrow-4563,2020-03-31
Anouk Wolstenholme,Tannerly Design,Engineering Manager,https://www.linkedin.com/in/anouk-wolstenholme-9131,2020-01-01
Espen Brenneman,Dunmowe Travel,Director of IT,https://www.linkedin.com/in/espen-brenneman-1851,2021-09-04
Elena Halloran,Highmoor Cycles,Director of Software Engineering,https://www.linkedin.com/in/elena-halloran-1899,2017-01-12
Perrine Dobrescu,Inglenook Bakery,Engineering Manager,https://www.linkedin.com/in/perrine-dobrescu-7557,2023-10-15
Malik Rushworth,Dunmowe Travel,Staff Engineer,https://www.linkedin.com/in/malik-rushworth-1586,2023-10-13
Leandro Yarrow,Underwood & Vale,Chief Data Officer,https://www.linkedin.com/in/leandro-yarrow-8912,2022-11-09
Bram Kettleborough,Pale Harbour Studio,VP Engineering,https://www.linkedin.com/in/bram-kettleborough-5945,2020-12-28
Ilse Fontaine,Vespermill Analytics,Principal Architect,https://www.linkedin.com/in/ilse-fontaine-8234,2023-03-02
Curtis Sandoval,Rooksby Legal,Product Director,https://www.linkedin.com/in/curtis-sandoval-8107,2023-08-25
Priya Underhill,Ondermark Consulting,Engineering Manager,https://www.linkedin.com/in/priya-underhill-1233,2019-07-13
Imani Grimsby,Bellchamber Media,"Senior Manager, Engineering",,2024-12-17
Sloane Wolstenholme,Rooksby Legal,Program Manager,https://www.linkedin.com/in/sloane-wolstenholme-5777,2022-03-08
Marisol Zubkov,Elmsworth Tutors,Head of Automation,https://www.linkedin.com/in/marisol-zubkov-4466,2022-03-04
Owen Balogun,Fairbourne Fitness,Head of Automation,https://www.linkedin.com/in/owen-balogun-1590,2017-10-08
Xiomara Dobrescu,Xanthe Labs,Chief Technology Officer,https://www.linkedin.com/in/xiomara-dobrescu-9457,2019-07-30
Zaid Halloran,Bellchamber Media,VP Data & Analytics,https://www.linkedin.com/in/zaid-halloran-1395,2023-12-08
Zaid Wolstenholme,Vespermill Analytics,Principal Architect,https://www.linkedin.com/in/zaid-wolstenholme-8083,2024-04-19
Emeka Underhill,Vespermill Analytics,Head of Innovation,https://www.linkedin.com/in/emeka-underhill-3725,2016-02-29
Dana Eastcott,Tannerly Design,Engineering Manager,https://www.linkedin.com/in/dana-eastcott-4237,2017-06-22
Anouk Hartigan,Dunmowe Travel,Chief Information Officer,https://www.linkedin.com/in/anouk-hartigan-6992,2018-05-15
Margot Wolstenholme,Ondermark Consulting,"Senior Manager, Engineering",https://www.linkedin.com/in/margot-wolstenholme-8456,2015-12-26
·Joaquín Brenneman,Bellchamber Media,"Senior Manager, Engineering",https://www.linkedin.com/in/joaquin-brenneman-1780,2017-06-22
·Joaquín Højgaard,Elmsworth Tutors,Director of Software Engineering,https://www.linkedin.com/in/joaquin-hojgaard-7365,2016-04-17
Amara Underhill,Zenner Foods,Staff Engineer,https://www.linkedin.com/in/amara-underhill-6440,2023-06-09
Duarte Marchetti,Vespermill Analytics,Head of Automation,https://www.linkedin.com/in/duarte-marchetti-9419,2020-02-11
Gideon Okonkwo,Tannerly Design,Engineering Manager,https://www.linkedin.com/in/gideon-okonkwo-9368,2019-09-29
Yara Cathcart,Rooksby Legal,Product Director,https://www.linkedin.com/in/yara-cathcart-4071,2023-05-08
Anouk Underhill,Ondermark Consulting,Chief Data Officer,https://www.linkedin.com/in/anouk-underhill-8001,2020-01-11
Anouk Ferreira,Elmsworth Tutors,Principal Architect,https://www.linkedin.com/in/anouk-ferreira-9222,2025-05-19
Margot Zettergren,Vespermill Analytics,Platform Lead,https://www.linkedin.com/in/margot-zettergren-4541,2021-07-28
Renata Crowther,Underwood & Vale,"Senior Manager, Engineering",https://www.linkedin.com/in/renata-crowther-5300,2021-11-14
Rafael Halloran,Tannerly Design,Director of IT,https://www.linkedin.com/in/rafael-halloran-3195,2024-02-06
Teodor Dellinger,Fairbourne Fitness,VP Engineering,https://www.linkedin.com/in/teodor-dellinger-2987,2017-01-31
Marisol Okonkwo,Highmoor Cycles,Engineering Manager,https://www.linkedin.com/in/marisol-okonkwo-4413,2021-10-29
Liesel Quillane,Tannerly Design,Director of IT,https://www.linkedin.com/in/liesel-quillane-8603,2021-12-31
Duarte Zubkov,Bellchamber Media,Director of IT,https://www.linkedin.com/in/duarte-zubkov-8667,2015-12-26
Emeka Wolstenholme,Bellchamber Media,Chief Operating Officer,https://www.linkedin.com/in/emeka-wolstenholme-6786,2020-08-01
Kofi Okonkwo,Corbridge Realty,Head of Automation,https://www.linkedin.com/in/kofi-okonkwo-4518,2023-01-24
Silas Bellinger,Rooksby Legal,Engineering Manager,https://www.linkedin.com/in/silas-bellinger-7611,2018-01-13
Devin Underhill,Zenner Foods,Head of Automation,https://www.linkedin.com/in/devin-underhill-4011,2016-03-14
Bram Salcedo,Highmoor Cycles,Program Manager,https://www.linkedin.com/in/bram-salcedo-5954,2016-07-31
Yusuf Dellinger,Xanthe Labs,Platform Lead,https://www.linkedin.com/in/yusuf-dellinger-6661,2019-03-25
Saoirse Achterberg,Quintrell Advisory,Head of Platform Engineering,https://www.linkedin.com/in/saoirse-achterberg-6977,2024-08-24
Nadia Grimsby,Pale Harbour Studio,Director of IT,https://www.linkedin.com/in/nadia-grimsby-9077,2018-12-30
Hana Okonkwo,Underwood & Vale,VP Enterprise Architecture,https://www.linkedin.com/in/hana-okonkwo-8825,2025-03-02
Astrid Prendergast,Yardley Print,Program Manager,https://www.linkedin.com/in/astrid-prendergast-8149,2017-02-17
