name,company,title,profile_url,connected_on
Yusuf Fairweather,Fairbourne Fitness,Director of Software Engineering,https://www.linkedin.com/in/yusuf-fairweather-5797,2018-05-18
Greta Vandermolen,Ambrose Trading,Engineering Manager,https://www.linkedin.com/in/greta-vandermolen-1559,2024-04-08
Gideon Underhill,Bellchamber Media,Chief Data Officer,https://www.linkedin.com/in/gideon-underhill-9832,2023-02-24
Mei Crowther,Yardley Print,Platform Lead,https://www.linkedin.com/in/mei-crowther-7775,2019-11-16
Tomás Merriweather,Corbridge Realty,Engineering Manager,https://www.linkedin.com/in/tomas-merriweather-9243,2024-04-02
Yara Ferreira,Whitlock Staffing,Head of Innovation,https://www.linkedin.com/in/yara-ferreira-7050,2021-03-17
Sabine Dellinger,Vantage Ridge Utilities,Chief Data Officer,https://www.linkedin.com/in/sabine-dellinger-9205,2022-12-23
Tanvi Cardoso,Inglenook Bakery,Head of Platform Engineering,https://www.linkedin.com/in/tanvi-cardoso-2810,2023-05-22
Renata Thackeray,Garrowby Books,Platform Lead,https://www.linkedin.com/in/renata-thackeray-2094,2021-08-22
Kian Marchetti,Rooksby Legal,Product Director,https://www.linkedin.com/in/kian-marchetti-5726,2020-03-22
Rhys Salcedo,Xanthe Labs,Staff Engineer,https://www.linkedin.com/in/rhys-salcedo-7299,2015-11-26
Sunniva Underhill,Whitlock Staffing,Staff Engineer,https://www.linkedin.com/in/sunniva-underhill-6871,2019-03-31
Sunniva Salcedo,Elmsworth Tutors,Product Director,https://www.linkedin.com/in/sunniva-salcedo-7660,2022-04-17
Hana Grimsby,Bellchamber Media,Head of Automation,https://www.linkedin.com/in/hana-grimsby-6991,2023-11-26
Sloane Dellinger,Vespermill Analytics,Director of IT,https://www.linkedin.com/in/sloane-dellinger-9437,2018-02-14
Kian Eastcott,Tannerly Design,Chief Operating Officer,https://www.linkedin.com/in/kian-eastcott-5553,2018-02-16
Matteo Merriweather,Vespermill Analytics,Program Manager,https://www.linkedin.com/in/matteo-merriweather-4890,2022-01-09
Priya Dobrescu,Xanthe Labs,Product Director,https://www.linkedin.com/in/priya-dobrescu-5005,2024-03-09
Owen Ferreira,Yardley Print,Staff Engineer,https://www.linkedin.com/in/owen-ferreira-5640,2023-09-23
Sabine Oyelaran,Vespermill Analytics,Chief Data Officer,https://www.linkedin.com/in/sabine-oyelaran-6262,2022-05-07
Margot Vasquez,Pale Harbour Studio,VP Enterprise Architecture,https://www.linkedin.com/in/margot-vasquez-7132,2018-04-13
Silas Achterberg,Corbridge Realty,Chief Operating Officer,https://www.linkedin.com/in/silas-achterberg-1719,2019-10-02
Tomás Drummond,Tannerly Design,Head of Automation,https://www.linkedin.com/in/tomas-drummond-4145,2016-09-02
Desmond Balogun,Inglenook Bakery,VP Engineering,https://www.linkedin.com/in/desmond-balogun-6282,2016-05-25
Odette Achterberg,Dunmowe Travel,Principal Architect,https://www.linkedin.com/in/odette-achterberg-4632,2019-06-15
Liesel Kettleborough,Ondermark Consulting,Product Director,https://www.linkedin.com/in/liesel-kettleborough-2006,2024-09-16
Dana Jarrold,Whitlock Staffing,Product Director,https://www.linkedin.com/in/dana-jarrold-1446,2020-07-10
Casper Balogun,Quintrell Advisory,Staff Engineer,https://www.linkedin.com/in/casper-balogun-1298,2024-07-24
Sabine Vasquez,Elmsworth Tutors,Program Manager,https://www.linkedin.com/in/sabine-vasquez-5701,2021-03-03
Perrine Egerton,Underwood & Vale,Director of Software Engineering,https://www.linkedin.com/in/perrine-egerton-5808,2022-08-07
Lucia Jarrold,Corbridge Realty,Engineering Manager,https://www.linkedin.com/in/lucia-jarrold-1528,2023-12-01
Elena Petrossian,Inglenook Bakery,Chief Operating Officer,https://www.linkedin.com/in/elena-petrossian-2128,2019-03-18
Coretta Lindqvist,Yardley Print,Staff Engineer,https://www.linkedin.com/in/coretta-lindqvist-1686,2019-10-15
Odette Mkhize,Underwood & Vale,Director of IT,https://www.linkedin.com/in/odette-mkhize-5434,2025-04-20
Solveig Marchetti,Yardley Print,Staff Engineer,https://www.linkedin.com/in/solveig-marchetti-6016,2018-12-17
Camille Achterberg,Whitlock Staffing,Program Manager,https://www.linkedin.com/in/camille-achterberg-4594,2018-10-12
Arjun Vandermolen,Ondermark Consulting,Product Director,https://www.linkedin.com/in/arjun-vandermolen-4492,2018-08-02
Sabine Dobrescu,Quintrell Advisory,Principal Architect,https://www.linkedin.com/in/sabine-dobrescu-7302,2022-04-15
Nadia Kettleborough,Rooksby Legal,Head of Automation,https://www.linkedin.com/in/nadia-kettleborough-6607,2022-03-30
Amara Eastcott,Pale Harbour Studio,Head of Developer Productivity,https://www.linkedin.com/in/amara-eastcott-8012,2021-01-13
Tomás Dobrescu,Strathmore Rail,VP Engineering,https://www.linkedin.com/in/tomas-dobrescu-3794,2018-12-16
Amara Petrossian,Dunmowe Travel,Chief Operating Officer,https://www.linkedin.com/in/amara-petrossian-6365,2021-03-13
Espen Rushworth,Bellchamber Media,Head of Automation,https://www.linkedin.com/in/espen-rushworth-3873,2023-06-03
Callum Bellinger,Pale Harbour Studio,Head of Innovation,https://www.linkedin.com/in/callum-bellinger-1370,2022-07-06
Saoirse Eastcott,Underwood & Vale,Principal Architect,https://www.linkedin.com/in/saoirse-eastcott-3114,2022-07-01
Callum Merriweather,Corbridge Realty,Product Director,https://www.linkedin.com/in/callum-merriweather-8864,2023-01-16
Astrid Salcedo,Apex Logistics Group,VP Data & Analytics,https://www.linkedin.com/in/astrid-salcedo-5602,2023-11-25
Bo Bellinger,Fairbourne Fitness,Platform Lead,https://www.linkedin.com/in/bo-bellinger-6109,2023-09-22
Tomás Oldfield,Elmsworth Tutors,Principal Architect,https://www.linkedin.com/in/tomas-oldfield-9552,2022-05-24
Hana Wolstenholme,Inglenook Bakery,Head of Automation,https://www.linkedin.com/in/hana-wolstenholme-6620,2017-06-07
Tilda Ingleby,Quintrell Advisory,Chief Data Officer,https://www.linkedin.com/in/tilda-ingleby-9769,2023-07-02
Kofi Lomsadze,Rooksby Legal,Platform Lead,https://www.linkedin.com/in/kofi-lomsadze-6064,2017-04-07
Sabine Cardoso,Highmoor Cycles,Director of Software Engineering,https://www.linkedin.com/in/sabine-cardoso-3753,2018-02-26
Marisol Norrington,Bellchamber Media,Principal Architect,https://www.linkedin.com/in/marisol-norrington-9941,2020-01-04
Owen Brenneman,Corbridge Realty,Chief Operating Officer,https://www.linkedin.com/in/owen-brenneman-6037,2020-10-06
Priya Ingleby,Bellchamber Media,Director of Software Engineering,https://www.linkedin.com/in/priya-ingleby-4725,2024-11-03
Margot Ingleby,Dunmowe Travel,Product Director,https://www.linkedin.com/in/margot-ingleby-1254,2024-03-27
Astrid Vasquez,Fairbourne Fitness,Product Director,https://www.linkedin.com/in/astrid-vasquez-7674,2025-01-04
Bram Thackeray,Inglenook Bakery,Product Director,https://www.linkedin.com/in/bram-thackeray-3097,2018-07-11
Mei Cardoso,Inglenook Bakery,Head of Automation,https://www.linkedin.com/in/mei-cardoso-8280,2017-09-07
Bram Rushworth,Fairbourne Fitness,Product Director,https://www.linkedin.com/in/bram-rushworth-2874,2015-11-15
Nadia Achterberg,Ondermark Consulting,Program Manager,https://www.linkedin.com/in/nadia-achterberg-1593,2019-11-10
Hugo Cardoso,Ondermark Consulting,Head of Automation,https://www.linkedin.com/in/hugo-cardoso-5442,2025-02-03
Renata Cardoso,Inglenook Bakery,Product Director,https://www.linkedin.com/in/renata-cardoso-7922,2022-12-27
Astrid Okonkwo,Garrowby Books,Engineering Manager,https://www.linkedin.com/in/astrid-okonkwo-8042,2020-05-22
Imani Petrossian,Ambrose Trading,"Senior Manager, Engineering",https://www.linkedin.com/in/imani-petrossian-1660,2022-02-23
Gideon Bellinger,Garrowby Books,Head of Automation,https://www.linkedin.com/in/gideon-bellinger-8645,2016-02-23
Ingrid Thackeray,Tannerly Design,Chief Operating Officer,https://www.linkedin.com/in/ingrid-thackeray-3280,2019-08-11
Anouk Højgaard,Pale Harbour Studio,Director of Software Engineering,https://www.linkedin.com/in/anouk-hojgaard-4914,2016-11-22
Liesel Eastcott,Vespermill Analytics,Head of Automation,https://www.linkedin.com/in/liesel-eastcott-1528,2018-07-08
Tanvi Kirkbride,Whitlock Staffing,Platform Lead,https://www.linkedin.com/in/tanvi-kirkbride-7166,2024-09-13
Bertrand Brenneman,Ondermark Consulting,VP Data & Analytics,https://www.linkedin.com/in/bertrand-brenneman-4533,2017-11-29
Noor Wolstenholme,Fairbourne Fitness,Principal Architect,https://www.linkedin.com/in/noor-wolstenholme-4592,2016-07-03
Lucia Ashdown,Ondermark Consulting,Platform Lead,https://www.linkedin.com/in/lucia-ashdown-3031,2021-10-05
Odette Ingleby,Fairbourne Fitness,Engineering Manager,https://www.linkedin.com/in/odette-ingleby-2476,2024-05-19
Elena Sandoval,Rooksby Legal,Staff Engineer,https://www.linkedin.com/in/elena-sandoval-7962,2021-05-12
Arjun Egerton,Underwood & Vale,Head of Innovation,https://www.linkedin.com/in/arjun-egerton-6215,2021-05-25
·Joaquín Grimsby,Ambrose Trading,"Senior Manager, Engineering",https://www.linkedin.com/in/joaquin-grimsby-6284,2023-08-09
Elena Okonkwo,Vespermill Analytics,"Senior Manager, Engineering",https://www.linkedin.com/in/elena-okonkwo-1261,2022-12-16
Imani Kettleborough,Zenner Foods,Head of Platform Engineering,https://www.linkedin.com/in/imani-kettleborough-3220,2017-11-21
Ravi Ashdown,Rooksby Legal,Platform Lead,https://www.linkedin.com/in/ravi-ashdown-6137,2015-11-15
Matteo Salcedo,Corbridge Realty,Head of Automation,https://www.linkedin.com/in/matteo-salcedo-6622,2023-03-04
Malik Underhill,Quintrell Advisory,Chief Technology Officer,https://www.linkedin.com/in/malik-underhill-9064,2023-02-23
Idris Ibarra,Zenner Foods,Principal Architect,https://www.linkedin.com/in/idris-ibarra-6178,2017-08-28
Ingrid Okonkwo,Zenner Foods,Engineering Manager,https://www.linkedin.com/in/ingrid-okonkwo-3610,2018-07-26
Astrid Eastcott,Ondermark Consulting,Program Manager,https://www.linkedin.com/in/astrid-eastcott-3955,2020-02-26
Amara Prendergast,Underwood & Vale,"Senior Manager, Engineering",https://www.linkedin.com/in/amara-prendergast-6496,2016-12-22
Ansel Fontaine,Whitlock Staffing,Head of Automation,https://www.linkedin.com/in/ansel-fontaine-9492,2022-01-19
Sloane Zubkov,Corbridge Realty,"Senior Manager, Engineering",https://www.linkedin.com/in/sloane-zubkov-9589,2019-02-01
Fenella Hartigan,Vespermill Analytics,Staff Engineer,https://www.linkedin.com/in/fenella-hartigan-9900,2022-10-09
Priya Oyelaran,Zenner Foods,Engineering Manager,https://www.linkedin.com/in/priya-oyelaran-6038,2016-12-10
Rhys Brenneman,Vespermill Analytics,VP Data & Analytics,https://www.linkedin.com/in/rhys-brenneman-4878,2024-08-28
Imani Ingleby,Ambrose Trading,Product Director,https://www.linkedin.com/in/imani-ingleby-3275,2018-01-05
Yusuf Kirkbride,Tannerly Design,Chief Data Officer,https://www.linkedin.com/in/yusuf-kirkbride-4617,2018-05-03
Desmond Petrossian,Yardley Print,Engineering Manager,https://www.linkedin.com/in/desmond-petrossian-1180,2023-06-09
Ansel Vandermolen,Whitlock Staffing,Principal Architect,https://www.linkedin.com/in/ansel-vandermolen-1459,2021-07-09
Tilda Norrington,Whitlock Staffing,Engineering Manager,https://www.linkedin.com/in/tilda-norrington-8679,2020-12-14
Margot Underhill,Corbridge Realty,Platform Lead,https://www.linkedin.com/in/margot-underhill-7570,2022-02-07
Malik Sandoval,Whitlock Staffing,Director of IT,https://www.linkedin.com/in/malik-sandoval-5186,2018-12-15
Wren Falkenrath,Xanthe Labs,Director of IT,https://www.linkedin.com/in/wren-falkenrath-3366,2023-07-14
Devin Yarrow,Dunmowe Travel,"Senior Manager, Engineering",https://www.linkedin.com/in/devin-yarrow-3829,2018-06-21
Mei Kettleborough,Bellchamber Media,Staff Engineer,https://www.linkedin.com/in/mei-kettleborough-1467,2023-12-06
Marisol Rushworth,Xanthe Labs,Program Manager,https://www.linkedin.com/in/marisol-rushworth-2212,2023-06-24
Hana Højgaard,Underwood & Vale,Chief Operating Officer,https://www.linkedin.com/in/hana-hojgaard-9903,2016-08-29
Yara Fairweather,Fairbourne Fitness,Principal Architect,https://www.linkedin.com/in/yara-fairweather-8140,2017-01-29
Greta Wolstenholme,Whitlock Staffing,Chief Technology Officer,https://www.linkedin.com/in/greta-wolstenholme-5638,2017-06-22
Curtis Ashdown,Xanthe Labs,Head of Innovation,https://www.linkedin.com/in/curtis-ashdown-1634,2019-03-18
Owen Wolstenholme,Dunmowe Travel,Director of IT,https://www.linkedin.com/in/owen-wolstenholme-6023,2020-04-05
Tilda Achterberg,Whitlock Staffing,Principal Architect,https://www.linkedin.com/in/tilda-achterberg-7692,2020-07-29
Otto Ashdown,Fairbourne Fitness,Product Director,https://www.linkedin.com/in/otto-ashdown-5913,2021-01-31
Casper Ferreira,Underwood & Vale,Platform Lead,https://www.linkedin.com/in/casper-ferreira-8215,2021-04-27
Ravi Marchetti,Ondermark Consulting,Head of Platform Engineering,https://www.linkedin.com/in/ravi-marchetti-8281,2021-11-06
Kofi Underhill,Dunmowe Travel,Director of Software Engineering,https://www.linkedin.com/in/kofi-underhill-6265,2021-11-30
Mei Eastcott,Inglenook Bakery,Chief Digital Officer,https://www.linkedin.com/in/mei-eastcott-2870,2024-03-30
Kian Petrossian,Ondermark Consulting,SVP Digital,https://www.linkedin.com/in/kian-petrossian-3561,2018-02-23
Ingrid Egerton,Inglenook Bakery,Chief Information Officer,https://www.linkedin.com/in/ingrid-egerton-7547,2023-07-21
Ingrid Sandoval,Highmoor Cycles,Director of IT,,2015-10-09
Yusuf Norrington,Underwood & Vale,Head of Automation,https://www.linkedin.com/in/yusuf-norrington-5448,2023-03-22
Priya Zettergren,Bellchamber Media,Chief Data Officer,https://www.linkedin.com/in/priya-zettergren-6680,2023-11-25
Idris Grimsby,Corbridge Realty,VP Enterprise Architecture,https://www.linkedin.com/in/idris-grimsby-3911,2018-09-15
Gideon Achterberg,Yardley Print,SVP Digital,https://www.linkedin.com/in/gideon-achterberg-2545,2016-05-11
Sunniva Vandermolen,Elmsworth Tutors,Product Director,https://www.linkedin.com/in/sunniva-vandermolen-5785,2022-05-24
Saoirse Lomsadze,Bellchamber Media,Platform Lead,https://www.linkedin.com/in/saoirse-lomsadze-7361,2023-04-16
Coretta Ferreira,Vespermill Analytics,Staff Engineer,https://www.linkedin.com/in/coretta-ferreira-1560,2023-11-20
Wren Vandermolen,Dunmowe Travel,Platform Lead,https://www.linkedin.com/in/wren-vandermolen-3383,2024-08-27
Bo Thackeray,Tannerly Design,Staff Engineer,https://www.linkedin.com/in/bo-thackeray-1411,2023-03-25
Imani Zettergren,Xanthe Labs,Head of Developer Productivity,https://www.linkedin.com/in/imani-zettergren-2735,2018-11-30
Fenella Cathcart,Fairbourne Fitness,SVP Digital,https://www.linkedin.com/in/fenella-cathcart-8135,2023-05-25
Teodor Quillane,Corbridge Realty,Engineering Manager,https://www.linkedin.com/in/teodor-quillane-3546,2024-02-02
Devin Bellinger,Highmoor Cycles,"Senior Manager, Engineering",https://www.linkedin.com/in/devin-bellinger-5104,2021-03-29
Matteo Wexford,Elmsworth Tutors,Director of IT,,2021-04-24
Fenella Højgaard,Garrowby Books,Director of IT,https://www.linkedin.com/in/fenella-hojgaard-6602,2016-10-24
Arjun Zettergren,Highmoor Cycles,Director of IT,https://www.linkedin.com/in/arjun-zettergren-6396,2016-09-27
Duarte Wexford,Bellchamber Media,Engineering Manager,https://www.linkedin.com/in/duarte-wexford-1713,2016-03-11
Silas Lindqvist,Elmsworth Tutors,Program Manager,https://www.linkedin.com/in/silas-lindqvist-4151,2023-04-18
Dana Underhill,Corbridge Realty,"Senior Manager, Engineering",https://www.linkedin.com/in/dana-underhill-5868,2020-03-11
Perrine Petrossian,Vespermill Analytics,Program Manager,https://www.linkedin.com/in/perrine-petrossian-6146,2022-11-20
Astrid Fontaine,Garrowby Books,VP Data & Analytics,https://www.linkedin.com/in/astrid-fontaine-4570,2017-05-17
Rosalind Balogun,Inglenook Bakery,Product Director,https://www.linkedin.com/in/rosalind-balogun-8177,2017-06-30
Yara Hartigan,Yardley Print,Director of IT,https://www.linkedin.com/in/yara-hartigan-8402,2025-06-07
Duarte Dobrescu,Tannerly Design,SVP Digital,https://www.linkedin.com/in/duarte-dobrescu-5327,2019-07-12
Otto Salcedo,Dunmowe Travel,"Senior Manager, Engineering",https://www.linkedin.com/in/otto-salcedo-1563,2019-03-11
Idris Brenneman,Vespermill Analytics,Staff Engineer,https://www.linkedin.com/in/idris-brenneman-1520,2022-06-15
Kian Wolstenholme,Zenner Foods,Head of Developer Productivity,https://www.linkedin.com/in/kian-wolstenholme-7056,2024-02-16
Sloane Cathcart,Highmoor Cycles,Head of Automation,https://www.linkedin.com/in/sloane-cathcart-3161,2018-08-27
Marcus Salcedo,Harrowgate Health,Director of Software Engineering,https://www.linkedin.com/in/marcus-salcedo-1696,2024-04-17
Freya Hartigan,Ondermark Consulting,Platform Lead,https://www.linkedin.com/in/freya-hartigan-9017,2025-05-13
Kwame Højgaard,Bellchamber Media,Principal Architect,https://www.linkedin.com/in/kwame-hojgaard-4791,2017-05-28
Margot Glückstein,Vespermill Analytics,"Senior Manager, Engineering",https://www.linkedin.com/in/margot-gluckstein-8521,2018-12-24
Casper Hartigan,Ambrose Trading,Engineering Manager,https://www.linkedin.com/in/casper-hartigan-1881,2019-07-16
Kwame Hartigan,Highmoor Cycles,Director of Software Engineering,https://www.linkedin.com/in/kwame-hartigan-9074,2016-09-10
Arjun Underhill,Xanthe Labs,"Senior Manager, Engineering",https://www.linkedin.com/in/arjun-underhill-6047,2016-11-09
Nadia Fairweather,Vespermill Analytics,SVP Digital,https://www.linkedin.com/in/nadia-fairweather-6399,2021-05-21
Saoirse Dellinger,Xanthe Labs,Head of Platform Engineering,https://www.linkedin.com/in/saoirse-dellinger-1846,2025-05-30
Rhys Højgaard,Vespermill Analytics,Staff Engineer,https://www.linkedin.com/in/rhys-hojgaard-6680,2020-03-11
Liesel Brenneman,Pale Harbour Studio,Director of IT,https://www.linkedin.com/in/liesel-brenneman-2760,2025-06-28
Amara Mkhize,Vespermill Analytics,"Senior Manager, Engineering",https://www.linkedin.com/in/amara-mkhize-6961,2019-07-30
Rafael Falkenrath,Highmoor Cycles,Director of IT,https://www.linkedin.com/in/rafael-falkenrath-7252,2021-04-08
Casper Rushworth,Ambrose Trading,Head of Innovation,https://www.linkedin.com/in/casper-rushworth-6943,2022-02-27
Silas Drummond,Garrowby Books,Director of IT,https://www.linkedin.com/in/silas-drummond-6272,2024-12-20
Renata Wolstenholme,Garrowby Books,Head of Innovation,https://www.linkedin.com/in/renata-wolstenholme-5263,2016-06-24
Owen Ibarra,Rooksby Legal,Director of IT,https://www.linkedin.com/in/owen-ibarra-1010,2019-12-02
Solveig Salcedo,Vespermill Analytics,Principal Architect,https://www.linkedin.com/in/solveig-salcedo-2540,2025-06-15
Tomás Marchetti,Tannerly Design,Platform Lead,https://www.linkedin.com/in/tomas-marchetti-5306,2021-08-18
Bo Oldfield,Vespermill Analytics,Staff Engineer,https://www.linkedin.com/in/bo-oldfield-6625,2019-08-18
Sloane Wexford,Corbridge Realty,Head of Innovation,https://www.linkedin.com/in/sloane-wexford-6107,2019-12-08
Greta Lindqvist,Whitlock Staffing,Head of Automation,https://www.linkedin.com/in/greta-lindqvist-8706,2023-09-04
Duarte Hartigan,Yardley Print,Chief Information Officer,https://www.linkedin.com/in/duarte-hartigan-4602,2016-08-31
Sabine Thackeray,Ondermark Consulting,Chief Data Officer,https://www.linkedin.com/in/sabine-thackeray-1462,2025-06-09
Ingrid Mkhize,Zenner Foods,Chief Technology Officer,https://www.linkedin.com/in/ingrid-mkhize-5164,2022-08-06
Kofi Achterberg,Dunmowe Travel,Product Director,https://www.linkedin.com/in/kofi-achterberg-5287,2023-01-08
Ansel Vasquez,Garrowby Books,Staff Engineer,https://www.linkedin.com/in/ansel-vasquez-9000,2024-03-22
Tilda Mkhize,Garrowby Books,Product Director,https://www.linkedin.com/in/tilda-mkhize-1143,2023-07-29
Tilda Hartigan,Ondermark Consulting,VP Data & Analytics,https://www.linkedin.com/in/tilda-hartigan-7558,2025-06-19
Niall Grimsby,Redtree Foods,Chief Data Officer,https://www.linkedin.com/in/niall-grimsby-2781,2020-02-25
Perrine Ingleby,Garrowby Books,Director of IT,https://www.linkedin.com/in/perrine-ingleby-7551,2021-01-11
Fenella Wexford,Garrowby Books,Program Manager,https://www.linkedin.com/in/fenella-wexford-8948,2021-12-08
Solveig Drummond,Vespermill Analytics,Director of Software Engineering,https://www.linkedin.com/in/solveig-drummond-6281,2024-01-31
Dev Underhill,Whitlock Staffing,Engineering Manager,https://www.linkedin.com/in/dev-underhill-4912,2021-12-10
Dana Prendergast,Underwood & Vale,Director of IT,https://www.linkedin.com/in/dana-prendergast-4212,2022-08-15
Otto Hartigan,Whitlock Staffing,Director of IT,https://www.linkedin.com/in/otto-hartigan-9496,2020-10-10
Idris Halloran,Tannerly Design,Principal Architect,https://www.linkedin.com/in/idris-halloran-2621,2022-09-24
Rosalind Egerton,Yardley Print,Director of IT,https://www.linkedin.com/in/rosalind-egerton-4706,2018-04-09
Bo Norrington,Inglenook Bakery,Engineering Manager,https://www.linkedin.com/in/bo-norrington-1145,2024-12-20
Marisol Grimsby,Fairbourne Fitness,Product Director,https://www.linkedin.com/in/marisol-grimsby-4388,2021-01-04
Casper Cathcart,Highmoor Cycles,Head of Automation,https://www.linkedin.com/in/casper-cathcart-7047,2019-04-06
Camille Petrossian,Yardley Print,Chief Data Officer,https://www.linkedin.com/in/camille-petrossian-7062,2018-10-16
Elena Ashdown,Ondermark Consulting,Head of Automation,https://www.linkedin.com/in/elena-ashdown-4658,2017-08-30
Odette Jarrold,Underwood & Vale,"Senior Manager, Engineering",https://www.linkedin.com/in/odette-jarrold-3070,2016-06-21
Lucia Crowther,Xanthe Labs,Director of Software Engineering,https://www.linkedin.com/in/lucia-crowther-5638,2021-05-15
Astrid Thackeray,Pale Harbour Studio,SVP Digital,https://www.linkedin.com/in/astrid-thackeray-7648,2017-10-19
Arjun Drummond,Elmsworth Tutors,Chief Data Officer,https://www.linkedin.com/in/arjun-drummond-3299,2022-04-06
Camille Dobrescu,Fairbourne Fitness,Principal Architect,https://www.linkedin.com/in/camille-dobrescu-5569,2023-05-05
Emeka Wexford,Zenner Foods,Director of IT,,2015-12-22
Coretta Falkenrath,Underwood & Vale,Staff Engineer,https://www.linkedin.com/in/coretta-falkenrath-1596,2020-04-19
Sunniva Jarrold,Rooksby Legal,Staff Engineer,https://www.linkedin.com/in/sunniva-jarrold-6072,2023-11-21
Otto Crowther,Elmsworth Tutors,Program Manager,https://www.linkedin.com/in/otto-crowther-5012,2021-04-17
Lucia Kirkbride,Dunmowe Travel,Product Director,https://www.linkedin.com/in/lucia-kirkbride-9089,2016-05-29
·Joaquín Egerton,Xanthe Labs,"Senior Manager, Engineering",https://www.linkedin.com/in/joaquin-egerton-6200,2017-08-29
Perrine Okonkwo,Tannerly Design,Head of Developer Productivity,https://www.linkedin.com/in/perrine-okonkwo-1832,2021-12-01
Xiomara Ibarra,Quintrell Advisory,Engineering Manager,https://www.linkedin.com/in/xiomara-ibarra-6719,2019-07-28
Renata Underhill,Zenner Foods,Chief Operating Officer,https://www.linkedin.com/in/renata-underhill-3046,2018-09-17
Idris Mkhize,Corbridge Realty,Head of Developer Productivity,https://www.linkedin.com/in/idris-mkhize-6897,2020-08-19
Zaid Cardoso,Underwood & Vale,Platform Lead,https://www.linkedin.com/in/zaid-cardoso-3436,2017-05-20
Casper Merriweather,Tannerly Design,Principal Architect,,2022-05-17
Devin Merriweather,Elmsworth Tutors,Principal Architect,https://www.linkedin.com/in/devin-merriweather-6317,2020-07-23
Desmond Rushworth,Fairbourne Fitness,Product Director,https://www.linkedin.com/in/desmond-rushworth-2452,2017-03-03
Imani Drummond,Vespermill Analytics,"Senior Manager, Engineering",https://www.linkedin.com/in/imani-drummond-5585,2022-12-22
Rafael Balogun,Yardley Print,Head of Automation,https://www.linkedin.com/in/rafael-balogun-7273,2022-10-04
Margot Cardoso,Xanthe Labs,Platform Lead,https://www.linkedin.com/in/margot-cardoso-9625,2025-05-21
Dana Zettergren,Xanthe Labs,Director of IT,https://www.linkedin.com/in/dana-zettergren-5614,2017-12-24
Casper Prendergast,Zenner Foods,Head of Automation,https://www.linkedin.com/in/casper-prendergast-3816,2020-10-27
Emeka Højgaard,Ondermark Consulting,Head of Automation,https://www.linkedin.com/in/emeka-hojgaard-4135,2022-06-07
Amara Brenneman,Highmoor Cycles,Staff Engineer,,2020-03-01
Xiomara Salcedo,Xanthe Labs,Platform Lead,https://www.linkedin.com/in/xiomara-salcedo-6452,2018-08-15
Odette Prendergast,Inglenook Bakery,Principal Architect,https://www.linkedin.com/in/odette-prendergast-1890,2017-11-26
Malik Grimsby,Ondermark Consulting,Staff Engineer,https://www.linkedin.com/in/malik-grimsby-8408,2024-04-11
Yara Mkhize,Underwood & Vale,Director of IT,https://www.linkedin.com/in/yara-mkhize-2049,2018-08-08
Gideon Wexford,Yardley Print,Engineering Manager,https://www.linkedin.com/in/gideon-wexford-1192,2025-04-20
Greta Sandoval,Pale Harbour Studio,Staff Engineer,https://www.linkedin.com/in/greta-sandoval-7547,2025-05-26
Sunniva Prendergast,Rooksby Legal,Principal Architect,https://www.linkedin.com/in/sunniva-prendergast-3699,2023-08-16
Wren Brenneman,Highmoor Cycles,VP Data & Analytics,https://www.linkedin.com/in/wren-brenneman-8567,2016-09-25
Sabine Fairweather,Quintrell Advisory,Chief Technology Officer,https://www.linkedin.com/in/sabine-fairweather-8880,2018-04-25
Marisol Merriweather,Highmoor Cycles,Program Manager,https://www.linkedin.com/in/marisol-merriweather-3156,2021-09-21
Emeka Salcedo,Underwood & Vale,Head of Developer Productivity,https://www.linkedin.com/in/emeka-salcedo-4815,2021-07-12
Dev Eastcott,Tannerly Design,Head of Innovation,https://www.linkedin.com/in/dev-eastcott-3791,2020-07-05
Xiomara Okonkwo,Elmsworth Tutors,SVP Digital,https://www.linkedin.com/in/xiomara-okonkwo-4474,2018-01-28
Teodor Norrington,Underwood & Vale,Chief Information Officer,https://www.linkedin.com/in/teodor-norrington-4599,2017-01-30
Leandro Crowther,Highmoor Cycles,"Senior Manager, Engineering",https://www.linkedin.com/in/leandro-crowther-8296,2023-03-09
Amara Lindqvist,Quintrell Advisory,Head of Automation,https://www.linkedin.com/in/amara-lindqvist-4806,2022-10-16
Odette Wolstenholme,Underwood & Vale,Director of IT,https://www.linkedin.com/in/odette-wolstenholme-3954,2016-02-09
Callum Wolstenholme,Bellchamber Media,Engineering Manager,https://www.linkedin.com/in/callum-wolstenholme-3408,2019-10-11
Solveig Cathcart,Yardley Print,Director of IT,https://www.linkedin.com/in/solveig-cathcart-8043,2022-08-07
Callum Jarrold,Corbridge Realty,Principal Architect,https://www.linkedin.com/in/callum-jarrold-9458,2019-07-19
Bo Prendergast,Dunmowe Travel,Chief Data Officer,https://www.linkedin.com/in/bo-prendergast-8002,2018-11-21
Greta Bellinger,Xanthe Labs,Head of Automation,https://www.linkedin.com/in/greta-bellinger-4025,2020-09-04
Anouk Thackeray,Highmoor Cycles,Engineering Manager,https://www.linkedin.com/in/anouk-thackeray-4481,2024-02-13
Sunniva Merriweather,Ambrose Trading,Product Director,https://www.linkedin.com/in/sunniva-merriweather-9931,2017-03-07
Niall Halloran,Bellchamber Media,Principal Architect,,2023-07-13
Yusuf Lindqvist,Xanthe Labs,Product Director,https://www.linkedin.com/in/yusuf-lindqvist-8055,2016-06-16
Kofi Balogun,Quintrell Advisory,Head of Automation,https://www.linkedin.com/in/kofi-balogun-6703,2023-01-22
Emeka Ibarra,Zenner Foods,"Senior Manager, Engineering",https://www.linkedin.com/in/emeka-ibarra-8608,2021-07-15
Sabine Grimsby,Ambrose Trading,Product Director,https://www.linkedin.com/in/sabine-grimsby-6922,2022-07-04
Hugo Wexford,Fairbourne Fitness,Head of Developer Productivity,https://www.linkedin.com/in/hugo-wexford-8765,2020-05-02
Anouk Prendergast,Quintrell Advisory,Program Manager,https://www.linkedin.com/in/anouk-prendergast-8715,2022-02-10
Odette Ashdown,Yardley Print,Product Director,https://www.linkedin.com/in/odette-ashdown-6142,2017-06-30
Anouk Petrossian,Corbridge Realty,SVP Digital,https://www.linkedin.com/in/anouk-petrossian-8758,2018-04-09
Camille Lomsadze,Highmoor Cycles,SVP Digital,https://www.linkedin.com/in/camille-lomsadze-1147,2024-09-26
Otto Ingleby,Ambrose Trading,Director of IT,https://www.linkedin.com/in/otto-ingleby-5675,2021-04-05
Anouk Egerton,Xanthe Labs,Engineering Manager,,2023-04-24
Sabine Vandermolen,Yardley Print,Director of IT,https://www.linkedin.com/in/sabine-vandermolen-2075,2024-01-25
Idris Salcedo,Whitlock Staffing,Staff Engineer,https://www.linkedin.com/in/idris-salcedo-1728,2023-03-04
Yusuf Halloran,Bellchamber Media,Program Manager,https://www.linkedin.com/in/yusuf-halloran-3963,2017-12-11
Lucia Cardoso,Garrowby Books,Product Director,,2015-12-04
Matteo Zubkov,Fairbourne Fitness,Chief Digital Officer,https://www.linkedin.com/in/matteo-zubkov-5596,2022-10-13
Espen Vasquez,Yardley Print,Chief Operating Officer,https://www.linkedin.com/in/espen-vasquez-8564,2023-12-28
Greta Ashdown,Bellchamber Media,VP Data & Analytics,https://www.linkedin.com/in/greta-ashdown-3237,2021-11-19
Imani Sandoval,Tannerly Design,Staff Engineer,https://www.linkedin.com/in/imani-sandoval-2638,2023-10-19
Leandro Marchetti,Dunmowe Travel,Program Manager,https://www.linkedin.com/in/leandro-marchetti-7154,2021-03-04
Espen Lomsadze,Whitlock Staffing,Principal Architect,https://www.linkedin.com/in/espen-lomsadze-1446,2023-01-15
Mei Norrington,Tannerly Design,Principal Architect,https://www.linkedin.com/in/mei-norrington-1005,2018-02-23
Liesel Merriweather,Fairbourne Fitness,Chief Data Officer,https://www.linkedin.com/in/liesel-merriweather-6747,2016-03-25
Xiomara Petrossian,Bellchamber Media,Chief Information Officer,https://www.linkedin.com/in/xiomara-petrossian-3123,2025-03-19
Greta Dobrescu,Elmsworth Tutors,Engineering Manager,https://www.linkedin.com/in/greta-dobrescu-8584,2021-01-23
Sloane Crowther,Corbridge Realty,Head of Innovation,https://www.linkedin.com/in/sloane-crowther-8004,2016-03-30
Hugo Højgaard,Pale Harbour Studio,Engineering Manager,https://www.linkedin.com/in/hugo-hojgaard-2977,2023-01-01
Kofi Petrossian,Xanthe Labs,Program Manager,https://www.linkedin.com/in/kofi-petrossian-2435,2025-05-14
Otto Nakashima,Garrowby Books,Chief Digital Officer,https://www.linkedin.com/in/otto-nakashima-8862,2025-02-24
Emeka Dellinger,Whitlock Staffing,Head of Developer Productivity,https://www.linkedin.com/in/emeka-dellinger-9783,2022-03-05
Gideon Ibarra,Elmsworth Tutors,Platform Lead,,2017-02-26
Ilse Yarrow,Corbridge Realty,Director of IT,https://www.linkedin.com/in/ilse-yarrow-7992,2016-06-23
Owen Sandoval,Underwood & Vale,VP Engineering,https://www.linkedin.com/in/owen-sandoval-2416,2022-10-04
Freya Brenneman,Zenner Foods,Program Manager,https://www.linkedin.com/in/freya-brenneman-4853,2022-02-05
Greta Underhill,Inglenook Bakery,Platform Lead,https://www.linkedin.com/in/greta-underhill-1666,2024-05-30
Tilda Thackeray,Vespermill Analytics,Staff Engineer,https://www.linkedin.com/in/tilda-thackeray-7226,2019-11-05
Tomás Wexford,Xanthe Labs,Chief Operating Officer,https://www.linkedin.com/in/tomas-wexford-8108,2019-01-20
Malik Petrossian,Vespermill Analytics,Product Director,https://www.linkedin.com/in/malik-petrossian-1812,2016-07-11
Kian Drummond,Ambrose Trading,Engineering Manager,https://www.linkedin.com/in/kian-drummond-8619,2023-01-07
Bertrand Jarrold,Xanthe Labs,"Senior Manager, Engineering",https://www.linkedin.com/in/bertrand-jarrold-8915,2017-06-18
Solveig Halloran,Ambrose Trading,Head of Automation,,2020-02-12
Rosalind Zubkov,Dunmowe Travel,Head of Innovation,https://www.linkedin.com/in/rosalind-zubkov-5381,2016-09-15
Coretta Yarrow,Yardley Print,Head of Automation,https://www.linkedin.com/in/coretta-yarrow-7395,2020-02-26
Ilse Salcedo,Xanthe Labs,Head of Innovation,https://www.linkedin.com/in/ilse-salcedo-8961,2021-06-13
Perrine Havercamp,Pale Harbour Studio,Engineering Manager,,2023-01-16
Marisol Cardoso,Rooksby Legal,Director of IT,https://www.linkedin.com/in/marisol-cardoso-8367,2019-03-31
Mei Okonkwo,Dunmowe Travel,Head of Automation,https://www.linkedin.com/in/mei-okonkwo-8169,2018-09-07
Liesel Ibarra,Garrowby Books,Staff Engineer,https://www.linkedin.com/in/liesel-ibarra-8725,2015-11-21
Silas Hartigan,Pale Harbour Studio,Head of Automation,https://www.linkedin.com/in/silas-hartigan-2997,2018-08-11
Callum Oldfield,Whitlock Staffing,SVP Digital,https://www.linkedin.com/in/callum-oldfield-4920,2016-03-20
Hugo Jarrold,Tannerly Design,"Senior Manager, Engineering",https://www.linkedin.com/in/hugo-jarrold-5356,2020-08-28
Xiomara Norrington,Xanthe Labs,Chief Data Officer,https://www.linkedin.com/in/xiomara-norrington-7717,2017-03-21
Rosalind Bellinger,Yardley Print,Head of Innovation,https://www.linkedin.com/in/rosalind-bellinger-3501,2021-02-20
Hugo Norrington,Ambrose Trading,Engineering Manager,https://www.linkedin.com/in/hugo-norrington-9154,2018-03-27
Casper Norrington,Underwood & Vale,Head of Platform Engineering,https://www.linkedin.com/in/casper-norrington-9017,2022-07-09
Greta Drummond,Tannerly Design,Chief Digital Officer,https://www.linkedin.com/in/greta-drummond-5936,2019-12-31
Priya Prendergast,Inglenook Bakery,Chief Operating Officer,https://www.linkedin.com/in/priya-prendergast-7051,2022-01-11
Kian Glückstein,Corbridge Realty,Staff Engineer,https://www.linkedin.com/in/kian-gluckstein-7482,2020-04-22
Duarte Vandermolen,Fairbourne Fitness,Program Manager,https://www.linkedin.com/in/duarte-vandermolen-7536,2023-06-05
Devin Petrossian,Ambrose Trading,Principal Architect,https://www.linkedin.com/in/devin-petrossian-4984,2017-05-27
Freya Glückstein,Quintrell Advisory,VP Data & Analytics,https://www.linkedin.com/in/freya-gluckstein-3917,2016-01-29
Imani Quillane,Yardley Print,Chief Operating Officer,https://www.linkedin.com/in/imani-quillane-7579,2024-02-07
Coretta Højgaard,Ondermark Consulting,Staff Engineer,https://www.linkedin.com/in/coretta-hojgaard-2810,2019-04-07
Sunniva Grimsby,Xanthe Labs,"Senior Manager, Engineering",https://www.linkedin.com/in/sunniva-grimsby-9457,2019-10-29
Tanvi Prendergast,Xanthe Labs,Product Director,,2018-02-07
Idris Højgaard,Vespermill Analytics,Chief Data Officer,https://www.linkedin.com/in/idris-hojgaard-4956,2021-12-06
Nadia Dobrescu,Underwood & Vale,Head of Innovation,https://www.linkedin.com/in/nadia-dobrescu-6445,2016-12-13
Owen Crowther,Tannerly Design,Director of IT,https://www.linkedin.com/in/owen-crowther-3187,2018-08-21
Rafael Wexford,Pale Harbour Studio,Program Manager,,2020-08-31
Renata Ingleby,Corbridge Realty,Director of IT,https://www.linkedin.com/in/renata-ingleby-8409,2018-11-16
Duarte Underhill,Ondermark Consulting,Head of Developer Productivity,https://www.linkedin.com/in/duarte-underhill-3708,2024-02-16
Rosalind Brenneman,Tannerly Design,Product Director,https://www.linkedin.com/in/rosalind-brenneman-6749,2019-11-03
Lucia Vasquez,Inglenook Bakery,Head of Innovation,,2016-12-19
Noor Dobrescu,Quintrell Advisory,Chief Digital Officer,https://www.linkedin.com/in/noor-dobrescu-4226,2024-11-12
Kwame Drummond,Highmoor Cycles,SVP Digital,https://www.linkedin.com/in/kwame-drummond-2439,2025-07-16
Odette Balogun,Fairbourne Fitness,VP Enterprise Architecture,https://www.linkedin.com/in/odette-balogun-9110,2018-09-19
Sloane Merriweather,Xanthe Labs,Engineering Manager,https://www.linkedin.com/in/sloane-merriweather-5829,2018-02-20
Idris Isenberg,Corbridge Realty,Platform Lead,https://www.linkedin.com/in/idris-isenberg-6453,2022-06-25
Renata Jarrold,Rooksby Legal,Staff Engineer,https://www.linkedin.com/in/renata-jarrold-2051,2022-10-13
Otto Glückstein,Quintrell Advisory,Engineering Manager,https://www.linkedin.com/in/otto-gluckstein-4791,2016-03-16
Otto Isenberg,Dunmowe Travel,Chief Digital Officer,https://www.linkedin.com/in/otto-isenberg-2927,2018-05-28
Casper Zettergren,Tannerly Design,Head of Innovation,,2022-09-05
Desmond Lomsadze,Vespermill Analytics,Director of IT,https://www.linkedin.com/in/desmond-lomsadze-6524,2019-03-14
Malik Kirkbride,Rooksby Legal,Program Manager,https://www.linkedin.com/in/malik-kirkbride-8576,2023-08-19
Perrine Vasquez,Zenner Foods,Head of Platform Engineering,https://www.linkedin.com/in/perrine-vasquez-8391,2017-03-25
Imani Yarrow,Garrowby Books,Chief Technology Officer,https://www.linkedin.com/in/imani-yarrow-4060,2024-06-27
Emeka Norrington,Yardley Print,Program Manager,https://www.linkedin.com/in/emeka-norrington-3757,2024-09-18
Yusuf Achterberg,Rooksby Legal,Head of Innovation,https://www.linkedin.com/in/yusuf-achterberg-9336,2024-08-18
Rafael Ashdown,Pale Harbour Studio,"Senior Manager, Engineering",https://www.linkedin.com/in/rafael-ashdown-9642,2025-07-04
Marcus Wexford,Tannerly Design,Principal Architect,https://www.linkedin.com/in/marcus-wexford-1448,2015-10-29
Bertrand Fontaine,Bellchamber Media,Head of Innovation,https://www.linkedin.com/in/bertrand-fontaine-5664,2016-11-16
Coretta Hartigan,Bellchamber Media,Principal Architect,https://www.linkedin.com/in/coretta-hartigan-7546,2015-10-08
Amara Wolstenholme,Zenner Foods,Engineering Manager,https://www.linkedin.com/in/amara-wolstenholme-8876,2022-11-13
Dana Vasquez,Garrowby Books,Engineering Manager,https://www.linkedin.com/in/dana-vasquez-4143,2018-11-25
Wren Glückstein,Garrowby Books,VP Enterprise Architecture,https://www.linkedin.com/in/wren-gluckstein-4058,2019-08-07
Amara Dobrescu,Ondermark Consulting,Platform Lead,https://www.linkedin.com/in/amara-dobrescu-5141,2018-05-14
Elena Wexford,Zenner Foods,Platform Lead,https://www.linkedin.com/in/elena-wexford-7905,2024-01-08
Bram Okonkwo,Corbridge Realty,Chief Data Officer,https://www.linkedin.com/in/bram-okonkwo-8766,2019-07-12
Desmond Ingleby,Rooksby Legal,Staff Engineer,https://www.linkedin.com/in/desmond-ingleby-2452,2016-04-19
Kian Bellinger,Tannerly Design,Principal Architect,https://www.linkedin.com/in/kian-bellinger-1002,2022-06-20
Ingrid Ferreira,Xanthe Labs,VP Enterprise Architecture,https://www.linkedin.com/in/ingrid-ferreira-1439,2017-08-11
Dev Mkhize,Yardley Print,Head of Innovation,https://www.linkedin.com/in/dev-mkhize-5583,2016-01-13
Elena Yarrow,Ondermark Consulting,Chief Technology Officer,https://www.linkedin.com/in/elena-yarrow-5909,2023-04-04
Anouk Zettergren,Elmsworth Tutors,Head of Automation,https://www.linkedin.com/in/anouk-zettergren-6829,2024-07-11
Priya Eastcott,Quintrell Advisory,Engineering Manager,https://www.linkedin.com/in/priya-eastcott-2623,2023-10-26
Rhys Lomsadze,Corbridge Realty,Director of IT,https://www.linkedin.com/in/rhys-lomsadze-2785,2022-01-14
Freya Kirkbride,Ambrose Trading,Principal Architect,https://www.linkedin.com/in/freya-kirkbride-5477,2021-08-13
Devin Achterberg,Rooksby Legal,"Senior Manager, Engineering",https://www.linkedin.com/in/devin-achterberg-3624,2024-07-05
Priya Havercamp,Underwood & Vale,Head of Innovation,https://www.linkedin.com/in/priya-havercamp-2282,2024-04-15
Malik Jarrold,Inglenook Bakery,VP Enterprise Architecture,https://www.linkedin.com/in/malik-jarrold-1136,2024-08-01
Duarte Cathcart,Tannerly Design,Director of IT,https://www.linkedin.com/in/duarte-cathcart-2741,2024-05-19
Sabine Salcedo,Elmsworth Tutors,VP Enterprise Architecture,https://www.linkedin.com/in/sabine-salcedo-6895,2022-12-02
Ansel Cathcart,Vespermill Analytics,Staff Engineer,https://www.linkedin.com/in/ansel-cathcart-2547,2018-09-26
Fenella Havercamp,Fairbourne Fitness,Product Director,https://www.linkedin.com/in/fenella-havercamp-4004,2021-03-22
Fenella Dellinger,Ondermark Consulting,Product Director,https://www.linkedin.com/in/fenella-dellinger-2392,2015-11-01
Coretta Petrossian,Corbridge Realty,"Senior Manager, Engineering",https://www.linkedin.com/in/coretta-petrossian-2021,2018-08-25
Coretta Sandoval,Corbridge Realty,Staff Engineer,https://www.linkedin.com/in/coretta-sandoval-8068,2016-08-19
Rosalind Hartigan,Zenner Foods,Engineering Manager,https://www.linkedin.com/in/rosalind-hartigan-6297,2020-11-06
Dev Fairweather,Garrowby Books,Program Manager,https://www.linkedin.com/in/dev-fairweather-6974,2016-03-13
Ansel Højgaard,Highmoor Cycles,"Senior Manager, Engineering",https://www.linkedin.com/in/ansel-hojgaard-2726,2020-06-01
Kwame Eastcott,Bellchamber Media,Principal Architect,,2024-09-12
Idris Zubkov,Bellchamber Media,Head of Innovation,https://www.linkedin.com/in/idris-zubkov-3831,2016-02-29
Amara Oyelaran,Underwood & Vale,Head of Automation,https://www.linkedin.com/in/amara-oyelaran-5429,2019-08-09
Callum Lomsadze,Inglenook Bakery,Staff Engineer,https://www.linkedin.com/in/callum-lomsadze-6547,2018-05-27
Ingrid Yarrow,Ambrose Trading,SVP Digital,https://www.linkedin.com/in/ingrid-yarrow-9757,2022-11-12
Amara Grimsby,Bellchamber Media,"Senior Manager, Engineering",https://www.linkedin.com/in/amara-grimsby-6724,2017-10-20
Camille Oyelaran,Yardley Print,Chief Data Officer,https://www.linkedin.com/in/camille-oyelaran-6816,2020-06-02
Tilda Brenneman,Tannerly Design,Engineering Manager,https://www.linkedin.com/in/tilda-brenneman-2030,2016-08-26
Fenella Mkhize,Bellchamber Media,SVP Digital,https://www.linkedin.com/in/fenella-mkhize-1953,2016-06-12
Renata Eastcott,Xanthe Labs,Head of Developer Productivity,https://www.linkedin.com/in/renata-eastcott-2227,2020-09-29
Ansel Jarrold,Underwood & Vale,Platform Lead,https://www.linkedin.com/in/ansel-jarrold-2056,2015-11-23
Odette Vasquez,Xanthe Labs,Chief Digital Officer,,2016-02-11
·Joaquín Glückstein,Quintrell Advisory,Principal Architect,https://www.linkedin.com/in/joaquin-gluckstein-4580,2025-01-27
Zaid Fairweather,Underwood & Vale,Chief Operating Officer,https://www.linkedin.com/in/zaid-fairweather-6540,2020-12-27
Liesel Prendergast,Corbridge Realty,Product Director,https://www.linkedin.com/in/liesel-prendergast-7226,2023-05-27
Amara Fairweather,Bellchamber Media,Engineering Manager,https://www.linkedin.com/in/amara-fairweather-8394,2025-06-28
Margot Cathcart,Elmsworth Tutors,Chief Data Officer,https://www.linkedin.com/in/margot-cathcart-3906,2023-04-09
Lucia Bellinger,Vespermill Analytics,Principal Architect,https://www.linkedin.com/in/lucia-bellinger-3872,2024-03-06
Ravi Ferreira,Inglenook Bakery,Program Manager,https://www.linkedin.com/in/ravi-ferreira-7149,2017-08-12
Margot Zubkov,Dunmowe Travel,Engineering Manager,,2017-10-02
Silas Yarrow,Underwood & Vale,Product Director,https://www.linkedin.com/in/silas-yarrow-1248,2019-09-21
Teodor Cardoso,Dunmowe Travel,Product Director,https://www.linkedin.com/in/teodor-cardoso-3386,2016-09-28
Arjun Balogun,Underwood & Vale,Principal Architect,https://www.linkedin.com/in/arjun-balogun-4025,2023-11-04
Tomás Norrington,Whitlock Staffing,SVP Digital,https://www.linkedin.com/in/tomas-norrington-7597,2018-11-15
Kian Halloran,Bellchamber Media,Chief Information Officer,https://www.linkedin.com/in/kian-halloran-1133,2020-04-24
Matteo Nakashima,Dunmowe Travel,Director of IT,https://www.linkedin.com/in/matteo-nakashima-6150,2016-04-25
Liesel Wexford,Inglenook Bakery,Head of Developer Productivity,https://www.linkedin.com/in/liesel-wexford-1574,2025-06-25
Greta Ingleby,Vespermill Analytics,Director of Software Engineering,https://www.linkedin.com/in/greta-ingleby-6506,2017-01-28
Callum Kettleborough,Corbridge Realty,SVP Digital,https://www.linkedin.com/in/callum-kettleborough-3578,2020-03-22
Dana Cardoso,Vespermill Analytics,Head of Innovation,https://www.linkedin.com/in/dana-cardoso-7838,2021-03-23
Freya Oyelaran,Whitlock Staffing,Staff Engineer,https://www.linkedin.com/in/freya-oyelaran-8261,2018-04-04
Bram Sandoval,Rooksby Legal,Chief Information Officer,https://www.linkedin.com/in/bram-sandoval-9382,2022-01-12
Nadia Oyelaran,Xanthe Labs,Engineering Manager,https://www.linkedin.com/in/nadia-oyelaran-1019,2022-08-21
Rhys Dobrescu,Pale Harbour Studio,"Senior Manager, Engineering",https://www.linkedin.com/in/rhys-dobrescu-1470,2016-06-29
Margot Mkhize,Elmsworth Tutors,VP Data & Analytics,https://www.linkedin.com/in/margot-mkhize-5677,2019-09-06
Ansel Yarrow,Vespermill Analytics,Director of IT,https://www.linkedin.com/in/ansel-yarrow-4415,2020-01-22
Nadia Ashdown,Pale Harbour Studio,Staff Engineer,https://www.linkedin.com/in/nadia-ashdown-6069,2017-02-17
Coretta Zettergren,Tannerly Design,Engineering Manager,https://www.linkedin.com/in/coretta-zettergren-1451,2019-05-29
Perrine Merriweather,Inglenook Bakery,Product Director,https://www.linkedin.com/in/perrine-merriweather-4151,2023-12-15
Sabine Oldfield,Garrowby Books,Engineering Manager,https://www.linkedin.com/in/sabine-oldfield-6987,2024-02-24
Arjun Mkhize,Zenner Foods,Principal Architect,https://www.linkedin.com/in/arjun-mkhize-4958,2022-04-09
Rafael Rushworth,Vespermill Analytics,Chief Information Officer,https://www.linkedin.com/in/rafael-rushworth-3495,2024-08-04
Saoirse Rushworth,Inglenook Bakery,Staff Engineer,https://www.linkedin.com/in/saoirse-rushworth-9408,2024-01-07
Hugo Glückstein,Highmoor Cycles,Platform Lead,https://www.linkedin.com/in/hugo-gluckstein-2805,2016-02-13
Curtis Norrington,Vespermill Analytics,Platform Lead,,2024-10-03
Casper Okonkwo,Pale Harbour Studio,Platform Lead,https://www.linkedin.com/in/casper-okonkwo-7416,2022-06-01
Matteo Quillane,Pale Harbour Studio,Program Manager,https://www.linkedin.com/in/matteo-quillane-3553,2021-06-20
Sloane Yarrow,Whitlock Staffing,Head of Automation,https://www.linkedin.com/in/sloane-yarrow-6472,2024-11-02
Niall Lindqvist,Tannerly Design,Platform Lead,https://www.linkedin.com/in/niall-lindqvist-8654,2016-03-25
Ansel Achterberg,Corbridge Realty,Engineering Manager,https://www.linkedin.com/in/ansel-achterberg-7305,2023-09-12
Hana Jarrold,Rooksby Legal,Staff Engineer,https://www.linkedin.com/in/hana-jarrold-2147,2021-03-31
Kofi Jarrold,Marchford Clinics,Chief Information Officer,https://www.linkedin.com/in/kofi-jarrold-1720,2023-09-18
Ravi Vasquez,Vespermill Analytics,Staff Engineer,https://www.linkedin.com/in/ravi-vasquez-4409,2021-01-06
Anouk Kirkbride,Nortonbury Logistics,Head of Developer Productivity,https://www.linkedin.com/in/anouk-kirkbride-4767,2026-07-07
Devin Hartigan,Inglenook Bakery,Chief Technology Officer,https://www.linkedin.com/in/devin-hartigan-6672,2023-03-17
Ansel Rushworth,Yardley Print,Head of Automation,https://www.linkedin.com/in/ansel-rushworth-3432,2022-06-26
Kian Egerton,Yardley Print,Director of IT,https://www.linkedin.com/in/kian-egerton-7618,2017-12-20
Callum Højgaard,Underwood & Vale,Platform Lead,https://www.linkedin.com/in/callum-hojgaard-6323,2016-06-28
Yara Yarrow,Garrowby Books,Director of IT,https://www.linkedin.com/in/yara-yarrow-8938,2017-08-31
Lucia Eastcott,Quintrell Advisory,Director of Software Engineering,https://www.linkedin.com/in/lucia-eastcott-3666,2017-09-30
Matteo Ashdown,Whitlock Staffing,Principal Architect,https://www.linkedin.com/in/matteo-ashdown-7944,2017-10-26
Desmond Falkenrath,Vespermill Analytics,Program Manager,https://www.linkedin.com/in/desmond-falkenrath-7839,2017-02-05
Xiomara Marchetti,Ambrose Trading,Engineering Manager,https://www.linkedin.com/in/xiomara-marchetti-7891,2020-03-24
Yusuf Brenneman,Inglenook Bakery,Head of Automation,,2024-01-09
Desmond Bellinger,Pale Harbour Studio,Engineering Manager,https://www.linkedin.com/in/desmond-bellinger-6904,2023-07-05
Hugo Isenberg,Ondermark Consulting,"Senior Manager, Engineering",https://www.linkedin.com/in/hugo-isenberg-5803,2019-07-26
Tanvi Quillane,Ondermark Consulting,Principal Architect,https://www.linkedin.com/in/tanvi-quillane-7608,2023-03-06
Emeka Zettergren,Pale Harbour Studio,"Senior Manager, Engineering",https://www.linkedin.com/in/emeka-zettergren-4629,2023-07-19
Marisol Ibarra,Yardley Print,Head of Automation,,2017-01-13
Tomás Vasquez,Xanthe Labs,"Senior Manager, Engineering",https://www.linkedin.com/in/tomas-vasquez-6363,2023-01-22
Bertrand Havercamp,Dunmowe Travel,Chief Data Officer,https://www.linkedin.com/in/bertrand-havercamp-7812,2018-05-20
Perrine Bellinger,Zenner Foods,Head of Automation,https://www.linkedin.com/in/perrine-bellinger-8736,2018-05-12
Dana Oldfield,Zenner Foods,Program Manager,https://www.linkedin.com/in/dana-oldfield-4784,2024-09-14
Ilse Thackeray,Whitlock Staffing,Platform Lead,https://www.linkedin.com/in/ilse-thackeray-2783,2020-11-20
Ingrid Kettleborough,Bellchamber Media,Program Manager,https://www.linkedin.com/in/ingrid-kettleborough-2859,2016-12-03
Duarte Achterberg,Vespermill Analytics,Director of IT,https://www.linkedin.com/in/duarte-achterberg-3347,2023-10-13
Tanvi Oyelaran,Pale Harbour Studio,VP Enterprise Architecture,https://www.linkedin.com/in/tanvi-oyelaran-2560,2021-01-09
Silas Falkenrath,Fairbourne Fitness,Head of Innovation,https://www.linkedin.com/in/silas-falkenrath-5489,2020-08-26
Mei Hartigan,Corbridge Realty,Engineering Manager,https://www.linkedin.com/in/mei-hartigan-3766,2016-10-07
Priya Vasquez,Rooksby Legal,Head of Developer Productivity,https://www.linkedin.com/in/priya-vasquez-1393,2017-11-11
Wren Crowther,Quintrell Advisory,Product Director,https://www.linkedin.com/in/wren-crowther-7078,2018-01-29
Arjun Prendergast,Fairbourne Fitness,Principal Architect,https://www.linkedin.com/in/arjun-prendergast-3454,2023-04-26
Marisol Isenberg,Inglenook Bakery,Program Manager,https://www.linkedin.com/in/marisol-isenberg-3674,2020-09-10
Imani Falkenrath,Fairbourne Fitness,Head of Innovation,https://www.linkedin.com/in/imani-falkenrath-5571,2019-12-24
Kofi Halloran,Fairbourne Fitness,Program Manager,,2018-07-24
Kwame Grimsby,Elmsworth Tutors,Head of Innovation,https://www.linkedin.com/in/kwame-grimsby-2008,2024-09-30
Elena Prendergast,Pale Harbour Studio,Principal Architect,https://www.linkedin.com/in/elena-prendergast-8749,2021-07-21
Zaid Jarrold,Quintrell Advisory,Engineering Manager,https://www.linkedin.com/in/zaid-jarrold-6097,2018-01-05
Malik Zettergren,Tannerly Design,Staff Engineer,,2022-02-07
Margot Salcedo,Quintrell Advisory,Head of Innovation,https://www.linkedin.com/in/margot-salcedo-1491,2020-06-05
Niall Oldfield,Highmoor Cycles,Chief Data Officer,https://www.linkedin.com/in/niall-oldfield-6456,2025-07-07
Fenella Falkenrath,Ondermark Consulting,Engineering Manager,https://www.linkedin.com/in/fenella-falkenrath-4655,2022-12-25
Arjun Bellinger,Ondermark Consulting,Engineering Manager,https://www.linkedin.com/in/arjun-bellinger-9207,2024-12-14
Tilda Lindqvist,Inglenook Bakery,Head of Automation,https://www.linkedin.com/in/tilda-lindqvist-2110,2021-01-25
Kian Lindqvist,Highmoor Cycles,Chief Digital Officer,https://www.linkedin.com/in/kian-lindqvist-9570,2019-08-08
Perrine Mkhize,Bellchamber Media,Engineering Manager,https://www.linkedin.com/in/perrine-mkhize-8255,2021-09-04
Casper Glückstein,Zenner Foods,SVP Digital,https://www.linkedin.com/in/casper-gluckstein-9678,2016-10-21
Dev Cathcart,Highmoor Cycles,Staff Engineer,https://www.linkedin.com/in/dev-cathcart-3764,2021-10-25
Odette Glückstein,Tannerly Design,Principal Architect,https://www.linkedin.com/in/odette-gluckstein-4890,2020-09-19
Casper Yarrow,Garrowby Books,Product Director,https://www.linkedin.com/in/casper-yarrow-9666,2024-02-19
Dana Falkenrath,Vespermill Analytics,Platform Lead,https://www.linkedin.com/in/dana-falkenrath-2254,2023-03-22
Kofi Wolstenholme,Dunmowe Travel,Product Director,https://www.linkedin.com/in/kofi-wolstenholme-1166,2025-01-22
Sloane Højgaard,Ondermark Consulting,Staff Engineer,,2024-09-02
Sabine Nakashima,Bexley Bioworks,Chief Data Officer,https://www.linkedin.com/in/sabine-nakashima-7858,2019-05-20
Marcus Ingleby,Tannerly Design,Head of Automation,https://www.linkedin.com/in/marcus-ingleby-8065,2016-01-08
Priya Brenneman,Xanthe Labs,Staff Engineer,https://www.linkedin.com/in/priya-brenneman-8233,2023-09-12
Emeka Marchetti,Inglenook Bakery,Chief Data Officer,https://www.linkedin.com/in/emeka-marchetti-1859,2019-02-16
Camille Prendergast,Highmoor Cycles,Director of IT,https://www.linkedin.com/in/camille-prendergast-3993,2024-02-16
Anouk Grimsby,Garrowby Books,Staff Engineer,https://www.linkedin.com/in/anouk-grimsby-4890,2022-11-09
Ravi Drummond,Underwood & Vale,Chief Information Officer,https://www.linkedin.com/in/ravi-drummond-1712,2024-05-21
Bo Halloran,Bellchamber Media,Head of Innovation,https://www.linkedin.com/in/bo-halloran-9171,2023-05-15
Matteo Falkenrath,Ondermark Consulting,Head of Innovation,,2024-04-03
Lucia Isenberg,Xanthe Labs,Chief Technology Officer,https://www.linkedin.com/in/lucia-isenberg-9821,2024-11-20
Idris Thackeray,Whitlock Staffing,VP Data & Analytics,https://www.linkedin.com/in/idris-thackeray-9149,2024-07-09
Marcus Mkhize,Inglenook Bakery,Head of Innovation,https://www.linkedin.com/in/marcus-mkhize-8065,2025-01-03
Amara Ibarra,Bellchamber Media,Chief Data Officer,https://www.linkedin.com/in/amara-ibarra-7328,2022-09-23
Yusuf Wexford,Dunmowe Travel,Director of IT,https://www.linkedin.com/in/yusuf-wexford-1766,2019-01-11
Ravi Rushworth,Inglenook Bakery,VP Data & Analytics,https://www.linkedin.com/in/ravi-rushworth-6317,2021-05-14
Bo Achterberg,Corbridge Realty,Head of Innovation,https://www.linkedin.com/in/bo-achterberg-4401,2021-05-29
Sunniva Bellinger,Garrowby Books,Head of Innovation,https://www.linkedin.com/in/sunniva-bellinger-5391,2016-06-04
Amara Cathcart,Yardley Print,Product Director,https://www.linkedin.com/in/amara-cathcart-2676,2017-10-23
Solveig Ferreira,Xanthe Labs,Engineering Manager,https://www.linkedin.com/in/solveig-ferreira-6919,2020-10-05
Bo Marchetti,Cindermill Mining,Platform Lead,https://www.linkedin.com/in/bo-marchetti-4825,2019-08-23
Greta Merriweather,Dunmowe Travel,Principal Architect,https://www.linkedin.com/in/greta-merriweather-1044,2018-09-06
Devin Marchetti,Highmoor Cycles,Head of Automation,https://www.linkedin.com/in/devin-marchetti-4111,2021-04-25
Casper Underhill,Inglenook Bakery,Product Director,https://www.linkedin.com/in/casper-underhill-7370,2022-04-19
Marcus Falkenrath,Ondermark Consulting,Head of Automation,https://www.linkedin.com/in/marcus-falkenrath-1718,2023-01-29
Teodor Petrossian,Whitlock Staffing,Head of Platform Engineering,https://www.linkedin.com/in/teodor-petrossian-7571,2018-08-23
Emeka Kirkbride,Zenner Foods,Director of IT,https://www.linkedin.com/in/emeka-kirkbride-8778,2019-02-27
Rafael Merriweather,Ondermark Consulting,Product Director,https://www.linkedin.com/in/rafael-merriweather-8893,2024-07-31
Marcus Grimsby,Zenner Foods,Director of Software Engineering,,2020-01-04
Perrine Prendergast,Ondermark Consulting,Director of IT,https://www.linkedin.com/in/perrine-prendergast-1065,2023-01-11
Solveig Dellinger,Elmsworth Tutors,Chief Technology Officer,https://www.linkedin.com/in/solveig-dellinger-1404,2022-07-15
Leandro Cathcart,Underwood & Vale,Product Director,https://www.linkedin.com/in/leandro-cathcart-1209,2024-09-15
·Joaquín Eastcott,Ondermark Consulting,Engineering Manager,https://www.linkedin.com/in/joaquin-eastcott-7929,2020-08-10
Lucia Rushworth,Corbridge Realty,Staff Engineer,https://www.linkedin.com/in/lucia-rushworth-9277,2017-11-03
Xiomara Quillane,Whitlock Staffing,Principal Architect,https://www.linkedin.com/in/xiomara-quillane-9804,2021-11-26
Anouk Salcedo,Highmoor Cycles,Chief Information Officer,https://www.linkedin.com/in/anouk-salcedo-6041,2023-09-07
Tilda Falkenrath,Xanthe Labs,Product Director,https://www.linkedin.com/in/tilda-falkenrath-6703,2020-03-16
Rafael Egerton,Rooksby Legal,Head of Platform Engineering,https://www.linkedin.com/in/rafael-egerton-9311,2022-10-30
Leandro Kettleborough,Yardley Print,"Senior Manager, Engineering",https://www.linkedin.com/in/leandro-kettleborough-2189,2021-04-27
Dev Salcedo,Tannerly Design,Director of IT,https://www.linkedin.com/in/dev-salcedo-2380,2017-11-21
Tomás Falkenrath,Pale Harbour Studio,VP Enterprise Architecture,https://www.linkedin.com/in/tomas-falkenrath-9500,2021-01-30
Mei Quillane,Quintrell Advisory,Chief Data Officer,https://www.linkedin.com/in/mei-quillane-7514,2020-03-06
Ilse Grimsby,Fairbourne Fitness,Product Director,https://www.linkedin.com/in/ilse-grimsby-3149,2017-12-05
Desmond Oyelaran,Underwood & Vale,Principal Architect,https://www.linkedin.com/in/desmond-oyelaran-5988,2024-10-16
Xiomara Yarrow,Rooksby Legal,VP Enterprise Architecture,https://www.linkedin.com/in/xiomara-yarrow-5870,2019-02-26
Dev Rushworth,Dunmowe Travel,Product Director,https://www.linkedin.com/in/dev-rushworth-1305,2018-07-31
Otto Havercamp,Quintrell Advisory,Program Manager,https://www.linkedin.com/in/otto-havercamp-7560,2018-05-19
Gideon Nakashima,Fairbourne Fitness,Chief Operating Officer,https://www.linkedin.com/in/gideon-nakashima-2212,2022-10-15
Yara Thackeray,Fairbourne Fitness,Chief Digital Officer,https://www.linkedin.com/in/yara-thackeray-8354,2020-03-04
Xiomara Bellinger,Elmsworth Tutors,Engineering Manager,https://www.linkedin.com/in/xiomara-bellinger-7658,2019-07-22
Callum Dobrescu,Fairbourne Fitness,Director of IT,https://www.linkedin.com/in/callum-dobrescu-6750,2019-11-06
Arjun Jarrold,Highmoor Cycles,Head of Automation,https://www.linkedin.com/in/arjun-jarrold-2913,2019-08-18
Emeka Ferreira,Ondermark Consulting,Engineering Manager,https://www.linkedin.com/in/emeka-ferreira-9895,2018-05-19
Xiomara Merriweather,Quintrell Advisory,Chief Operating Officer,https://www.linkedin.com/in/xiomara-merriweather-9892,2023-05-31
Arjun Cardoso,Xanthe Labs,Chief Technology Officer,https://www.linkedin.com/in/arjun-cardoso-9168,2022-06-18
Elena Ibarra,Pale Harbour Studio,"Senior Manager, Engineering",https://www.linkedin.com/in/elena-ibarra-4250,2022-11-23
Tomás Ingleby,Whitlock Staffing,"Senior Manager, Engineering",https://www.linkedin.com/in/tomas-ingleby-7126,2022-03-01
Solveig Vandermolen,Whitlock Staffing,"Senior Manager, Engineering",https://www.linkedin.com/in/solveig-vandermolen-7219,2020-03-25
Bram Kirkbride,Highmoor Cycles,Director of Software Engineering,https://www.linkedin.com/in/bram-kirkbride-9086,2017-06-15
Espen Glückstein,Zenner Foods,Platform Lead,,2021-04-21
Camille Højgaard,Pale Harbour Studio,Platform Lead,https://www.linkedin.com/in/camille-hojgaard-3801,2019-10-29
Emeka Jarrold,Yardley Print,Staff Engineer,https://www.linkedin.com/in/emeka-jarrold-8254,2019-09-23
Saoirse Balogun,Vespermill Analytics,Director of IT,https://www.linkedin.com/in/saoirse-balogun-4571,2019-02-18
Otto Kirkbride,Quintrell Advisory,Staff Engineer,https://www.linkedin.com/in/otto-kirkbride-7254,2018-12-22
Amara Achterberg,Dunmowe Travel,VP Engineering,https://www.linkedin.com/in/amara-achterberg-5774,2020-06-15
Elena Merriweather,Dunmowe Travel,Engineering Manager,https://www.linkedin.com/in/elena-merriweather-4438,2020-04-21
Callum Dellinger,Whitlock Staffing,Program Manager,https://www.linkedin.com/in/callum-dellinger-9987,2021-01-04
Kwame Mkhize,Inglenook Bakery,"Senior Manager, Engineering",https://www.linkedin.com/in/kwame-mkhize-5823,2023-03-14
Owen Merriweather,Rooksby Legal,VP Enterprise Architecture,https://www.linkedin.com/in/owen-merriweather-5593,2019-06-11
Hana Crowther,Fairbourne Fitness,Chief Operating Officer,https://www.linkedin.com/in/hana-crowther-8657,2024-12-28
Idris Achterberg,Quintrell Advisory,Director of IT,https://www.linkedin.com/in/idris-achterberg-3569,2020-03-30
Bertrand Kettleborough,Xanthe Labs,Head of Developer Productivity,https://www.linkedin.com/in/bertrand-kettleborough-9164,2016-09-29
Sunniva Cathcart,Garrowby Books,Program Manager,https://www.linkedin.com/in/sunniva-cathcart-7391,2017-09-23
Camille Havercamp,Underwood & Vale,Principal Architect,https://www.linkedin.com/in/camille-havercamp-8389,2017-09-25
Astrid Rushworth,Vespermill Analytics,Program Manager,https://www.linkedin.com/in/astrid-rushworth-3927,2023-12-23
Hana Salcedo,Pale Harbour Studio,"Senior Manager, Engineering",https://www.linkedin.com/in/hana-salcedo-6080,2021-05-31
Idris Balogun,Highmoor Cycles,Chief Information Officer,https://www.linkedin.com/in/idris-balogun-1291,2024-09-15
Solveig Okonkwo,Pale Harbour Studio,Head of Platform Engineering,https://www.linkedin.com/in/solveig-okonkwo-6517,2019-10-13
Ingrid Dellinger,Ondermark Consulting,Staff Engineer,https://www.linkedin.com/in/ingrid-dellinger-1219,2018-04-11
Rosalind Halloran,Pale Harbour Studio,Chief Information Officer,https://www.linkedin.com/in/rosalind-halloran-7493,2022-12-01
Noor Hartigan,Zenner Foods,Head of Platform Engineering,https://www.linkedin.com/in/noor-hartigan-5185,2018-08-16
Astrid Cardoso,Corbridge Realty,Head of Innovation,,2017-12-27
Priya Petrossian,Rooksby Legal,Head of Developer Productivity,https://www.linkedin.com/in/priya-petrossian-6228,2018-07-22
Ilse Jarrold,Vespermill Analytics,Head of Platform Engineering,https://www.linkedin.com/in/ilse-jarrold-4373,2023-02-09
Sunniva Oldfield,Glasspoint Health,Chief Operating Officer,https://www.linkedin.com/in/sunniva-oldfield-4247,2026-09-15
Niall Eastcott,Pale Harbour Studio,"Senior Manager, Engineering",https://www.linkedin.com/in/niall-eastcott-7899,2016-09-26
Idris Cardoso,Dunmowe Travel,Director of IT,https://www.linkedin.com/in/idris-cardoso-9096,2021-07-14
Bertrand Rushworth,Xanthe Labs,Head of Innovation,https://www.linkedin.com/in/bertrand-rushworth-6553,2022-03-08
Niall Fairweather,Rooksby Legal,Head of Innovation,https://www.linkedin.com/in/niall-fairweather-4913,2022-03-05
Camille Ferreira,Ondermark Consulting,Chief Digital Officer,https://www.linkedin.com/in/camille-ferreira-5949,2017-10-04
Fenella Vasquez,Ondermark Consulting,Chief Data Officer,https://www.linkedin.com/in/fenella-vasquez-5206,2022-10-10
Curtis Zettergren,Quintrell Advisory,Chief Technology Officer,https://www.linkedin.com/in/curtis-zettergren-1649,2021-02-28
Dev Ashdown,Yardley Print,Program Manager,https://www.linkedin.com/in/dev-ashdown-6773,2021-02-14
Kian Grimsby,Xanthe Labs,Principal Architect,https://www.linkedin.com/in/kian-grimsby-8151,2023-05-22
Kofi Fairweather,Underwood & Vale,Platform Lead,https://www.linkedin.com/in/kofi-fairweather-6370,2020-04-21
Hana Lomsadze,Vespermill Analytics,Chief Data Officer,https://www.linkedin.com/in/hana-lomsadze-4350,2018-07-06
Sloane Oldfield,Tannerly Design,Engineering Manager,https://www.linkedin.com/in/sloane-oldfield-9595,2019-12-02
Rafael Marchetti,Whitlock Staffing,Staff Engineer,https://www.linkedin.com/in/rafael-marchetti-3992,2022-04-05
Owen Wexford,Ambrose Trading,Chief Digital Officer,https://www.linkedin.com/in/owen-wexford-4126,2022-01-11
Freya Balogun,Garrowby Books,Head of Automation,https://www.linkedin.com/in/freya-balogun-5454,2018-10-29
Arjun Crowther,Dunmowe Travel,Head of Automation,https://www.linkedin.com/in/arjun-crowther-6533,2020-10-05
Dana Kirkbride,Ondermark Consulting,Platform Lead,https://www.linkedin.com/in/dana-kirkbride-8572,2018-09-15
Tilda Ashdown,Xanthe Labs,Engineering Manager,https://www.linkedin.com/in/tilda-ashdown-1114,2021-05-16
Freya Ingleby,Bellchamber Media,Principal Architect,https://www.linkedin.com/in/freya-ingleby-2070,2015-11-23
Yusuf Sandoval,Rooksby Legal,Chief Data Officer,https://www.linkedin.com/in/yusuf-sandoval-1306,2018-09-18
Nadia Rushworth,Fairbourne Fitness,Principal Architect,https://www.linkedin.com/in/nadia-rushworth-6094,2016-08-06
Hana Marchetti,Underwood & Vale,Platform Lead,https://www.linkedin.com/in/hana-marchetti-2523,2021-01-24
Kwame Oldfield,Highmoor Cycles,SVP Digital,https://www.linkedin.com/in/kwame-oldfield-9209,2018-09-16
Teodor Thackeray,Inglenook Bakery,Principal Architect,https://www.linkedin.com/in/teodor-thackeray-5594,2019-11-26
Wren Dellinger,Yardley Print,Platform Lead,https://www.linkedin.com/in/wren-dellinger-6509,2021-03-30
Camille Marchetti,Underwood & Vale,Head of Platform Engineering,https://www.linkedin.com/in/camille-marchetti-3379,2021-06-16
Matteo Eastcott,Underwood & Vale,Head of Automation,https://www.linkedin.com/in/matteo-eastcott-4920,2017-10-24
Rosalind Oyelaran,Ambrose Trading,Program Manager,,2024-07-23
Wren Zettergren,Dunmowe Travel,Program Manager,https://www.linkedin.com/in/wren-zettergren-6910,2023-12-04
Bram Lindqvist,Whitlock Staffing,Chief Data Officer,https://www.linkedin.com/in/bram-lindqvist-5241,2018-08-19
Astrid Zubkov,Vespermill Analytics,Platform Lead,https://www.linkedin.com/in/astrid-zubkov-8150,2020-12-18
Anouk Okonkwo,Fairbourne Fitness,"Senior Manager, Engineering",https://www.linkedin.com/in/anouk-okonkwo-4618,2018-11-04
Marcus Eastcott,Bellchamber Media,Program Manager,,2019-03-01
Tilda Glückstein,Fairbourne Fitness,Product Director,https://www.linkedin.com/in/tilda-gluckstein-9493,2021-07-21
Casper Dobrescu,Pale Harbour Studio,Director of IT,https://www.linkedin.com/in/casper-dobrescu-8348,2015-12-05
Yusuf Okonkwo,Xanthe Labs,SVP Digital,https://www.linkedin.com/in/yusuf-okonkwo-8033,2025-01-12
Owen Petrossian,Yardley Print,Head of Automation,https://www.linkedin.com/in/owen-petrossian-9584,2022-10-21
Marisol Jarrold,Elmsworth Tutors,Head of Innovation,https://www.linkedin.com/in/marisol-jarrold-7674,2020-06-24
Teodor Hartigan,Dunmowe Travel,VP Data & Analytics,https://www.linkedin.com/in/teodor-hartigan-3429,2019-04-24
Hana Lindqvist,Zenner Foods,Head of Innovation,https://www.linkedin.com/in/hana-lindqvist-9840,2022-02-04
Malik Ferreira,Bellchamber Media,Staff Engineer,https://www.linkedin.com/in/malik-ferreira-4076,2017-10-04
Tanvi Grimsby,Pale Harbour Studio,Chief Data Officer,https://www.linkedin.com/in/tanvi-grimsby-9286,2023-08-06
Niall Nakashima,Dunmowe Travel,Chief Digital Officer,,2025-04-29
Camille Isenberg,Quintrell Advisory,Chief Technology Officer,https://www.linkedin.com/in/camille-isenberg-5059,2021-07-29
Mei Wolstenholme,Rooksby Legal,SVP Digital,https://www.linkedin.com/in/mei-wolstenholme-5882,2022-01-23
Margot Achterberg,Highmoor Cycles,Staff Engineer,https://www.linkedin.com/in/margot-achterberg-1647,2018-03-30
Coretta Fontaine,Inglenook Bakery,Program Manager,https://www.linkedin.com/in/coretta-fontaine-1152,2024-10-29
Sloane Fontaine,Highmoor Cycles,Principal Architect,https://www.linkedin.com/in/sloane-fontaine-3676,2022-10-23
Mei Oldfield,Elmsworth Tutors,Principal Architect,https://www.linkedin.com/in/mei-oldfield-5897,2019-10-14
Mei Mkhize,Corbridge Realty,Program Manager,https://www.linkedin.com/in/mei-mkhize-1747,2025-01-11
Greta Kirkbride,Fairbourne Fitness,Director of Software Engineering,https://www.linkedin.com/in/greta-kirkbride-6131,2022-05-05
Saoirse Lindqvist,Tannerly Design,Engineering Manager,https://www.linkedin.com/in/saoirse-lindqvist-4609,2019-09-28
Margot Dellinger,Vespermill Analytics,Product Director,https://www.linkedin.com/in/margot-dellinger-3145,2021-10-04
Priya Lindqvist,Rooksby Legal,Head of Automation,https://www.linkedin.com/in/priya-lindqvist-9232,2017-02-10
Kofi Yarrow,Yardley Print,Staff Engineer,https://www.linkedin.com/in/kofi-yarrow-3912,2016-06-18
Desmond Halloran,Quintrell Advisory,Chief Operating Officer,https://www.linkedin.com/in/desmond-halloran-8871,2021-03-02
Otto Lindqvist,Quintrell Advisory,Head of Developer Productivity,https://www.linkedin.com/in/otto-lindqvist-4537,2020-04-09
Ansel Kettleborough,Zenner Foods,Engineering Manager,https://www.linkedin.com/in/ansel-kettleborough-6081,2016-06-05
Saoirse Glückstein,Corbridge Realty,Staff Engineer,https://www.linkedin.com/in/saoirse-gluckstein-1006,2022-05-22
Odette Brenneman,Inglenook Bakery,Program Manager,https://www.linkedin.com/in/odette-brenneman-8149,2022-12-15
Kwame Falkenrath,Pale Harbour Studio,"Senior Manager, Engineering",https://www.linkedin.com/in/kwame-falkenrath-4064,2018-03-24
Gideon Yarrow,Whitlock Staffing,Staff Engineer,https://www.linkedin.com/in/gideon-yarrow-6265,2024-04-06
Sunniva Zubkov,Ondermark Consulting,Head of Platform Engineering,https://www.linkedin.com/in/sunniva-zubkov-1424,2020-08-02
Renata Fairweather,Fairbourne Fitness,VP Data & Analytics,https://www.linkedin.com/in/renata-fairweather-5626,2021-09-21
Tomás Achterberg,Ambrose Trading,Head of Automation,https://www.linkedin.com/in/tomas-achterberg-7658,2016-03-16
Yusuf Nakashima,Inglenook Bakery,Head of Developer Productivity,https://www.linkedin.com/in/yusuf-nakashima-3365,2019-08-14
Devin Egerton,Zenner Foods,Principal Architect,https://www.linkedin.com/in/devin-egerton-2882,2015-10-12
Yusuf Fontaine,Yardley Print,Director of IT,https://www.linkedin.com/in/yusuf-fontaine-1623,2019-06-01
Tanvi Sandoval,Fairbourne Fitness,VP Engineering,https://www.linkedin.com/in/tanvi-sandoval-9834,2021-01-05
Matteo Oldfield,Tannerly Design,VP Engineering,,2024-09-18
Zaid Oyelaran,Dunmowe Travel,Staff Engineer,https://www.linkedin.com/in/zaid-oyelaran-6288,2018-02-01
Perrine Balogun,Inglenook Bakery,Chief Information Officer,https://www.linkedin.com/in/perrine-balogun-2025,2018-11-01
Liesel Halloran,Bellchamber Media,"Senior Manager, Engineering",https://www.linkedin.com/in/liesel-halloran-5993,2023-09-21
Dana Glückstein,Inglenook Bakery,Chief Information Officer,https://www.linkedin.com/in/dana-gluckstein-7613,2023-05-05
Rhys Marchetti,Rooksby Legal,VP Data & Analytics,https://www.linkedin.com/in/rhys-marchetti-6776,2016-06-28
Malik Zubkov,Fairbourne Fitness,Principal Architect,https://www.linkedin.com/in/malik-zubkov-2980,2023-09-22
Elena Salcedo,Tannerly Design,Chief Technology Officer,https://www.linkedin.com/in/elena-salcedo-2812,2016-12-28
Niall Thackeray,Quintrell Advisory,VP Enterprise Architecture,https://www.linkedin.com/in/niall-thackeray-9529,2019-05-20
Priya Balogun,Ondermark Consulting,Engineering Manager,https://www.linkedin.com/in/priya-balogun-9053,2019-09-16
Duarte Petrossian,Fairbourne Fitness,Program Manager,https://www.linkedin.com/in/duarte-petrossian-9549,2024-05-17
Bo Havercamp,Inglenook Bakery,Chief Technology Officer,https://www.linkedin.com/in/bo-havercamp-3729,2018-04-18
Dana Wolstenholme,Rooksby Legal,Program Manager,https://www.linkedin.com/in/dana-wolstenholme-6188,2024-12-19
Bram Ingleby,Xanthe Labs,Staff Engineer,https://www.linkedin.com/in/bram-ingleby-9777,2019-01-17
Emeka Eastcott,Ambrose Trading,Engineering Manager,https://www.linkedin.com/in/emeka-eastcott-1047,2015-11-18
Niall Zettergren,Ambrose Trading,VP Data & Analytics,https://www.linkedin.com/in/niall-zettergren-5344,2018-01-22
Teodor Zettergren,Pale Harbour Studio,Head of Automation,https://www.linkedin.com/in/teodor-zettergren-5877,2019-08-10
Malik Cathcart,Corbridge Realty,Principal Architect,https://www.linkedin.com/in/malik-cathcart-9618,2018-01-09
Bram Fairweather,Whitlock Staffing,Chief Technology Officer,https://www.linkedin.com/in/bram-fairweather-3353,2025-03-19
·Joaquín Hartigan,Vespermill Analytics,Principal Architect,https://www.linkedin.com/in/joaquin-hartigan-6738,2017-04-05
Elena Falkenrath,Ambrose Trading,Chief Technology Officer,https://www.linkedin.com/in/elena-falkenrath-6912,2018-07-10
Sunniva Fairweather,Pale Harbour Studio,Chief Operating Officer,https://www.linkedin.com/in/sunniva-fairweather-2776,2021-12-19
Kian Ibarra,Garrowby Books,Head of Developer Productivity,https://www.linkedin.com/in/kian-ibarra-5504,2022-08-13
Ilse Quillane,Elmsworth Tutors,"Senior Manager, Engineering",https://www.linkedin.com/in/ilse-quillane-3266,2021-04-08
Marcus Sandoval,Corbridge Realty,Program Manager,https://www.linkedin.com/in/marcus-sandoval-5663,2022-09-01
Bertrand Nakashima,Rooksby Legal,Chief Operating Officer,https://www.linkedin.com/in/bertrand-nakashima-9970,2019-06-04
Owen Fontaine,Inglenook Bakery,Director of IT,https://www.linkedin.com/in/owen-fontaine-6244,2025-03-27
Elena Havercamp,Elmsworth Tutors,"Senior Manager, Engineering",https://www.linkedin.com/in/elena-havercamp-1449,2025-03-03
Leandro Ibarra,Inglenook Bakery,Staff Engineer,https://www.linkedin.com/in/leandro-ibarra-7488,2019-04-05
Ingrid Nakashima,Quintrell Advisory,Head of Developer Productivity,https://www.linkedin.com/in/ingrid-nakashima-4050,2016-09-15
Tomás Ferreira,Ironvale Steel,VP Enterprise Architecture,https://www.linkedin.com/in/tomas-ferreira-1145,2018-11-19
Ravi Okonkwo,Ondermark Consulting,"Senior Manager, Engineering",https://www.linkedin.com/in/ravi-okonkwo-9687,2022-03-19
Freya Wolstenholme,Ondermark Consulting,Staff Engineer,https://www.linkedin.com/in/freya-wolstenholme-9137,2023-12-26
Camille Sandoval,Corbridge Realty,Staff Engineer,https://www.linkedin.com/in/camille-sandoval-6334,2025-07-25
Ingrid Norrington,Underwood & Vale,Product Director,https://www.linkedin.com/in/ingrid-norrington-1932,2020-07-11
Rhys Quillane,Zenner Foods,"Senior Manager, Engineering",https://www.linkedin.com/in/rhys-quillane-9087,2016-12-25
Zaid Ibarra,Rooksby Legal,Head of Innovation,https://www.linkedin.com/in/zaid-ibarra-5747,2020-12-03
Leandro Nakashima,Zenner Foods,Chief Information Officer,https://www.linkedin.com/in/leandro-nakashima-7918,2018-12-20
Malik Lomsadze,Zenner Foods,Head of Innovation,https://www.linkedin.com/in/malik-lomsadze-3152,2019-10-16
Espen Okonkwo,Quintrell Advisory,Head of Innovation,https://www.linkedin.com/in/espen-okonkwo-6925,2020-06-05
Emeka Cardoso,Quintrell Advisory,Director of Software Engineering,https://www.linkedin.com/in/emeka-cardoso-3972,2016-03-25
Tanvi Halloran,Yardley Print,VP Engineering,https://www.linkedin.com/in/tanvi-halloran-7066,2022-11-01
Yara Isenberg,Bellchamber Media,Engineering Manager,https://www.linkedin.com/in/yara-isenberg-9926,2025-07-09
Wren Fairweather,Fairbourne Fitness,Head of Platform Engineering,https://www.linkedin.com/in/wren-fairweather-6746,2016-11-28
Kofi Brenneman,Vespermill Analytics,Chief Technology Officer,https://www.linkedin.com/in/kofi-brenneman-4498,2022-02-06
Imani Havercamp,Ondermark Consulting,Product Director,https://www.linkedin.com/in/imani-havercamp-2684,2018-05-05
Camille Dellinger,Yardley Print,Engineering Manager,https://www.linkedin.com/in/camille-dellinger-4787,2022-04-15
Kian Oldfield,Corbridge Realty,"Senior Manager, Engineering",https://www.linkedin.com/in/kian-oldfield-6266,2021-12-30
Gideon Oyelaran,Rooksby Legal,Platform Lead,https://www.linkedin.com/in/gideon-oyelaran-3562,2024-11-05
Sabine Isenberg,Xanthe Labs,"Senior Manager, Engineering",https://www.linkedin.com/in/sabine-isenberg-4598,2024-05-12
Xiomara Lindqvist,Rooksby Legal,Director of IT,https://www.linkedin.com/in/xiomara-lindqvist-7888,2019-04-17
Bo Rushworth,Garrowby Books,"Senior Manager, Engineering",,2017-07-08
Tilda Jarrold,Ondermark Consulting,Principal Architect,https://www.linkedin.com/in/tilda-jarrold-9754,2019-10-13
Liesel Egerton,Dunmowe Travel,Engineering Manager,https://www.linkedin.com/in/liesel-egerton-6293,2020-09-08
Kofi Dobrescu,Highmoor Cycles,Engineering Manager,https://www.linkedin.com/in/kofi-dobrescu-2850,2022-10-03
·Joaquín Wolstenholme,Dunmowe Travel,Head of Innovation,https://www.linkedin.com/in/joaquin-wolstenholme-2975,2016-10-13
Hugo Dobrescu,Vespermill Analytics,"Senior Manager, Engineering",https://www.linkedin.com/in/hugo-dobrescu-6300,2023-06-18
Casper Nakashima,Yardley Print,Product Director,https://www.linkedin.com/in/casper-nakashima-1878,2017-04-24
Espen Ingleby,Quintrell Advisory,Principal Architect,https://www.linkedin.com/in/espen-ingleby-4834,2021-05-15
Liesel Cathcart,Dunmowe Travel,VP Enterprise Architecture,https://www.linkedin.com/in/liesel-cathcart-9217,2022-10-05
Anouk Glückstein,Bellchamber Media,Head of Platform Engineering,https://www.linkedin.com/in/anouk-gluckstein-5626,2020-10-24
Wren Bellinger,Dunmowe Travel,"Senior Manager, Engineering",https://www.linkedin.com/in/wren-bellinger-7597,2020-08-24
Callum Hartigan,Yardley Print,Principal Architect,https://www.linkedin.com/in/callum-hartigan-7171,2017-02-17
Nadia Ingleby,Yardley Print,Head of Innovation,https://www.linkedin.com/in/nadia-ingleby-8273,2019-08-09
Elena Quillane,Dunmowe Travel,VP Data & Analytics,https://www.linkedin.com/in/elena-quillane-8257,2024-04-13
Mei Vasquez,Garrowby Books,VP Engineering,https://www.linkedin.com/in/mei-vasquez-5391,2020-07-14
Noor Lomsadze,Rooksby Legal,Head of Innovation,https://www.linkedin.com/in/noor-lomsadze-4587,2017-03-23
Rafael Mkhize,Highmoor Cycles,Staff Engineer,https://www.linkedin.com/in/rafael-mkhize-8859,2020-10-16
Wren Eastcott,Corbridge Realty,SVP Digital,https://www.linkedin.com/in/wren-eastcott-8767,2020-07-25
Elena Thackeray,Pale Harbour Studio,Engineering Manager,https://www.linkedin.com/in/elena-thackeray-7796,2016-05-17
Tanvi Dellinger,Fairbourne Fitness,Staff Engineer,,2025-03-18
Nadia Højgaard,Highmoor Cycles,Product Director,https://www.linkedin.com/in/nadia-hojgaard-7802,2021-06-09
Elena Højgaard,Elmsworth Tutors,Product Director,https://www.linkedin.com/in/elena-hojgaard-2163,2024-03-08
Ilse Vandermolen,Underwood & Vale,Head of Automation,https://www.linkedin.com/in/ilse-vandermolen-7632,2021-06-23
Greta Achterberg,Bellchamber Media,Head of Developer Productivity,https://www.linkedin.com/in/greta-achterberg-7849,2019-06-24
Silas Petrossian,Pale Harbour Studio,Chief Data Officer,https://www.linkedin.com/in/silas-petrossian-3827,2022-01-26
Kian Salcedo,Highmoor Cycles,Platform Lead,https://www.linkedin.com/in/kian-salcedo-4667,2021-02-10
Espen Salcedo,Zenner Foods,Program Manager,,2020-02-19
Elena Crowther,Zenner Foods,Director of IT,https://www.linkedin.com/in/elena-crowther-7605,2016-06-13
Matteo Oyelaran,Ambrose Trading,Principal Architect,https://www.linkedin.com/in/matteo-oyelaran-3889,2017-01-27
Lucia Zubkov,Ondermark Consulting,Program Manager,https://www.linkedin.com/in/lucia-zubkov-4178,2018-02-17
Espen Kirkbride,Underwood & Vale,Chief Operating Officer,https://www.linkedin.com/in/espen-kirkbride-2021,2016-05-12
Coretta Oyelaran,Garrowby Books,Chief Digital Officer,https://www.linkedin.com/in/coretta-oyelaran-7515,2022-07-25
Rafael Brenneman,Zenner Foods,Director of Software Engineering,https://www.linkedin.com/in/rafael-brenneman-4238,2024-03-18
Ravi Norrington,Whitlock Staffing,Chief Digital Officer,https://www.linkedin.com/in/ravi-norrington-3369,2021-07-10
Coretta Dellinger,Tannerly Design,Director of IT,https://www.linkedin.com/in/coretta-dellinger-7337,2023-09-13
Arjun Fontaine,Whitlock Staffing,Head of Innovation,https://www.linkedin.com/in/arjun-fontaine-6363,2020-04-22
Wren Mkhize,Xanthe Labs,Director of IT,https://www.linkedin.com/in/wren-mkhize-3689,2024-03-05
Rosalind Vasquez,Bellchamber Media,Head of Automation,https://www.linkedin.com/in/rosalind-vasquez-2472,2022-05-09
Sloane Salcedo,Xanthe Labs,Head of Developer Productivity,https://www.linkedin.com/in/sloane-salcedo-6735,2022-11-22
Solveig Underhill,Fairbourne Fitness,Head of Developer Productivity,https://www.linkedin.com/in/solveig-underhill-6862,2022-04-30
Freya Zettergren,Inglenook Bakery,Program Manager,https://www.linkedin.com/in/freya-zettergren-3162,2025-05-18
Ravi Wexford,Pale Harbour Studio,Staff Engineer,https://www.linkedin.com/in/ravi-wexford-7232,2016-04-25
Margot Havercamp,Priorwood Chemicals,Director of Software Engineering,https://www.linkedin.com/in/margot-havercamp-5963,2014-03-11
Ravi Brenneman,Tannerly Design,Head of Automation,https://www.linkedin.com/in/ravi-brenneman-1995,2018-07-08
Teodor Salcedo,Xanthe Labs,Chief Data Officer,https://www.linkedin.com/in/teodor-salcedo-4001,2019-07-17
Desmond Fontaine,Tannerly Design,Head of Automation,https://www.linkedin.com/in/desmond-fontaine-7328,2018-11-08
Ingrid Crowther,Quintrell Advisory,Program Manager,https://www.linkedin.com/in/ingrid-crowther-4308,2016-07-24
Tilda Marchetti,Corbridge Realty,Product Director,https://www.linkedin.com/in/tilda-marchetti-8462,2018-10-25
Duarte Højgaard,Ambrose Trading,Principal Architect,https://www.linkedin.com/in/duarte-hojgaard-3749,2023-05-30
Wren Quillane,Ambrose Trading,Staff Engineer,,2018-01-13
Niall Lomsadze,Inglenook Bakery,Head of Innovation,https://www.linkedin.com/in/niall-lomsadze-7187,2020-02-12
Arjun Marchetti,Rooksby Legal,"Senior Manager, Engineering",https://www.linkedin.com/in/arjun-marchetti-2061,2019-03-02
Anouk Dellinger,Fairbourne Fitness,Head of Innovation,https://www.linkedin.com/in/anouk-dellinger-6088,2024-07-02
Coretta Mkhize,Corbridge Realty,Director of IT,https://www.linkedin.com/in/coretta-mkhize-9051,2017-05-08
Noor Falkenrath,Vespermill Analytics,Principal Architect,https://www.linkedin.com/in/noor-falkenrath-8309,2018-03-22
Otto Halloran,Rooksby Legal,Head of Automation,https://www.linkedin.com/in/otto-halloran-1212,2018-12-24
Odette Højgaard,Pale Harbour Studio,VP Data & Analytics,https://www.linkedin.com/in/odette-hojgaard-9892,2024-11-17
Idris Egerton,Bellchamber Media,Chief Digital Officer,https://www.linkedin.com/in/idris-egerton-2567,2022-06-11
Yara Wexford,Corbridge Realty,Staff Engineer,https://www.linkedin.com/in/yara-wexford-9506,2017-03-09
Elena Vandermolen,Ondermark Consulting,Head of Automation,,2022-07-14
Silas Højgaard,Inglenook Bakery,Staff Engineer,https://www.linkedin.com/in/silas-hojgaard-2819,2019-12-22
Matteo Petrossian,Elmsworth Tutors,Product Director,https://www.linkedin.com/in/matteo-petrossian-3727,2017-06-21
Otto Dobrescu,Xanthe Labs,Chief Digital Officer,https://www.linkedin.com/in/otto-dobrescu-3932,2021-07-13
Callum Ibarra,Underwood & Vale,Chief Data Officer,https://www.linkedin.com/in/callum-ibarra-5581,2017-10-24
Saoirse Norrington,Whitlock Staffing,Product Director,https://www.linkedin.com/in/saoirse-norrington-6889,2018-07-01
Yusuf Rushworth,Tannerly Design,SVP Digital,https://www.linkedin.com/in/yusuf-rushworth-1129,2020-01-24
Margot Fontaine,Bellchamber Media,Chief Operating Officer,https://www.linkedin.com/in/margot-fontaine-3014,2023-03-13
Kian Kettleborough,Tannerly Design,Chief Information Officer,https://www.linkedin.com/in/kian-kettleborough-8034,2015-10-29
Yusuf Vandermolen,Bellchamber Media,Product Director,https://www.linkedin.com/in/yusuf-vandermolen-2182,2019-11-17
Callum Marchetti,Fairbourne Fitness,Engineering Manager,https://www.linkedin.com/in/callum-marchetti-1079,2018-04-15
Hana Underhill,Rooksby Legal,Engineering Manager,https://www.linkedin.com/in/hana-underhill-8065,2021-09-05
Emeka Havercamp,Bellchamber Media,Chief Data Officer,https://www.linkedin.com/in/emeka-havercamp-9027,2025-01-20
Hana Quillane,Dunmowe Travel,Product Director,https://www.linkedin.com/in/hana-quillane-8424,2016-05-20
Ansel Thackeray,Corbridge Realty,"Senior Manager, Engineering",https://www.linkedin.com/in/ansel-thackeray-4859,2018-08-15
Silas Cathcart,Dunmowe Travel,Chief Digital Officer,https://www.linkedin.com/in/silas-cathcart-9918,2024-03-08
Emeka Lomsadze,Underwood & Vale,Chief Information Officer,https://www.linkedin.com/in/emeka-lomsadze-2486,2024-03-28
·Joaquín Ferreira,Vespermill Analytics,"Senior Manager, Engineering",https://www.linkedin.com/in/joaquin-ferreira-2029,2019-10-18
Saoirse Egerton,Elmsworth Tutors,Director of Software Engineering,https://www.linkedin.com/in/saoirse-egerton-3488,2022-06-17
Marcus Zettergren,Yardley Print,Director of IT,https://www.linkedin.com/in/marcus-zettergren-1360,2022-05-27
Marcus Dellinger,Vespermill Analytics,Product Director,https://www.linkedin.com/in/marcus-dellinger-4459,2020-07-17
Kwame Fontaine,Vespermill Analytics,Principal Architect,,2021-04-08
Bertrand Højgaard,Vespermill Analytics,Program Manager,https://www.linkedin.com/in/bertrand-hojgaard-7319,2021-09-15
Sloane Isenberg,Yardley Print,Head of Developer Productivity,https://www.linkedin.com/in/sloane-isenberg-9449,2019-02-15
Devin Grimsby,Elmsworth Tutors,Principal Architect,https://www.linkedin.com/in/devin-grimsby-1676,2021-04-14
Desmond Dellinger,Tannerly Design,Product Director,https://www.linkedin.com/in/desmond-dellinger-2313,2023-04-05
Dev Ferreira,Inglenook Bakery,Engineering Manager,https://www.linkedin.com/in/dev-ferreira-6526,2018-06-09
Coretta Achterberg,Inglenook Bakery,Chief Operating Officer,https://www.linkedin.com/in/coretta-achterberg-2882,2024-04-15
Elena Kirkbride,Ondermark Consulting,Product Director,https://www.linkedin.com/in/elena-kirkbride-9902,2023-12-22
Matteo Kirkbride,Xanthe Labs,VP Engineering,https://www.linkedin.com/in/matteo-kirkbride-6658,2024-06-12
Perrine Thackeray,Xanthe Labs,Staff Engineer,https://www.linkedin.com/in/perrine-thackeray-7149,2016-08-22
Ansel Dellinger,Corbridge Realty,SVP Digital,https://www.linkedin.com/in/ansel-dellinger-8104,2017-05-02
Callum Cardoso,Underwood & Vale,Chief Data Officer,https://www.linkedin.com/in/callum-cardoso-3204,2018-01-31
Bram Hartigan,Elmsworth Tutors,Platform Lead,https://www.linkedin.com/in/bram-hartigan-2139,2019-04-10
Bo Egerton,Vespermill Analytics,Director of IT,https://www.linkedin.com/in/bo-egerton-8240,2017-03-06
Wren Balogun,Bellchamber Media,Chief Operating Officer,https://www.linkedin.com/in/wren-balogun-7217,2018-08-07
Ansel Fairweather,Inglenook Bakery,Staff Engineer,https://www.linkedin.com/in/ansel-fairweather-9520,2016-01-04
Teodor Yarrow,Bellchamber Media,Principal Architect,https://www.linkedin.com/in/teodor-yarrow-7506,2023-06-12
Niall Kirkbride,Ambrose Trading,Head of Innovation,https://www.linkedin.com/in/niall-kirkbride-7929,2024-06-03
Desmond Grimsby,Inglenook Bakery,VP Enterprise Architecture,https://www.linkedin.com/in/desmond-grimsby-4768,2017-08-26
Lucia Vandermolen,Ambrose Trading,Program Manager,https://www.linkedin.com/in/lucia-vandermolen-7509,2018-09-01
Teodor Havercamp,Yardley Print,Product Director,https://www.linkedin.com/in/teodor-havercamp-4186,2017-07-10
Matteo Kettleborough,Highmoor Cycles,Program Manager,https://www.linkedin.com/in/matteo-kettleborough-1534,2023-08-17
Rafael Norrington,Inglenook Bakery,Product Director,https://www.linkedin.com/in/rafael-norrington-4747,2018-11-06
Malik Oyelaran,Elmsworth Tutors,Head of Innovation,https://www.linkedin.com/in/malik-oyelaran-9427,2022-04-10
Malik Højgaard,Highmoor Cycles,VP Data & Analytics,https://www.linkedin.com/in/malik-hojgaard-9843,2021-09-20
Zaid Kettleborough,Garrowby Books,"Senior Manager, Engineering",https://www.linkedin.com/in/zaid-kettleborough-6140,2024-03-31
Arjun Salcedo,Corbridge Realty,Director of IT,https://www.linkedin.com/in/arjun-salcedo-5308,2024-10-07
Duarte Nakashima,Elmsworth Tutors,Platform Lead,https://www.linkedin.com/in/duarte-nakashima-2648,2018-09-23
Kian Hartigan,Tannerly Design,Director of IT,,2019-01-18
Sloane Petrossian,Garrowby Books,Chief Technology Officer,https://www.linkedin.com/in/sloane-petrossian-1371,2018-05-29
Elena Ingleby,Rooksby Legal,VP Engineering,https://www.linkedin.com/in/elena-ingleby-5656,2025-07-25
Tomás Eastcott,Underwood & Vale,VP Data & Analytics,,2023-07-19
Amara Zettergren,Ambrose Trading,Director of IT,https://www.linkedin.com/in/amara-zettergren-2785,2021-01-24
Devin Rushworth,Whitlock Staffing,Program Manager,https://www.linkedin.com/in/devin-rushworth-4164,2018-05-23
Noor Balogun,Underwood & Vale,Chief Digital Officer,https://www.linkedin.com/in/noor-balogun-6466,2021-03-01
Bertrand Norrington,Ondermark Consulting,Engineering Manager,https://www.linkedin.com/in/bertrand-norrington-8409,2017-11-01
Renata Isenberg,Highmoor Cycles,Product Director,https://www.linkedin.com/in/renata-isenberg-4261,2019-07-12
Nadia Crowther,Elmsworth Tutors,VP Engineering,https://www.linkedin.com/in/nadia-crowther-2750,2017-04-01
Ingrid Cardoso,Zenner Foods,Product Director,https://www.linkedin.com/in/ingrid-cardoso-4871,2025-06-01
Callum Achterberg,Pale Harbour Studio,Head of Innovation,https://www.linkedin.com/in/callum-achterberg-2322,2023-06-24
Tomás Jarrold,Yardley Print,Head of Platform Engineering,https://www.linkedin.com/in/tomas-jarrold-3954,2019-06-11
Otto Falkenrath,Highmoor Cycles,Engineering Manager,https://www.linkedin.com/in/otto-falkenrath-9127,2016-11-03
Rosalind Glückstein,Underwood & Vale,Product Director,https://www.linkedin.com/in/rosalind-gluckstein-7037,2024-02-05
Elena Zubkov,Pale Harbour Studio,Head of Innovation,https://www.linkedin.com/in/elena-zubkov-3719,2021-01-20
Amara Drummond,Tannerly Design,Chief Operating Officer,https://www.linkedin.com/in/amara-drummond-4697,2020-08-20
Odette Kettleborough,Tannerly Design,Program Manager,https://www.linkedin.com/in/odette-kettleborough-9983,2023-07-22
·Joaquín Cathcart,Tannerly Design,Chief Data Officer,,2017-04-20
Mei Thackeray,Whitlock Staffing,Chief Technology Officer,https://www.linkedin.com/in/mei-thackeray-2092,2024-11-12
Kofi Eastcott,Yardley Print,Head of Automation,https://www.linkedin.com/in/kofi-eastcott-7159,2023-09-20
Greta Fontaine,Fairbourne Fitness,Principal Architect,https://www.linkedin.com/in/greta-fontaine-7962,2022-04-15
Noor Ferreira,Rooksby Legal,Head of Automation,https://www.linkedin.com/in/noor-ferreira-9137,2023-11-20
Dev Egerton,Vespermill Analytics,Head of Innovation,https://www.linkedin.com/in/dev-egerton-5248,2021-11-10
Duarte Balogun,Tannerly Design,Head of Platform Engineering,https://www.linkedin.com/in/duarte-balogun-3948,2021-09-23
Tomás Crowther,Inglenook Bakery,Program Manager,https://www.linkedin.com/in/tomas-crowther-3550,2024-12-20
Ilse Zettergren,Fairbourne Fitness,Engineering Manager,https://www.linkedin.com/in/ilse-zettergren-8345,2019-04-18
Wren Wexford,Inglenook Bakery,Program Manager,https://www.linkedin.com/in/wren-wexford-3054,2024-06-12
Matteo Højgaard,Pale Harbour Studio,Head of Automation,https://www.linkedin.com/in/matteo-hojgaard-9034,2023-09-15
Bram Nakashima,Yardley Print,SVP Digital,https://www.linkedin.com/in/bram-nakashima-7380,2017-05-07
Callum Grimsby,Highmoor Cycles,Director of Software Engineering,https://www.linkedin.com/in/callum-grimsby-9081,2024-05-12
Rafael Glückstein,Inglenook Bakery,Head of Innovation,https://www.linkedin.com/in/rafael-gluckstein-2624,2016-11-04
Dana Hartigan,Zenner Foods,"Senior Manager, Engineering",https://www.linkedin.com/in/dana-hartigan-5487,2018-11-05
Curtis Wolstenholme,Highmoor Cycles,Engineering Manager,https://www.linkedin.com/in/curtis-wolstenholme-9580,2016-03-05
Callum Ingleby,Zenner Foods,Head of Platform Engineering,https://www.linkedin.com/in/callum-ingleby-4068,2020-12-18
Hugo Havercamp,Corbridge Realty,Chief Digital Officer,https://www.linkedin.com/in/hugo-havercamp-4288,2019-09-25
Imani Rushworth,Bellchamber Media,Principal Architect,https://www.linkedin.com/in/imani-rushworth-1792,2016-11-15
Saoirse Fontaine,Pale Harbour Studio,Director of Software Engineering,https://www.linkedin.com/in/saoirse-fontaine-6804,2020-07-05
Yusuf Ferreira,Fairbourne Fitness,Head of Innovation,https://www.linkedin.com/in/yusuf-ferreira-6403,2020-07-20
Niall Okonkwo,Vespermill Analytics,Head of Innovation,https://www.linkedin.com/in/niall-okonkwo-3944,2016-07-25
Imani Oldfield,Whitlock Staffing,SVP Digital,https://www.linkedin.com/in/imani-oldfield-9835,2021-07-18
Renata Marchetti,Vespermill Analytics,Head of Automation,https://www.linkedin.com/in/renata-marchetti-8480,2016-03-20
Ingrid Prendergast,Bellchamber Media,Chief Technology Officer,https://www.linkedin.com/in/ingrid-prendergast-2219,2020-03-27
Arjun Okonkwo,Xanthe Labs,Head of Platform Engineering,https://www.linkedin.com/in/arjun-okonkwo-8327,2024-12-07
Coretta Brenneman,Xanthe Labs,Head of Automation,https://www.linkedin.com/in/coretta-brenneman-2807,2024-10-18
Desmond Quillane,Dunmowe Travel,Head of Innovation,https://www.linkedin.com/in/desmond-quillane-4349,2024-11-03
Camille Fairweather,Calderon Aerospace,VP Engineering,https://www.linkedin.com/in/camille-fairweather-6686,2025-10-19
Freya Oldfield,Garrowby Books,VP Engineering,https://www.linkedin.com/in/freya-oldfield-8298,2017-05-27
Sloane Kettleborough,Underwood & Vale,Engineering Manager,https://www.linkedin.com/in/sloane-kettleborough-4187,2025-07-17
Noor Ibarra,Pale Harbour Studio,Engineering Manager,https://www.linkedin.com/in/noor-ibarra-8028,2017-05-10
Rosalind Grimsby,Highmoor Cycles,"Senior Manager, Engineering",https://www.linkedin.com/in/rosalind-grimsby-8936,2021-03-04
Casper Marchetti,Xanthe Labs,SVP Digital,https://www.linkedin.com/in/casper-marchetti-2203,2024-09-22
·Joaquín Underhill,Whitlock Staffing,SVP Digital,https://www.linkedin.com/in/joaquin-underhill-8537,2018-06-15
Sunniva Petrossian,Tannerly Design,Platform Lead,https://www.linkedin.com/in/sunniva-petrossian-2486,2021-06-15
Rosalind Havercamp,Fairbourne Fitness,Principal Architect,https://www.linkedin.com/in/rosalind-havercamp-8273,2024-03-18
Astrid Vandermolen,Vespermill Analytics,Program Manager,https://www.linkedin.com/in/astrid-vandermolen-3384,2017-05-14
Fenella Cardoso,Fairbourne Fitness,Head of Platform Engineering,https://www.linkedin.com/in/fenella-cardoso-2816,2016-02-21
Emeka Kettleborough,Pale Harbour Studio,Principal Architect,https://www.linkedin.com/in/emeka-kettleborough-5625,2022-07-12
Ilse Drummond,Tannerly Design,VP Data & Analytics,https://www.linkedin.com/in/ilse-drummond-4019,2018-10-18
Rafael Oyelaran,Ambrose Trading,Platform Lead,https://www.linkedin.com/in/rafael-oyelaran-9666,2016-08-18
Bertrand Yarrow,Xanthe Labs,VP Data & Analytics,https://www.linkedin.com/in/bertrand-yarrow-5911,2018-10-10
Amara Isenberg,Tannerly Design,Director of IT,https://www.linkedin.com/in/amara-isenberg-4224,2019-02-01
Hugo Eastcott,Bellchamber Media,Engineering Manager,https://www.linkedin.com/in/hugo-eastcott-2434,2021-10-30
Sunniva Oyelaran,Zenner Foods,VP Engineering,https://www.linkedin.com/in/sunniva-oyelaran-8960,2022-06-12
Coretta Norrington,Yardley Print,Engineering Manager,,2020-05-14
Ansel Ibarra,Underwood & Vale,Head of Innovation,https://www.linkedin.com/in/ansel-ibarra-3198,2015-11-24
Bertrand Wolstenholme,Zenner Foods,Chief Technology Officer,https://www.linkedin.com/in/bertrand-wolstenholme-2005,2024-12-15
Duarte Halloran,Ondermark Consulting,Platform Lead,https://www.linkedin.com/in/duarte-halloran-7987,2016-05-13
Coretta Dobrescu,Dunmowe Travel,"Senior Manager, Engineering",https://www.linkedin.com/in/coretta-dobrescu-5354,2017-01-12
Curtis Balogun,Whitlock Staffing,Engineering Manager,https://www.linkedin.com/in/curtis-balogun-2164,2017-04-28
Liesel Zettergren,Quintrell Advisory,Staff Engineer,https://www.linkedin.com/in/liesel-zettergren-8808,2017-06-05
Devin Crowther,Zenner Foods,Program Manager,,2019-07-28
Tomás Kettleborough,Inglenook Bakery,Head of Automation,https://www.linkedin.com/in/tomas-kettleborough-4073,2022-11-06
Odette Dobrescu,Zenner Foods,Head of Automation,https://www.linkedin.com/in/odette-dobrescu-6443,2022-08-16
Duarte Cardoso,Rooksby Legal,Chief Operating Officer,https://www.linkedin.com/in/duarte-cardoso-2298,2021-06-05
Callum Vasquez,Pale Harbour Studio,Head of Innovation,,2015-11-24
Teodor Højgaard,Inglenook Bakery,Head of Innovation,https://www.linkedin.com/in/teodor-hojgaard-2302,2021-01-08
Ansel Eastcott,Tannerly Design,Product Director,https://www.linkedin.com/in/ansel-eastcott-3479,2018-04-13
Liesel Norrington,Ambrose Trading,Director of IT,https://www.linkedin.com/in/liesel-norrington-9592,2018-12-22
Idris Dellinger,Rooksby Legal,Staff Engineer,https://www.linkedin.com/in/idris-dellinger-4714,2020-01-04
Astrid Sandoval,Highmoor Cycles,"Senior Manager, Engineering",https://www.linkedin.com/in/astrid-sandoval-4487,2016-03-04
Coretta Kirkbride,Dunmowe Travel,Principal Architect,,2025-05-25
Wren Oyelaran,Elmsworth Tutors,SVP Digital,https://www.linkedin.com/in/wren-oyelaran-6291,2018-11-05
Espen Grimsby,Rooksby Legal,Platform Lead,https://www.linkedin.com/in/espen-grimsby-1091,2017-06-28
Bo Zettergren,Underwood & Vale,"Senior Manager, Engineering",https://www.linkedin.com/in/bo-zettergren-8116,2023-09-04
Ravi Lomsadze,Rooksby Legal,Head of Platform Engineering,https://www.linkedin.com/in/ravi-lomsadze-3135,2021-06-09
Liesel Nakashima,Ambrose Trading,Head of Platform Engineering,https://www.linkedin.com/in/liesel-nakashima-5905,2022-07-30
Lucia Grimsby,Fairbourne Fitness,Product Director,https://www.linkedin.com/in/lucia-grimsby-4008,2019-04-10
Rafael Oldfield,Inglenook Bakery,Product Director,https://www.linkedin.com/in/rafael-oldfield-3052,2018-12-29
Ansel Prendergast,Yardley Print,Chief Digital Officer,https://www.linkedin.com/in/ansel-prendergast-2550,2018-02-20
Xiomara Achterberg,Corbridge Realty,Head of Automation,https://www.linkedin.com/in/xiomara-achterberg-1399,2023-04-20
Imani Lomsadze,Underwood & Vale,Engineering Manager,https://www.linkedin.com/in/imani-lomsadze-9435,2018-10-02
Saoirse Dobrescu,Vespermill Analytics,Head of Developer Productivity,https://www.linkedin.com/in/saoirse-dobrescu-3738,2023-02-16
Astrid Yarrow,Inglenook Bakery,Chief Information Officer,https://www.linkedin.com/in/astrid-yarrow-6505,2024-04-17
Casper Petrossian,Dunmowe Travel,Program Manager,https://www.linkedin.com/in/casper-petrossian-9868,2019-03-09
Xiomara Mkhize,Ondermark Consulting,Head of Automation,https://www.linkedin.com/in/xiomara-mkhize-2596,2023-12-25
Curtis Kettleborough,Fairbourne Fitness,Head of Innovation,https://www.linkedin.com/in/curtis-kettleborough-6857,2019-01-23
Teodor Balogun,Ondermark Consulting,Chief Digital Officer,,2021-09-20
Greta Halloran,Quintrell Advisory,Staff Engineer,https://www.linkedin.com/in/greta-halloran-3591,2021-02-05
Otto Oyelaran,Xanthe Labs,Product Director,https://www.linkedin.com/in/otto-oyelaran-9097,2019-11-19
Astrid Balogun,Tannerly Design,Platform Lead,https://www.linkedin.com/in/astrid-balogun-5764,2020-05-07
Teodor Rushworth,Pale Harbour Studio,"Senior Manager, Engineering",https://www.linkedin.com/in/teodor-rushworth-7749,2021-09-12
Callum Zettergren,Inglenook Bakery,Head of Automation,https://www.linkedin.com/in/callum-zettergren-4828,2016-03-11
Perrine Hartigan,Zenner Foods,Head of Automation,https://www.linkedin.com/in/perrine-hartigan-1836,2025-02-15
Hugo Egerton,Whitlock Staffing,Director of IT,,2017-10-14
Malik Fairweather,Quintrell Advisory,"Senior Manager, Engineering",https://www.linkedin.com/in/malik-fairweather-3257,2018-01-26
Bo Fairweather,Garrowby Books,Platform Lead,https://www.linkedin.com/in/bo-fairweather-2856,2021-08-09
Espen Falkenrath,Ambrose Trading,Platform Lead,https://www.linkedin.com/in/espen-falkenrath-2489,2024-12-16
Hana Petrossian,Highmoor Cycles,Staff Engineer,https://www.linkedin.com/in/hana-petrossian-9139,2017-06-04
Tanvi Brenneman,Underwood & Vale,Program Manager,https://www.linkedin.com/in/tanvi-brenneman-9215,2019-01-07
Odette Ferreira,Ambrose Trading,Product Director,https://www.linkedin.com/in/odette-ferreira-8673,2017-01-24
Devin Okonkwo,Ondermark Consulting,Head of Innovation,https://www.linkedin.com/in/devin-okonkwo-6830,2017-06-16
Zaid Havercamp,Vespermill Analytics,Head of Innovation,https://www.linkedin.com/in/zaid-havercamp-7099,2023-01-02
Imani Bellinger,Garrowby Books,Platform Lead,https://www.linkedin.com/in/imani-bellinger-5709,2020-05-14
Ilse Falkenrath,Highmoor Cycles,VP Engineering,https://www.linkedin.com/in/ilse-falkenrath-4327,2019-02-01
Liesel Drummond,Tannerly Design,Head of Developer Productivity,https://www.linkedin.com/in/liesel-drummond-8106,2020-10-03
Anouk Lindqvist,Ambrose Trading,Head of Automation,https://www.linkedin.com/in/anouk-lindqvist-6218,2016-10-10
Astrid Halloran,Tannerly Design,VP Engineering,https://www.linkedin.com/in/astrid-halloran-6688,2019-08-16
Nadia Merriweather,Whitlock Staffing,Staff Engineer,https://www.linkedin.com/in/nadia-merriweather-3812,2021-11-20
Ravi Thackeray,Inglenook Bakery,Engineering Manager,https://www.linkedin.com/in/ravi-thackeray-8313,2019-11-11
Fenella Dobrescu,Highmoor Cycles,SVP Digital,https://www.linkedin.com/in/fenella-dobrescu-9415,2021-07-12
Casper Egerton,Bellchamber Media,Engineering Manager,https://www.linkedin.com/in/casper-egerton-5669,2022-07-28
Yara Underhill,Quintrell Advisory,Engineering Manager,https://www.linkedin.com/in/yara-underhill-8816,2018-08-23
Greta Grimsby,Ondermark Consulting,Chief Technology Officer,https://www.linkedin.com/in/greta-grimsby-4019,2017-09-21
Zaid Zettergren,Xanthe Labs,Program Manager,https://www.linkedin.com/in/zaid-zettergren-4981,2024-02-17
Desmond Sandoval,Fairbourne Fitness,"Senior Manager, Engineering",https://www.linkedin.com/in/desmond-sandoval-2275,2017-11-14
Perrine Cathcart,Highmoor Cycles,Head of Innovation,https://www.linkedin.com/in/perrine-cathcart-1631,2023-12-22
Freya Zubkov,Fairbourne Fitness,Platform Lead,https://www.linkedin.com/in/freya-zubkov-2125,2023-08-24
Marisol Kettleborough,Corbridge Realty,Program Manager,https://www.linkedin.com/in/marisol-kettleborough-4529,2025-01-23
Otto Rushworth,Highmoor Cycles,Program Manager,https://www.linkedin.com/in/otto-rushworth-3058,2021-07-27
Arjun Ashdown,Whitlock Staffing,Director of IT,,2023-02-09
Rafael Kettleborough,Xanthe Labs,Staff Engineer,https://www.linkedin.com/in/rafael-kettleborough-3878,2021-02-23
Kwame Underhill,Ondermark Consulting,Chief Digital Officer,https://www.linkedin.com/in/kwame-underhill-8766,2019-04-15
Greta Vasquez,Ondermark Consulting,Staff Engineer,https://www.linkedin.com/in/greta-vasquez-1242,2023-03-18
Bram Dobrescu,Tannerly Design,Chief Operating Officer,https://www.linkedin.com/in/bram-dobrescu-9412,2021-06-29
Rhys Jarrold,Yardley Print,"Senior Manager, Engineering",https://www.linkedin.com/in/rhys-jarrold-1731,2020-02-06
Nadia Quillane,Underwood & Vale,Chief Digital Officer,https://www.linkedin.com/in/nadia-quillane-8771,2021-07-08
Odette Cathcart,Quintrell Advisory,Product Director,https://www.linkedin.com/in/odette-cathcart-5000,2025-02-07
Bertrand Underhill,Garrowby Books,Chief Data Officer,https://www.linkedin.com/in/bertrand-underhill-2676,2020-04-15
Ravi Grimsby,Garrowby Books,Product Director,https://www.linkedin.com/in/ravi-grimsby-6465,2019-01-01
Kwame Halloran,Vespermill Analytics,Director of IT,https://www.linkedin.com/in/kwame-halloran-9371,2019-12-30
Niall Ingleby,Xanthe Labs,VP Data & Analytics,https://www.linkedin.com/in/niall-ingleby-9543,2018-06-03
Tanvi Fairweather,Corbridge Realty,"Senior Manager, Engineering",https://www.linkedin.com/in/tanvi-fairweather-4420,2017-11-12
Tomás Underhill,Yardley Print,Staff Engineer,,2021-06-28
Rosalind Wolstenholme,Inglenook Bakery,Director of Software Engineering,https://www.linkedin.com/in/rosalind-wolstenholme-6072,2022-04-20
Idris Hartigan,Fairbourne Fitness,"Senior Manager, Engineering",https://www.linkedin.com/in/idris-hartigan-8185,2016-06-21
Kofi Quillane,Whitlock Staffing,VP Engineering,https://www.linkedin.com/in/kofi-quillane-3860,2017-01-28
Niall Falkenrath,Ondermark Consulting,Engineering Manager,https://www.linkedin.com/in/niall-falkenrath-6932,2025-01-19
Matteo Wolstenholme,Garrowby Books,Chief Data Officer,,2024-01-15
Fenella Kirkbride,Tannerly Design,Head of Platform Engineering,https://www.linkedin.com/in/fenella-kirkbride-7961,2022-08-01
·Joaquín Quillane,Elmsworth Tutors,Program Manager,https://www.linkedin.com/in/joaquin-quillane-3578,2015-09-28
Astrid Crowther,Tannerly Design,Principal Architect,https://www.linkedin.com/in/astrid-crowther-5171,2025-05-25
Bertrand Petrossian,Corbridge Realty,Product Director,https://www.linkedin.com/in/bertrand-petrossian-2760,2018-05-13
Marcus Norrington,Ondermark Consulting,VP Enterprise Architecture,https://www.linkedin.com/in/marcus-norrington-5119,2016-10-16
Silas Vasquez,Inglenook Bakery,Staff Engineer,https://www.linkedin.com/in/silas-vasquez-2626,2019-03-09
Ansel Norrington,Corbridge Realty,Head of Innovation,https://www.linkedin.com/in/ansel-norrington-5361,2018-05-29
Matteo Hartigan,Bellchamber Media,"Senior Manager, Engineering",https://www.linkedin.com/in/matteo-hartigan-8595,2017-07-19
Xiomara Cardoso,Quintrell Advisory,Chief Technology Officer,https://www.linkedin.com/in/xiomara-cardoso-8275,2018-09-20
Idris Petrossian,Yardley Print,Director of IT,https://www.linkedin.com/in/idris-petrossian-5763,2017-03-10
Liesel Falkenrath,Xanthe Labs,Engineering Manager,https://www.linkedin.com/in/liesel-falkenrath-1639,2020-10-20
Curtis Zubkov,Highmoor Cycles,Program Manager,https://www.linkedin.com/in/curtis-zubkov-3901,2022-08-01
Greta Wexford,Ondermark Consulting,Head of Innovation,https://www.linkedin.com/in/greta-wexford-6269,2023-06-24
Emeka Thackeray,Ambrose Trading,"Senior Manager, Engineering",https://www.linkedin.com/in/emeka-thackeray-4113,2021-01-29
Emeka Ashdown,Vespermill Analytics,Engineering Manager,https://www.linkedin.com/in/emeka-ashdown-8294,2017-04-14
Yusuf Glückstein,Pale Harbour Studio,Engineering Manager,,2015-12-11
Liesel Jarrold,Vespermill Analytics,Engineering Manager,https://www.linkedin.com/in/liesel-jarrold-3122,2021-01-15
Tomás Cardoso,Quintrell Advisory,"Senior Manager, Engineering",https://www.linkedin.com/in/tomas-cardoso-6583,2022-03-21
Casper Oyelaran,Ambrose Trading,"Senior Manager, Engineering",https://www.linkedin.com/in/casper-oyelaran-3890,2020-10-04
Freya Halloran,Dunmowe Travel,Staff Engineer,,2021-06-25
Arjun Cathcart,Vireo Systems,Head of Developer Productivity,https://www.linkedin.com/in/arjun-cathcart-6144,2025-10-27
Tilda Havercamp,Inglenook Bakery,Director of IT,https://www.linkedin.com/in/tilda-havercamp-9069,2021-08-24
Idris Underhill,Dunmowe Travel,Program Manager,https://www.linkedin.com/in/idris-underhill-9173,2017-07-21
Greta Jarrold,Xanthe Labs,Platform Lead,https://www.linkedin.com/in/greta-jarrold-9332,2016-05-26
Devin Højgaard,Ambrose Trading,Staff Engineer,https://www.linkedin.com/in/devin-hojgaard-2285,2016-09-21
Rhys Achterberg,Elmsworth Tutors,Principal Architect,https://www.linkedin.com/in/rhys-achterberg-2696,2021-07-26
Bo Yarrow,Whitlock Staffing,Director of IT,https://www.linkedin.com/in/bo-yarrow-6295,2019-12-23
Callum Underhill,Inglenook Bakery,Head of Automation,https://www.linkedin.com/in/callum-underhill-3492,2018-03-14
Renata Grimsby,Inglenook Bakery,Head of Innovation,https://www.linkedin.com/in/renata-grimsby-6881,2021-10-19
Ingrid Havercamp,Fairbourne Fitness,Head of Platform Engineering,https://www.linkedin.com/in/ingrid-havercamp-9417,2016-12-15
Fenella Underhill,Zenner Foods,Engineering Manager,https://www.linkedin.com/in/fenella-underhill-5253,2024-05-10
Coretta Marchetti,Bellchamber Media,Director of IT,https://www.linkedin.com/in/coretta-marchetti-6835,2020-05-27
Niall Glückstein,Highmoor Cycles,Chief Operating Officer,,2020-03-21
Arjun Quillane,Ondermark Consulting,Director of Software Engineering,https://www.linkedin.com/in/arjun-quillane-2474,2016-02-23
Bo Crowther,Tannerly Design,Chief Information Officer,https://www.linkedin.com/in/bo-crowther-1266,2016-07-20
Margot Grimsby,Bellchamber Media,"Senior Manager, Engineering",https://www.linkedin.com/in/margot-grimsby-8354,2024-06-21
Renata Sandoval,Highmoor Cycles,SVP Digital,https://www.linkedin.com/in/renata-sandoval-5496,2018-04-28
Duarte Mkhize,Ambrose Trading,Director of IT,https://www.linkedin.com/in/duarte-mkhize-7600,2017-12-07
Astrid Underhill,Whitlock Staffing,Director of IT,https://www.linkedin.com/in/astrid-underhill-8643,2019-08-25
Zaid Marchetti,Ondermark Consulting,Platform Lead,https://www.linkedin.com/in/zaid-marchetti-8377,2016-12-16
Sabine Ingleby,Highmoor Cycles,Product Director,https://www.linkedin.com/in/sabine-ingleby-2134,2022-09-22
Kwame Ingleby,Garrowby Books,Head of Platform Engineering,https://www.linkedin.com/in/kwame-ingleby-6312,2021-10-18
Anouk Merriweather,Ondermark Consulting,Head of Innovation,https://www.linkedin.com/in/anouk-merriweather-5297,2021-05-02
Curtis Prendergast,Apex Logistics,SVP Digital,https://www.linkedin.com/in/curtis-prendergast-7943,2019-08-28
Lucia Norrington,Tannerly Design,VP Engineering,https://www.linkedin.com/in/lucia-norrington-9294,2016-03-20
Solveig Grimsby,Quintrell Advisory,Staff Engineer,https://www.linkedin.com/in/solveig-grimsby-1805,2018-01-30
Curtis Thackeray,Xanthe Labs,Product Director,https://www.linkedin.com/in/curtis-thackeray-3996,2024-08-27
Marisol Halloran,Corbridge Realty,Engineering Manager,https://www.linkedin.com/in/marisol-halloran-6195,2022-12-13
Odette Salcedo,Corbridge Realty,Head of Platform Engineering,https://www.linkedin.com/in/odette-salcedo-2109,2018-04-11
Saoirse Drummond,Elmsworth Tutors,Staff Engineer,https://www.linkedin.com/in/saoirse-drummond-5610,2023-03-30
Silas Balogun,Vespermill Analytics,Engineering Manager,https://www.linkedin.com/in/silas-balogun-2063,2023-01-08
Anouk Lomsadze,Inglenook Bakery,Engineering Manager,https://www.linkedin.com/in/anouk-lomsadze-8704,2019-04-13
Hugo Oldfield,Zenner Foods,Head of Innovation,https://www.linkedin.com/in/hugo-oldfield-7606,2020-07-27
Sabine Fontaine,Yardley Print,Head of Innovation,https://www.linkedin.com/in/sabine-fontaine-4586,2015-12-11
Mei Falkenrath,Corbridge Realty,SVP Digital,https://www.linkedin.com/in/mei-falkenrath-3290,2023-09-07
Silas Ferreira,Fairbourne Fitness,SVP Digital,https://www.linkedin.com/in/silas-ferreira-2883,2016-09-30
Marisol Sandoval,Quintrell Advisory,Staff Engineer,,2021-04-30
Arjun Glückstein,Ambrose Trading,Product Director,https://www.linkedin.com/in/arjun-gluckstein-4824,2020-10-09
Nadia Isenberg,Yardley Print,Director of IT,https://www.linkedin.com/in/nadia-isenberg-6738,2020-06-08
Freya Cardoso,Tannerly Design,"Senior Manager, Engineering",https://www.linkedin.com/in/freya-cardoso-5137,2018-11-08
Mei Halloran,Pale Harbour Studio,Program Manager,https://www.linkedin.com/in/mei-halloran-3978,2024-12-27
Tomás Petrossian,Ambrose Trading,Director of IT,https://www.linkedin.com/in/tomas-petrossian-8328,2022-07-14
Hugo Crowther,Corbridge Realty,Director of IT,https://www.linkedin.com/in/hugo-crowther-3269,2018-07-18
Matteo Balogun,Garrowby Books,Chief Operating Officer,https://www.linkedin.com/in/matteo-balogun-9283,2016-08-25
Solveig Fairweather,Whitlock Staffing,Chief Operating Officer,https://www.linkedin.com/in/solveig-fairweather-1006,2022-11-26
Wren Højgaard,Dunmowe Travel,Head of Developer Productivity,https://www.linkedin.com/in/wren-hojgaard-3560,2020-12-14
Marcus Rushworth,Bellchamber Media,Engineering Manager,https://www.linkedin.com/in/marcus-rushworth-7910,2015-12-11
Callum Fontaine,Whitlock Staffing,Engineering Manager,https://www.linkedin.com/in/callum-fontaine-1872,2025-02-17
Rafael Isenberg,Ondermark Consulting,Program Manager,https://www.linkedin.com/in/rafael-isenberg-6278,2017-05-16
Hugo Salcedo,Whitlock Staffing,Product Director,https://www.linkedin.com/in/hugo-salcedo-5638,2020-04-02
Ravi Eastcott,Fairbourne Fitness,VP Enterprise Architecture,https://www.linkedin.com/in/ravi-eastcott-2228,2022-12-09
Saoirse Ferreira,Highmoor Cycles,Head of Automation,https://www.linkedin.com/in/saoirse-ferreira-4362,2017-04-06
Hana Bellinger,Inglenook Bakery,Platform Lead,https://www.linkedin.com/in/hana-bellinger-7475,2017-03-09
Gideon Isenberg,Garrowby Books,Program Manager,https://www.linkedin.com/in/gideon-isenberg-4009,2016-07-14
Ansel Egerton,Dunmowe Travel,Program Manager,https://www.linkedin.com/in/ansel-egerton-9165,2020-01-31
Callum Ashdown,Tannerly Design,Head of Automation,https://www.linkedin.com/in/callum-ashdown-6713,2017-12-04
Matteo Prendergast,Zenner Foods,Engineering Manager,https://www.linkedin.com/in/matteo-prendergast-2748,2023-10-18
Tomás Halloran,Bellchamber Media,Platform Lead,https://www.linkedin.com/in/tomas-halloran-7554,2023-10-11
Imani Ashdown,Bellchamber Media,Product Director,https://www.linkedin.com/in/imani-ashdown-2907,2020-11-27
Matteo Zettergren,Underwood & Vale,"Senior Manager, Engineering",https://www.linkedin.com/in/matteo-zettergren-6251,2016-11-30
Tomás Glückstein,Yardley Print,Staff Engineer,https://www.linkedin.com/in/tomas-gluckstein-8198,2022-06-13
Ravi Kettleborough,Pale Harbour Studio,Chief Operating Officer,https://www.linkedin.com/in/ravi-kettleborough-2045,2021-03-20
Dana Højgaard,Pale Harbour Studio,Program Manager,https://www.linkedin.com/in/dana-hojgaard-9052,2023-12-07
Hugo Ferreira,Yardley Print,Engineering Manager,https://www.linkedin.com/in/hugo-ferreira-9505,2016-01-19
Ravi Halloran,Pale Harbour Studio,Head of Innovation,https://www.linkedin.com/in/ravi-halloran-9508,2023-09-27
Anouk Achterberg,Yardley Print,Product Director,https://www.linkedin.com/in/anouk-achterberg-6727,2016-10-18
Sunniva Nakashima,Inglenook Bakery,Director of IT,https://www.linkedin.com/in/sunniva-nakashima-7800,2018-08-27
Tanvi Eastcott,Ironvale Steel,Chief Data Officer,https://www.linkedin.com/in/tanvi-eastcott-4875,2026-07-05
Kwame Wexford,Vespermill Analytics,Engineering Manager,https://www.linkedin.com/in/kwame-wexford-2544,2017-01-05
Perrine Glückstein,Quintrell Advisory,Chief Digital Officer,https://www.linkedin.com/in/perrine-gluckstein-5686,2018-08-12
Mei Achterberg,Rooksby Legal,Principal Architect,https://www.linkedin.com/in/mei-achterberg-3068,2024-06-07
Margot Fairweather,Pale Harbour Studio,SVP Digital,,2020-07-27
Owen Vasquez,Vespermill Analytics,VP Enterprise Architecture,https://www.linkedin.com/in/owen-vasquez-3906,2021-02-24
Devin Wexford,Ambrose Trading,Staff Engineer,https://www.linkedin.com/in/devin-wexford-1204,2019-06-23
Idris Kirkbride,Elmsworth Tutors,Head of Automation,https://www.linkedin.com/in/idris-kirkbride-6413,2021-09-05
Lucia Sandoval,Inglenook Bakery,Engineering Manager,https://www.linkedin.com/in/lucia-sandoval-3036,2020-05-05
Dana Fontaine,Yardley Print,Platform Lead,https://www.linkedin.com/in/dana-fontaine-2216,2024-01-06
Saoirse Okonkwo,Whitlock Staffing,"Senior Manager, Engineering",https://www.linkedin.com/in/saoirse-okonkwo-9325,2021-05-04
Marisol Oyelaran,Ambrose Trading,Head of Platform Engineering,https://www.linkedin.com/in/marisol-oyelaran-3197,2020-07-20
Owen Lindqvist,Quintrell Advisory,"Senior Manager, Engineering",https://www.linkedin.com/in/owen-lindqvist-9020,2021-03-01
Kian Kirkbride,Dunmowe Travel,Program Manager,https://www.linkedin.com/in/kian-kirkbride-5869,2018-03-09
Kwame Lindqvist,Highmoor Cycles,Chief Operating Officer,https://www.linkedin.com/in/kwame-lindqvist-5831,2023-09-01
Tanvi Zettergren,Garrowby Books,"Senior Manager, Engineering",https://www.linkedin.com/in/tanvi-zettergren-9415,2020-08-23
Matteo Fontaine,Rooksby Legal,VP Engineering,https://www.linkedin.com/in/matteo-fontaine-2658,2018-01-01
Owen Dobrescu,Garrowby Books,Head of Innovation,https://www.linkedin.com/in/owen-dobrescu-4840,2025-03-17
Freya Norrington,Tannerly Design,Head of Automation,https://www.linkedin.com/in/freya-norrington-6246,2019-04-17
Freya Petrossian,Corbridge Realty,Engineering Manager,https://www.linkedin.com/in/freya-petrossian-7486,2023-08-30
Wren Lomsadze,Inglenook Bakery,Head of Platform Engineering,https://www.linkedin.com/in/wren-lomsadze-9765,2017-04-27
Marisol Bellinger,Quintrell Advisory,VP Engineering,https://www.linkedin.com/in/marisol-bellinger-2009,2023-08-02
Leandro Achterberg,Corbridge Realty,Principal Architect,https://www.linkedin.com/in/leandro-achterberg-7727,2018-05-18
Liesel Grimsby,Whitlock Staffing,Engineering Manager,https://www.linkedin.com/in/liesel-grimsby-8789,2022-05-27
Desmond Marchetti,Vespermill Analytics,Engineering Manager,https://www.linkedin.com/in/desmond-marchetti-3995,2023-09-21
Desmond Merriweather,Bellchamber Media,Engineering Manager,https://www.linkedin.com/in/desmond-merriweather-3105,2021-09-09
Otto Wolstenholme,Underwood & Vale,Engineering Manager,https://www.linkedin.com/in/otto-wolstenholme-4451,2022-10-12
Amara Vasquez,Rooksby Legal,Chief Operating Officer,https://www.linkedin.com/in/amara-vasquez-9546,2016-08-06
Casper Ashdown,Bellchamber Media,SVP Digital,https://www.linkedin.com/in/casper-ashdown-2009,2018-02-20
Sunniva Falkenrath,Whitlock Staffing,Engineering Manager,https://www.linkedin.com/in/sunniva-falkenrath-5106,2020-03-26
Devin Ingleby,Bellchamber Media,Principal Architect,https://www.linkedin.com/in/devin-ingleby-3337,2015-12-19
Solveig Zubkov,Xanthe Labs,"Senior Manager, Engineering",https://www.linkedin.com/in/solveig-zubkov-3881,2023-03-03
Sloane Zettergren,Quintrell Advisory,Engineering Manager,https://www.linkedin.com/in/sloane-zettergren-2294,2021-03-22
Dana Crowther,Quintrell Advisory,Engineering Manager,https://www.linkedin.com/in/dana-crowther-9381,2020-05-23
Curtis Achterberg,Ambrose Trading,Head of Automation,,2020-07-16
Sabine Norrington,Highmoor Cycles,Staff Engineer,https://www.linkedin.com/in/sabine-norrington-1926,2016-10-03
Fenella Vandermolen,Whitlock Staffing,VP Engineering,https://www.linkedin.com/in/fenella-vandermolen-2334,2021-11-26
Noor Havercamp,Zenner Foods,Director of IT,https://www.linkedin.com/in/noor-havercamp-6136,2018-06-08
Noor Kirkbride,Pale Harbour Studio,Platform Lead,https://www.linkedin.com/in/noor-kirkbride-4287,2018-07-11
Ansel Oldfield,Elmsworth Tutors,Product Director,https://www.linkedin.com/in/ansel-oldfield-3874,2023-03-13
Casper Bellinger,Quillon Pharma,VP Enterprise Architecture,https://www.linkedin.com/in/casper-bellinger-6150,2014-02-24
Curtis Grimsby,Yardley Print,Head of Platform Engineering,https://www.linkedin.com/in/curtis-grimsby-5559,2025-02-13
Otto Thackeray,Dunmowe Travel,Head of Innovation,https://www.linkedin.com/in/otto-thackeray-1482,2020-05-03
Desmond Ibarra,Ambrose Trading,Product Director,,2025-03-13
Devin Oyelaran,Whitlock Staffing,Director of IT,https://www.linkedin.com/in/devin-oyelaran-4875,2018-04-10
Silas Glückstein,Bellchamber Media,Chief Information Officer,https://www.linkedin.com/in/silas-gluckstein-1874,2024-03-07
Fenella Balogun,Quintrell Advisory,Head of Platform Engineering,https://www.linkedin.com/in/fenella-balogun-8059,2015-12-03
Freya Ashdown,Zenner Foods,Director of IT,https://www.linkedin.com/in/freya-ashdown-3397,2020-09-08
Ilse Marchetti,Ambrose Trading,Chief Data Officer,https://www.linkedin.com/in/ilse-marchetti-5452,2017-08-24
Solveig Sandoval,Corbridge Realty,Staff Engineer,https://www.linkedin.com/in/solveig-sandoval-1216,2017-11-21
Teodor Oyelaran,Zenner Foods,Platform Lead,https://www.linkedin.com/in/teodor-oyelaran-8889,2021-07-11
Sloane Jarrold,Vespermill Analytics,Product Director,https://www.linkedin.com/in/sloane-jarrold-6982,2021-10-06
Silas Oldfield,Tannerly Design,VP Enterprise Architecture,,2022-02-22
Curtis Ferreira,Rooksby Legal,Head of Developer Productivity,https://www.linkedin.com/in/curtis-ferreira-5562,2017-03-11
Duarte Falkenrath,Whitlock Staffing,VP Engineering,https://www.linkedin.com/in/duarte-falkenrath-9780,2018-10-01
Tanvi Nakashima,Ondermark Consulting,Head of Innovation,https://www.linkedin.com/in/tanvi-nakashima-1517,2022-04-23
Wren Petrossian,Pale Harbour Studio,Program Manager,https://www.linkedin.com/in/wren-petrossian-8280,2017-08-18
Idris Yarrow,Quintrell Advisory,Chief Information Officer,https://www.linkedin.com/in/idris-yarrow-2996,2021-06-24
Espen Sandoval,Zenner Foods,Director of IT,https://www.linkedin.com/in/espen-sandoval-2702,2024-01-02
Elena Nakashima,Tannerly Design,Program Manager,,2025-01-27
Rafael Thackeray,Yardley Print,Principal Architect,https://www.linkedin.com/in/rafael-thackeray-7077,2018-03-26
Anouk Fairweather,Ambrose Trading,Director of IT,https://www.linkedin.com/in/anouk-fairweather-6473,2020-05-25
Ilse Kirkbride,Rooksby Legal,"Senior Manager, Engineering",https://www.linkedin.com/in/ilse-kirkbride-6367,2023-05-25
Perrine Fairweather,Corbridge Realty,Platform Lead,https://www.linkedin.com/in/perrine-fairweather-6727,2018-07-26
Yusuf Oldfield,Falkirk Shipping,Product Director,https://www.linkedin.com/in/yusuf-oldfield-4065,2027-05-09
Noor Brenneman,Elmsworth Tutors,VP Data & Analytics,https://www.linkedin.com/in/noor-brenneman-3554,2019-05-21
Amara Yarrow,Bellchamber Media,Product Director,https://www.linkedin.com/in/amara-yarrow-4308,2022-07-09
Devin Zettergren,Highmoor Cycles,Chief Technology Officer,https://www.linkedin.com/in/devin-zettergren-1689,2015-12-01
Casper Isenberg,Highmoor Cycles,Program Manager,https://www.linkedin.com/in/casper-isenberg-3328,2019-07-16
Coretta Vasquez,Ambrose Trading,Director of IT,https://www.linkedin.com/in/coretta-vasquez-9413,2019-07-26
Bo Højgaard,Yardley Print,VP Engineering,https://www.linkedin.com/in/bo-hojgaard-3734,2020-10-12
Rafael Hartigan,Rooksby Legal,Head of Automation,https://www.linkedin.com/in/rafael-hartigan-3115,2021-02-18
Teodor Bellinger,Yardley Print,Staff Engineer,https://www.linkedin.com/in/teodor-bellinger-1189,2017-04-07
Wren Kirkbride,Whitlock Staffing,VP Data & Analytics,https://www.linkedin.com/in/wren-kirkbride-6887,2015-12-02
Owen Fairweather,Whitlock Staffing,Platform Lead,https://www.linkedin.com/in/owen-fairweather-1783,2017-07-20
Leandro Bellinger,Underwood & Vale,Director of IT,https://www.linkedin.com/in/leandro-bellinger-8259,2019-06-08
Lucia Wexford,Fairbourne Fitness,Product Director,https://www.linkedin.com/in/lucia-wexford-2502,2024-12-09
Kian Rushworth,Elmsworth Tutors,Staff Engineer,https://www.linkedin.com/in/kian-rushworth-9517,2015-11-03
Idris Eastcott,Elmsworth Tutors,Engineering Manager,https://www.linkedin.com/in/idris-eastcott-9433,2016-04-12
Rafael Wolstenholme,Garrowby Books,Head of Innovation,https://www.linkedin.com/in/rafael-wolstenholme-3543,2022-04-01
Yara Grimsby,Bellchamber Media,Chief Data Officer,https://www.linkedin.com/in/yara-grimsby-6082,2021-03-06
Bo Kirkbride,Fairbourne Fitness,Platform Lead,https://www.linkedin.com/in/bo-kirkbride-4585,2021-08-08
Dana Marchetti,Rooksby Legal,VP Data & Analytics,https://www.linkedin.com/in/dana-marchetti-3990,2024-12-05
Ravi Dellinger,Corbridge Realty,Staff Engineer,https://www.linkedin.com/in/ravi-dellinger-6975,2017-11-15
Dana Kettleborough,Underwood & Vale,Head of Automation,https://www.linkedin.com/in/dana-kettleborough-3551,2019-04-30
·Joaquín Yarrow,Ondermark Consulting,Chief Data Officer,,2024-01-17
Niall Zubkov,Tannerly Design,Product Director,https://www.linkedin.com/in/niall-zubkov-9718,2020-05-08
Renata Norrington,Ambrose Trading,Program Manager,https://www.linkedin.com/in/renata-norrington-2420,2022-12-03
Astrid Isenberg,Inglenook Bakery,Director of IT,https://www.linkedin.com/in/astrid-isenberg-4444,2021-11-24
Camille Wolstenholme,Quintrell Advisory,Platform Lead,https://www.linkedin.com/in/camille-wolstenholme-1256,2019-05-23
Hana Vasquez,Rooksby Legal,SVP Digital,https://www.linkedin.com/in/hana-vasquez-3536,2022-07-09
Rosalind Achterberg,Fairbourne Fitness,Program Manager,https://www.linkedin.com/in/rosalind-achterberg-6891,2016-03-30
Idris Quillane,Ambrose Trading,Platform Lead,,2017-11-02
Emeka Drummond,Ambrose Trading,Program Manager,https://www.linkedin.com/in/emeka-drummond-9419,2020-03-25
Xiomara Prendergast,Quintrell Advisory,Staff Engineer,https://www.linkedin.com/in/xiomara-prendergast-8540,2018-07-01
Odette Petrossian,Bellchamber Media,Head of Innovation,https://www.linkedin.com/in/odette-petrossian-8563,2020-04-15
Tanvi Petrossian,Garrowby Books,Head of Innovation,https://www.linkedin.com/in/tanvi-petrossian-2309,2019-08-11
Mei Ingleby,Tannerly Design,Chief Digital Officer,https://www.linkedin.com/in/mei-ingleby-2526,2024-12-01
Silas Nakashima,Ambrose Trading,Program Manager,https://www.linkedin.com/in/silas-nakashima-8005,2022-09-02
Niall Egerton,Dunmowe Travel,Head of Innovation,https://www.linkedin.com/in/niall-egerton-7005,2018-08-12
Tomás Thackeray,Zenner Foods,Head of Automation,https://www.linkedin.com/in/tomas-thackeray-6419,2021-01-20
Solveig Wolstenholme,Pale Harbour Studio,Chief Information Officer,https://www.linkedin.com/in/solveig-wolstenholme-9733,2018-04-01
Saoirse Kirkbride,Bellchamber Media,Head of Automation,https://www.linkedin.com/in/saoirse-kirkbride-3887,2021-09-15
Dev Norrington,Elmsworth Tutors,"Senior Manager, Engineering",https://www.linkedin.com/in/dev-norrington-4860,2022-01-07
Greta Zubkov,Garrowby Books,Head of Automation,https://www.linkedin.com/in/greta-zubkov-4552,2024-06-13
Desmond Crowther,Quintrell Advisory,Engineering Manager,https://www.linkedin.com/in/desmond-crowther-3559,2019-08-28
Xiomara Fontaine,Ondermark Consulting,Head of Innovation,,2018-06-23
Bertrand Zettergren,Elmsworth Tutors,Staff Engineer,https://www.linkedin.com/in/bertrand-zettergren-5394,2016-10-28
Saoirse Halloran,Garrowby Books,Head of Innovation,https://www.linkedin.com/in/saoirse-halloran-8045,2015-12-22
Sabine Crowther,Zenner Foods,Director of Software Engineering,https://www.linkedin.com/in/sabine-crowther-3774,2022-08-23
Freya Ibarra,Tannerly Design,Staff Engineer,https://www.linkedin.com/in/freya-ibarra-2973,2024-03-02
Ansel Crowther,Yardley Print,Program Manager,https://www.linkedin.com/in/ansel-crowther-6090,2020-04-15
Imani Ibarra,Xanthe Labs,Head of Innovation,https://www.linkedin.com/in/imani-ibarra-2137,2023-12-10
Espen Fontaine,Elmsworth Tutors,Head of Automation,https://www.linkedin.com/in/espen-fontaine-4000,2020-03-05
Bo Eastcott,Rooksby Legal,Program Manager,https://www.linkedin.com/in/bo-eastcott-8660,2016-10-26
Kofi Salcedo,Elmsworth Tutors,Staff Engineer,https://www.linkedin.com/in/kofi-salcedo-7745,2019-11-28
Silas Kettleborough,Underwood & Vale,Chief Data Officer,https://www.linkedin.com/in/silas-kettleborough-8244,2024-03-12
Owen Prendergast,Elmsworth Tutors,Director of IT,https://www.linkedin.com/in/owen-prendergast-3594,2021-03-02
Hugo Mkhize,Xanthe Labs,VP Enterprise Architecture,,2022-01-04
Ravi Vandermolen,Elmsworth Tutors,Product Director,https://www.linkedin.com/in/ravi-vandermolen-6284,2020-09-04
Teodor Fontaine,Corbridge Realty,Head of Developer Productivity,https://www.linkedin.com/in/teodor-fontaine-2895,2020-12-30
Saoirse Wexford,Pale Harbour Studio,Program Manager,https://www.linkedin.com/in/saoirse-wexford-7001,2022-04-16
Margot Højgaard,Corbridge Realty,Chief Information Officer,https://www.linkedin.com/in/margot-hojgaard-2903,2022-08-19
Coretta Wexford,Tannerly Design,Director of IT,https://www.linkedin.com/in/coretta-wexford-2370,2017-07-29
Saoirse Hartigan,Fairbourne Fitness,Platform Lead,,2024-01-29
Hugo Ingleby,Bellchamber Media,Staff Engineer,https://www.linkedin.com/in/hugo-ingleby-7272,2016-10-02
Rosalind Quillane,Underwood & Vale,Product Director,https://www.linkedin.com/in/rosalind-quillane-9209,2019-01-03
Wren Halloran,Xanthe Labs,Head of Innovation,https://www.linkedin.com/in/wren-halloran-4478,2024-01-12
Teodor Nakashima,Ondermark Consulting,"Senior Manager, Engineering",https://www.linkedin.com/in/teodor-nakashima-2362,2017-08-03
Kian Falkenrath,Ambrose Trading,VP Data & Analytics,https://www.linkedin.com/in/kian-falkenrath-4995,2018-01-11
Wren Prendergast,Garrowby Books,Product Director,https://www.linkedin.com/in/wren-prendergast-7147,2020-11-08
Fenella Drummond,Elmsworth Tutors,Principal Architect,,2016-10-31
Arjun Achterberg,Vespermill Analytics,Chief Operating Officer,,2017-08-05
Solveig Merriweather,Ambrose Trading,Program Manager,,2018-08-17
Solveig Fontaine,Pale Harbour Studio,Product Director,https://www.linkedin.com/in/solveig-fontaine-2993,2018-04-21
Coretta Havercamp,Corbridge Realty,Head of Innovation,https://www.linkedin.com/in/coretta-havercamp-8043,2020-12-03
Elena Oldfield,Highmoor Cycles,Product Director,https://www.linkedin.com/in/elena-oldfield-3070,2024-03-02
Niall Achterberg,Fairbourne Fitness,"Senior Manager, Engineering",https://www.linkedin.com/in/niall-achterberg-6695,2019-06-12
Fenella Bellinger,Rooksby Legal,Chief Digital Officer,https://www.linkedin.com/in/fenella-bellinger-5382,2017-10-13
Sunniva Isenberg,Dunmowe Travel,Director of IT,https://www.linkedin.com/in/sunniva-isenberg-2549,2023-01-23
Zaid Yarrow,Zenner Foods,Chief Operating Officer,https://www.linkedin.com/in/zaid-yarrow-2865,2025-02-18
Matteo Marchetti,Inglenook Bakery,Chief Operating Officer,https://www.linkedin.com/in/matteo-marchetti-5352,2017-01-14
Ilse Halloran,Pale Harbour Studio,Product Director,https://www.linkedin.com/in/ilse-halloran-7129,2019-06-11
Amara Egerton,Zenner Foods,VP Enterprise Architecture,https://www.linkedin.com/in/amara-egerton-7075,2024-10-05
Camille Thackeray,Garrowby Books,Chief Digital Officer,https://www.linkedin.com/in/camille-thackeray-5593,2019-03-29
Kwame Cardoso,Dunmowe Travel,Director of IT,https://www.linkedin.com/in/kwame-cardoso-4240,2016-10-02
Malik Bellinger,Corbridge Realty,Engineering Manager,https://www.linkedin.com/in/malik-bellinger-1358,2023-06-02
Solveig Vasquez,Xanthe Labs,Director of IT,https://www.linkedin.com/in/solveig-vasquez-6161,2022-04-21
Kian Zettergren,Ondermark Consulting,SVP Digital,https://www.linkedin.com/in/kian-zettergren-2307,2016-11-29
Curtis Rushworth,Tannerly Design,Staff Engineer,https://www.linkedin.com/in/curtis-rushworth-6137,2024-03-31
Solveig Rushworth,Dunmowe Travel,Chief Data Officer,https://www.linkedin.com/in/solveig-rushworth-7706,2019-09-24
Leandro Glückstein,Elmsworth Tutors,Platform Lead,https://www.linkedin.com/in/leandro-gluckstein-8407,2019-11-23
Duarte Ingleby,Rooksby Legal,Engineering Manager,https://www.linkedin.com/in/duarte-ingleby-4177,2021-04-26
Arjun Oyelaran,Yardley Print,Chief Operating Officer,https://www.linkedin.com/in/arjun-oyelaran-2139,2024-06-02
Coretta Grimsby,Whitlock Staffing,SVP Digital,https://www.linkedin.com/in/coretta-grimsby-5523,2025-02-01
·Joaquín Lindqvist,Vespermill Analytics,Engineering Manager,https://www.linkedin.com/in/joaquin-lindqvist-8429,2018-09-18
Dana Salcedo,Whitlock Staffing,SVP Digital,https://www.linkedin.com/in/dana-salcedo-1171,2024-06-29
Hugo Prendergast,Highmoor Cycles,Engineering Manager,https://www.linkedin.com/in/hugo-prendergast-8184,2016-04-17
Matteo Fairweather,Quintrell Advisory,Chief Technology Officer,https://www.linkedin.com/in/matteo-fairweather-6200,2024-04-23
Yara Nakashima,Vespermill Analytics,Principal Architect,https://www.linkedin.com/in/yara-nakashima-6022,2017-10-09
Mei Egerton,Whitlock Staffing,"Senior Manager, Engineering",https://www.linkedin.com/in/mei-egerton-1199,2025-03-12
Renata Petrossian,Quillon Pharma,Chief Data Officer,https://www.linkedin.com/in/renata-petrossian-5392,2025-02-05
Yusuf Ashdown,Underwood & Vale,Platform Lead,https://www.linkedin.com/in/yusuf-ashdown-9525,2023-07-13
Kofi Vandermolen,Ambrose Trading,VP Data & Analytics,https://www.linkedin.com/in/kofi-vandermolen-5726,2017-05-13
Callum Isenberg,Quintrell Advisory,Chief Operating Officer,https://www.linkedin.com/in/callum-isenberg-9736,2021-07-22
Bo Isenberg,Xanthe Labs,Engineering Manager,https://www.linkedin.com/in/bo-isenberg-9825,2016-01-30
Fenella Fairweather,Bellchamber Media,Principal Architect,,2016-07-08
Elena Drummond,Whitlock Staffing,Program Manager,https://www.linkedin.com/in/elena-drummond-1592,2019-02-11
Yara Zettergren,Tannerly Design,Principal Architect,https://www.linkedin.com/in/yara-zettergren-1008,2025-07-29
Leandro Merriweather,Fairbourne Fitness,"Senior Manager, Engineering",https://www.linkedin.com/in/leandro-merriweather-5375,2025-04-08
Teodor Falkenrath,Bellchamber Media,Head of Platform Engineering,https://www.linkedin.com/in/teodor-falkenrath-7866,2025-01-26
Ingrid Brenneman,Underwood & Vale,Head of Automation,https://www.linkedin.com/in/ingrid-brenneman-6090,2018-10-13
Espen Bellinger,Elmsworth Tutors,"Senior Manager, Engineering",https://www.linkedin.com/in/espen-bellinger-1969,2017-12-28
Sunniva Ashdown,Xanthe Labs,Staff Engineer,https://www.linkedin.com/in/sunniva-ashdown-3132,2021-10-03
Astrid Wolstenholme,Zenner Foods,Staff Engineer,https://www.linkedin.com/in/astrid-wolstenholme-5028,2021-12-16
Saoirse Ibarra,Xanthe Labs,Engineering Manager,https://www.linkedin.com/in/saoirse-ibarra-5813,2024-06-08
Perrine Vandermolen,Dunmowe Travel,Platform Lead,https://www.linkedin.com/in/perrine-vandermolen-7374,2022-01-14
Ilse Dobrescu,Elmsworth Tutors,Product Director,https://www.linkedin.com/in/ilse-dobrescu-8177,2023-03-04
Otto Marchetti,Xanthe Labs,VP Engineering,https://www.linkedin.com/in/otto-marchetti-8643,2016-09-07
Bo Oyelaran,Inglenook Bakery,Head of Innovation,https://www.linkedin.com/in/bo-oyelaran-2958,2019-02-21
Liesel Højgaard,Ondermark Consulting,Engineering Manager,https://www.linkedin.com/in/liesel-hojgaard-8945,2016-01-06
Zaid Zubkov,Zenner Foods,Engineering Manager,https://www.linkedin.com/in/zaid-zubkov-3823,2016-05-22
Perrine Halloran,Tannerly Design,Chief Technology Officer,https://www.linkedin.com/in/perrine-halloran-1253,2018-11-08
Rhys Ibarra,Ambrose Trading,Principal Architect,https://www.linkedin.com/in/rhys-ibarra-7373,2023-04-12
Silas Vandermolen,Dunmowe Travel,Staff Engineer,https://www.linkedin.com/in/silas-vandermolen-2341,2017-11-19
·Joaquín Drummond,Ambrose Trading,Chief Data Officer,https://www.linkedin.com/in/joaquin-drummond-6684,2023-08-17
Ansel Ashdown,Highmoor Cycles,Director of Software Engineering,https://www.linkedin.com/in/ansel-ashdown-9750,2017-04-12
Camille Rushworth,Dunmowe Travel,Staff Engineer,https://www.linkedin.com/in/camille-rushworth-9564,2022-08-10
Bertrand Hartigan,Quintrell Advisory,Head of Innovation,https://www.linkedin.com/in/bertrand-hartigan-2526,2017-06-30
Silas Lomsadze,Pale Harbour Studio,Product Director,https://www.linkedin.com/in/silas-lomsadze-4139,2016-05-15
Ansel Grimsby,Fairbourne Fitness,Director of Software Engineering,https://www.linkedin.com/in/ansel-grimsby-4639,2023-10-10
Bram Lomsadze,Dunmowe Travel,Chief Data Officer,https://www.linkedin.com/in/bram-lomsadze-6863,2024-07-23
Malik Thackeray,Rooksby Legal,Principal Architect,https://www.linkedin.com/in/malik-thackeray-1512,2021-12-13
Odette Cardoso,Rooksby Legal,Chief Data Officer,https://www.linkedin.com/in/odette-cardoso-8495,2021-06-15
Devin Kirkbride,Corbridge Realty,Staff Engineer,https://www.linkedin.com/in/devin-kirkbride-7666,2016-11-07
Ansel Salcedo,Fairbourne Fitness,"Senior Manager, Engineering",,2024-02-05
Bram Prendergast,Ambrose Trading,Staff Engineer,,2016-03-10
Tilda Merriweather,Corbridge Realty,"Senior Manager, Engineering",https://www.linkedin.com/in/tilda-merriweather-4617,2022-08-18
Tilda Egerton,Vespermill Analytics,Engineering Manager,https://www.linkedin.com/in/tilda-egerton-2639,2017-04-29
Bertrand Zubkov,Dunmowe Travel,Head of Automation,,2023-06-09
Anouk Cardoso,Garrowby Books,Product Director,https://www.linkedin.com/in/anouk-cardoso-2411,2025-06-14
Zaid Vandermolen,Xanthe Labs,Platform Lead,https://www.linkedin.com/in/zaid-vandermolen-5903,2019-04-25
Sunniva Rushworth,Corbridge Realty,VP Enterprise Architecture,https://www.linkedin.com/in/sunniva-rushworth-5283,2019-08-19
Bertrand Prendergast,Tannerly Design,Director of IT,https://www.linkedin.com/in/bertrand-prendergast-7775,2024-05-28
Malik Crowther,Quintrell Advisory,Product Director,https://www.linkedin.com/in/malik-crowther-3470,2023-01-02
Ilse Norrington,Inglenook Bakery,SVP Digital,https://www.linkedin.com/in/ilse-norrington-4742,2024-02-05
Curtis Salcedo,Vespermill Analytics,VP Data & Analytics,https://www.linkedin.com/in/curtis-salcedo-6983,2016-01-11
Dev Grimsby,Xanthe Labs,Head of Innovation,https://www.linkedin.com/in/dev-grimsby-8983,2020-07-15
Bertrand Eastcott,Quintrell Advisory,Principal Architect,https://www.linkedin.com/in/bertrand-eastcott-9438,2019-05-28
Astrid Fairweather,Ondermark Consulting,Head of Platform Engineering,https://www.linkedin.com/in/astrid-fairweather-2370,2021-08-15
Greta Glückstein,Zenner Foods,SVP Digital,https://www.linkedin.com/in/greta-gluckstein-5907,2023-08-02
Ansel Isenberg,Rooksby Legal,Head of Automation,https://www.linkedin.com/in/ansel-isenberg-6186,2023-08-25
Amara Ferreira,Garrowby Books,Head of Innovation,https://www.linkedin.com/in/amara-ferreira-8130,2017-07-24
Bram Ibarra,Yardley Print,Program Manager,https://www.linkedin.com/in/bram-ibarra-8855,2018-11-20
Leandro Ingleby,Ondermark Consulting,Chief Data Officer,https://www.linkedin.com/in/leandro-ingleby-2279,2023-04-25
Ansel Halloran,Whitlock Staffing,SVP Digital,https://www.linkedin.com/in/ansel-halloran-9096,2024-01-27
Sunniva Lindqvist,Ambrose Trading,Director of Software Engineering,https://www.linkedin.com/in/sunniva-lindqvist-2413,2017-02-02
Margot Lindqvist,Pale Harbour Studio,Product Director,https://www.linkedin.com/in/margot-lindqvist-3507,2021-10-17
Elena Ferreira,Dunmowe Travel,Product Director,https://www.linkedin.com/in/elena-ferreira-2500,2021-12-28
Zaid Wexford,Zenner Foods,Platform Lead,https://www.linkedin.com/in/zaid-wexford-3187,2021-10-31
Sunniva Vasquez,Ondermark Consulting,Chief Information Officer,https://www.linkedin.com/in/sunniva-vasquez-9095,2025-01-26
Tilda Cathcart,Ambrose Trading,Engineering Manager,https://www.linkedin.com/in/tilda-cathcart-3602,2023-01-06
Rhys Dellinger,Dunmowe Travel,Head of Automation,https://www.linkedin.com/in/rhys-dellinger-4139,2025-03-12
Kwame Bellinger,Fairbourne Fitness,Chief Data Officer,https://www.linkedin.com/in/kwame-bellinger-8953,2023-07-17
Yusuf Merriweather,Rooksby Legal,Product Director,https://www.linkedin.com/in/yusuf-merriweather-6023,2019-08-21
Idris Ingleby,Dunmowe Travel,Head of Innovation,https://www.linkedin.com/in/idris-ingleby-8955,2018-08-16
Rosalind Cathcart,Xanthe Labs,Principal Architect,,2018-06-29
Gideon Højgaard,Quintrell Advisory,Head of Innovation,https://www.linkedin.com/in/gideon-hojgaard-6855,2019-09-28
Bram Quillane,Blackwood Industrial,Head of Developer Productivity,https://www.linkedin.com/in/bram-quillane-4119,2026-11-10
Ansel Lomsadze,Inglenook Bakery,Director of IT,https://www.linkedin.com/in/ansel-lomsadze-1106,2019-05-30
Hugo Halloran,Pale Harbour Studio,Head of Innovation,https://www.linkedin.com/in/hugo-halloran-2529,2018-10-19
Curtis Højgaard,Quintrell Advisory,Product Director,https://www.linkedin.com/in/curtis-hojgaard-5044,2023-12-02
Renata Merriweather,Ondermark Consulting,Engineering Manager,https://www.linkedin.com/in/renata-merriweather-2850,2018-10-06
Dana Balogun,Highmoor Cycles,"Senior Manager, Engineering",https://www.linkedin.com/in/dana-balogun-8957,2022-12-31
Curtis Glückstein,Rooksby Legal,Staff Engineer,https://www.linkedin.com/in/curtis-gluckstein-2136,2023-03-18
Wren Marchetti,Tannerly Design,Principal Architect,https://www.linkedin.com/in/wren-marchetti-1691,2022-01-01
Idris Fairweather,Tannerly Design,Principal Architect,,2017-02-13
Solveig Norrington,Ondermark Consulting,VP Engineering,https://www.linkedin.com/in/solveig-norrington-5740,2023-05-18
Xiomara Kirkbride,Ondermark Consulting,Engineering Manager,https://www.linkedin.com/in/xiomara-kirkbride-2765,2020-12-05
Sloane Underhill,Corbridge Realty,Chief Data Officer,https://www.linkedin.com/in/sloane-underhill-9093,2020-07-08
Lucia Glückstein,Ondermark Consulting,VP Enterprise Architecture,https://www.linkedin.com/in/lucia-gluckstein-3863,2019-11-07
Fenella Oldfield,Zenner Foods,Program Manager,https://www.linkedin.com/in/fenella-oldfield-9952,2018-06-28
Arjun Eastcott,Bellchamber Media,Platform Lead,https://www.linkedin.com/in/arjun-eastcott-5286,2023-05-02
Marcus Brenneman,Fairbourne Fitness,Head of Developer Productivity,,2018-01-06
Rosalind Underhill,Xanthe Labs,Staff Engineer,https://www.linkedin.com/in/rosalind-underhill-8752,2023-03-06
Elena Oyelaran,Pale Harbour Studio,Platform Lead,https://www.linkedin.com/in/elena-oyelaran-7318,2019-08-15
Owen Thackeray,Vespermill Analytics,Head of Platform Engineering,https://www.linkedin.com/in/owen-thackeray-5285,2019-07-13
Devin Vasquez,Xanthe Labs,Head of Innovation,https://www.linkedin.com/in/devin-vasquez-1476,2018-09-25
Liesel Wolstenholme,Corbridge Realty,SVP Digital,https://www.linkedin.com/in/liesel-wolstenholme-4933,2022-01-14
Yusuf Vasquez,Strathmore Rail,Director of Software Engineering,https://www.linkedin.com/in/yusuf-vasquez-3177,2015-08-28
Greta Rushworth,Underwood & Vale,"Senior Manager, Engineering",https://www.linkedin.com/in/greta-rushworth-3790,2023-09-11
Ilse Dellinger,Inglenook Bakery,Engineering Manager,https://www.linkedin.com/in/ilse-dellinger-2139,2015-11-26
Tanvi Marchetti,Corbridge Realty,Director of IT,https://www.linkedin.com/in/tanvi-marchetti-9611,2017-11-28
Perrine Cardoso,Corbridge Realty,VP Engineering,https://www.linkedin.com/in/perrine-cardoso-6102,2016-08-25
Rafael Vandermolen,Tannerly Design,Principal Architect,https://www.linkedin.com/in/rafael-vandermolen-5570,2018-07-29
Lucia Zettergren,Ondermark Consulting,Head of Innovation,https://www.linkedin.com/in/lucia-zettergren-9982,2021-01-14
Priya Lomsadze,Underwood & Vale,Head of Innovation,https://www.linkedin.com/in/priya-lomsadze-7561,2019-01-13
Ingrid Wexford,Yardley Print,Platform Lead,https://www.linkedin.com/in/ingrid-wexford-1847,2016-04-22
Rafael Okonkwo,Ondermark Consulting,Platform Lead,https://www.linkedin.com/in/rafael-okonkwo-9654,2021-11-26
Leandro Rushworth,Vespermill Analytics,VP Enterprise Architecture,,2023-12-23
Rosalind Salcedo,Ambrose Trading,Head of Innovation,https://www.linkedin.com/in/rosalind-salcedo-7546,2021-03-22
Rafael Petrossian,Inglenook Bakery,Head of Platform Engineering,https://www.linkedin.com/in/rafael-petrossian-9830,2021-04-01
Solveig Eastcott,Inglenook Bakery,Director of Software Engineering,https://www.linkedin.com/in/solveig-eastcott-4905,2024-09-29
Imani Ferreira,Vespermill Analytics,Head of Innovation,https://www.linkedin.com/in/imani-ferreira-7999,2018-12-16
Sunniva Kirkbride,Elmsworth Tutors,Head of Platform Engineering,https://www.linkedin.com/in/sunniva-kirkbride-9602,2023-07-02
Tanvi Merriweather,Yardley Print,"Senior Manager, Engineering",https://www.linkedin.com/in/tanvi-merriweather-6365,2016-02-14
Rhys Crowther,Garrowby Books,Program Manager,https://www.linkedin.com/in/rhys-crowther-8187,2023-06-14
Tomás Bellinger,Ondermark Consulting,Product Director,https://www.linkedin.com/in/tomas-bellinger-5360,2020-01-12
Kian Lomsadze,Dunmowe Travel,Director of IT,,2022-05-27
Noor Zubkov,Fairbourne Fitness,Director of IT,https://www.linkedin.com/in/noor-zubkov-8708,2016-06-19
Niall Dobrescu,Inglenook Bakery,Head of Automation,https://www.linkedin.com/in/niall-dobrescu-9451,2016-02-27
Malik Glückstein,Underwood & Vale,Program Manager,https://www.linkedin.com/in/malik-gluckstein-5617,2017-04-12
Teodor Kettleborough,Ambrose Trading,Program Manager,https://www.linkedin.com/in/teodor-kettleborough-6074,2024-05-13
Bram Merriweather,Dunmowe Travel,Product Director,https://www.linkedin.com/in/bram-merriweather-1644,2025-07-25
Espen Zettergren,Falkirk Shipping,Head of Developer Productivity,https://www.linkedin.com/in/espen-zettergren-6184,2022-11-04
Otto Ferreira,Vespermill Analytics,Chief Technology Officer,https://www.linkedin.com/in/otto-ferreira-2216,2016-08-10
Espen Hartigan,Dunmowe Travel,VP Enterprise Architecture,https://www.linkedin.com/in/espen-hartigan-8464,2024-02-20
Curtis Ingleby,Vespermill Analytics,Platform Lead,https://www.linkedin.com/in/curtis-ingleby-1339,2020-10-16
Hugo Ashdown,Ambrose Trading,VP Data & Analytics,https://www.linkedin.com/in/hugo-ashdown-5756,2021-06-22
Camille Kirkbride,Highmoor Cycles,Chief Information Officer,https://www.linkedin.com/in/camille-kirkbride-6019,2021-06-06
Casper Fairweather,Rooksby Legal,VP Enterprise Architecture,https://www.linkedin.com/in/casper-fairweather-6609,2024-08-25
Desmond Salcedo,Inglenook Bakery,Engineering Manager,https://www.linkedin.com/in/desmond-salcedo-6730,2021-03-27
Nadia Eastcott,Inglenook Bakery,Director of IT,https://www.linkedin.com/in/nadia-eastcott-6795,2023-09-24
Camille Okonkwo,Xanthe Labs,Head of Automation,https://www.linkedin.com/in/camille-okonkwo-1057,2017-02-08
Wren Drummond,Quintrell Advisory,Head of Automation,https://www.linkedin.com/in/wren-drummond-4112,2025-01-31
Malik Ingleby,Whitlock Staffing,Principal Architect,https://www.linkedin.com/in/malik-ingleby-9025,2024-06-06
Margot Norrington,Underwood & Vale,Director of IT,https://www.linkedin.com/in/margot-norrington-9543,2019-11-08
Coretta Kettleborough,Xanthe Labs,VP Enterprise Architecture,https://www.linkedin.com/in/coretta-kettleborough-3066,2018-05-27
Silas Rushworth,Quintrell Advisory,Head of Automation,,2019-11-23
Tanvi Cathcart,Xanthe Labs,Engineering Manager,https://www.linkedin.com/in/tanvi-cathcart-8641,2021-01-26
Wren Salcedo,Highmoor Cycles,Program Manager,https://www.linkedin.com/in/wren-salcedo-5085,2025-03-31
Emeka Oldfield,Whitlock Staffing,Director of IT,https://www.linkedin.com/in/emeka-oldfield-3224,2023-03-26
Lucia Okonkwo,Whitlock Staffing,Program Manager,https://www.linkedin.com/in/lucia-okonkwo-9592,2017-11-03
Curtis Ibarra,Ondermark Consulting,Product Director,https://www.linkedin.com/in/curtis-ibarra-9181,2021-08-18
Mei Rushworth,Garrowby Books,Principal Architect,https://www.linkedin.com/in/mei-rushworth-5326,2017-12-12
Owen Zubkov,Zenner Foods,Product Director,https://www.linkedin.com/in/owen-zubkov-5466,2022-01-23
Callum Norrington,Bellchamber Media,Chief Data Officer,https://www.linkedin.com/in/callum-norrington-8198,2021-08-08
Elena Cardoso,Dunmowe Travel,VP Engineering,https://www.linkedin.com/in/elena-cardoso-4946,2020-07-30
Niall Bellinger,Whitlock Staffing,Director of IT,https://www.linkedin.com/in/niall-bellinger-7385,2024-10-18
Marisol Prendergast,Corbridge Realty,Product Director,https://www.linkedin.com/in/marisol-prendergast-6727,2024-11-18
Sloane Marchetti,Dunmowe Travel,Product Director,https://www.linkedin.com/in/sloane-marchetti-5731,2021-06-01
Emeka Petrossian,Underwood & Vale,Head of Innovation,https://www.linkedin.com/in/emeka-petrossian-8152,2016-11-14
Casper Havercamp,Highmoor Cycles,"Senior Manager, Engineering",https://www.linkedin.com/in/casper-havercamp-7175,2025-03-08
Devin Brenneman,Xanthe Labs,Chief Data Officer,https://www.linkedin.com/in/devin-brenneman-4584,2020-02-20
Bo Jarrold,Tannerly Design,Head of Automation,https://www.linkedin.com/in/bo-jarrold-1794,2019-11-24
Gideon Kirkbride,Ondermark Consulting,VP Enterprise Architecture,https://www.linkedin.com/in/gideon-kirkbride-1665,2019-03-08
Camille Brenneman,Xanthe Labs,SVP Digital,https://www.linkedin.com/in/camille-brenneman-7010,2019-10-27
Yara Okonkwo,Bellchamber Media,Director of IT,https://www.linkedin.com/in/yara-okonkwo-4247,2024-06-23
Ingrid Zubkov,Vespermill Analytics,Chief Data Officer,https://www.linkedin.com/in/ingrid-zubkov-7418,2023-05-28
Idris Falkenrath,Quintrell Advisory,VP Engineering,https://www.linkedin.com/in/idris-falkenrath-3829,2020-05-30
Devin Vandermolen,Tannerly Design,Chief Operating Officer,https://www.linkedin.com/in/devin-vandermolen-5609,2017-11-08
Silas Fairweather,Inglenook Bakery,Program Manager,https://www.linkedin.com/in/silas-fairweather-8139,2021-10-23
Zaid Kirkbride,Pale Harbour Studio,Chief Operating Officer,https://www.linkedin.com/in/zaid-kirkbride-6327,2021-06-03
Margot Quillane,Dunmowe Travel,Program Manager,https://www.linkedin.com/in/margot-quillane-4836,2024-09-29
Anouk Ashdown,Vespermill Analytics,Staff Engineer,https://www.linkedin.com/in/anouk-ashdown-3257,2018-04-03
Otto Vandermolen,Rooksby Legal,Platform Lead,https://www.linkedin.com/in/otto-vandermolen-7144,2021-12-07
Leandro Zettergren,Corbridge Realty,SVP Digital,https://www.linkedin.com/in/leandro-zettergren-8252,2023-12-18
Freya Quillane,Whitlock Staffing,Head of Innovation,https://www.linkedin.com/in/freya-quillane-2696,2021-08-19
Casper Grimsby,Underwood & Vale,Director of Software Engineering,https://www.linkedin.com/in/casper-grimsby-8918,2023-08-21
Odette Rushworth,Inglenook Bakery,Principal Architect,https://www.linkedin.com/in/odette-rushworth-7390,2025-02-01
Anouk Rushworth,Zenner Foods,Platform Lead,https://www.linkedin.com/in/anouk-rushworth-1776,2021-07-27
Anouk Falkenrath,Ambrose Trading,Head of Innovation,https://www.linkedin.com/in/anouk-falkenrath-8517,2020-01-06
Xiomara Oyelaran,Underwood & Vale,Principal Architect,https://www.linkedin.com/in/xiomara-oyelaran-4680,2018-01-02
Malik Mkhize,Corbridge Realty,Head of Developer Productivity,https://www.linkedin.com/in/malik-mkhize-6295,2022-08-19
Astrid Merriweather,Rooksby Legal,VP Enterprise Architecture,https://www.linkedin.com/in/astrid-merriweather-2833,2020-01-08
Ilse Hartigan,Garrowby Books,Chief Operating Officer,https://www.linkedin.com/in/ilse-hartigan-5184,2019-11-09
Duarte Salcedo,Vespermill Analytics,Head of Platform Engineering,https://www.linkedin.com/in/duarte-salcedo-8129,2018-02-04
Coretta Jarrold,Quintrell Advisory,Program Manager,,2018-01-10
Coretta Okonkwo,Bellchamber Media,Head of Innovation,https://www.linkedin.com/in/coretta-okonkwo-5745,2022-11-11
Ilse Nakashima,Xanthe Labs,Head of Developer Productivity,https://www.linkedin.com/in/ilse-nakashima-2658,2025-06-22
Hugo Yarrow,Fairbourne Fitness,Product Director,https://www.linkedin.com/in/hugo-yarrow-7502,2020-08-16
Ravi Quillane,Rooksby Legal,"Senior Manager, Engineering",https://www.linkedin.com/in/ravi-quillane-2839,2022-09-03
Arjun Kettleborough,Dunmowe Travel,"Senior Manager, Engineering",https://www.linkedin.com/in/arjun-kettleborough-1402,2018-05-04
Astrid Falkenrath,Elmsworth Tutors,VP Engineering,https://www.linkedin.com/in/astrid-falkenrath-6974,2018-09-29
Hugo Bellinger,Tannerly Design,Principal Architect,https://www.linkedin.com/in/hugo-bellinger-7046,2018-04-12
Renata Achterberg,Yardley Print,Product Director,https://www.linkedin.com/in/renata-achterberg-4555,2020-04-08
Bram Halloran,Rooksby Legal,Program Manager,https://www.linkedin.com/in/bram-halloran-5721,2018-11-14
Arjun Dellinger,Corbridge Realty,Director of IT,,2019-10-20
Sloane Brenneman,Fairbourne Fitness,"Senior Manager, Engineering",https://www.linkedin.com/in/sloane-brenneman-5108,2019-01-17
Renata Lindqvist,Underwood & Vale,Chief Information Officer,https://www.linkedin.com/in/renata-lindqvist-8420,2017-10-30
Hana Balogun,Quintrell Advisory,Head of Innovation,https://www.linkedin.com/in/hana-balogun-6469,2023-01-06
Rosalind Norrington,Pale Harbour Studio,Program Manager,https://www.linkedin.com/in/rosalind-norrington-9112,2018-04-04
Rhys Okonkwo,Zenner Foods,Chief Data Officer,https://www.linkedin.com/in/rhys-okonkwo-3125,2017-07-28
Rosalind Dobrescu,Quintrell Advisory,Staff Engineer,https://www.linkedin.com/in/rosalind-dobrescu-9231,2025-04-10
Casper Lindqvist,Whitlock Staffing,Chief Data Officer,https://www.linkedin.com/in/casper-lindqvist-3638,2024-04-29
Amara Falkenrath,Highmoor Cycles,Product Director,https://www.linkedin.com/in/amara-falkenrath-2424,2018-05-29
Greta Isenberg,Pale Harbour Studio,Product Director,https://www.linkedin.com/in/greta-isenberg-2367,2018-03-29
Devin Ferreira,Vespermill Analytics,Platform Lead,https://www.linkedin.com/in/devin-ferreira-2816,2022-03-08
Devin Cathcart,Vespermill Analytics,Chief Data Officer,,2022-10-08
Odette Okonkwo,Inglenook Bakery,Chief Information Officer,https://www.linkedin.com/in/odette-okonkwo-9441,2015-11-29
Marisol Thackeray,Underwood & Vale,Head of Platform Engineering,https://www.linkedin.com/in/marisol-thackeray-6804,2024-02-02
Espen Drummond,Bellchamber Media,Platform Lead,https://www.linkedin.com/in/espen-drummond-3906,2020-12-27
Espen Eastcott,Vespermill Analytics,Chief Data Officer,https://www.linkedin.com/in/espen-eastcott-8801,2018-11-17
Leandro Ferreira,Yardley Print,Chief Data Officer,https://www.linkedin.com/in/leandro-ferreira-9278,2019-06-06
Hugo Dellinger,Yardley Print,Head of Innovation,https://www.linkedin.com/in/hugo-dellinger-3243,2019-11-18
Imani Lindqvist,Corbridge Realty,Chief Information Officer,https://www.linkedin.com/in/imani-lindqvist-5878,2020-10-15
·Joaquín Falkenrath,Rooksby Legal,Director of IT,https://www.linkedin.com/in/joaquin-falkenrath-4049,2018-12-17
Idris Sandoval,Elmsworth Tutors,Chief Technology Officer,,2018-03-08
Elena Eastcott,Tannerly Design,Chief Data Officer,https://www.linkedin.com/in/elena-eastcott-1502,2018-07-06
Ravi Cardoso,Pale Harbour Studio,Platform Lead,https://www.linkedin.com/in/ravi-cardoso-2598,2016-08-11
Freya Crowther,Whitlock Staffing,Head of Innovation,https://www.linkedin.com/in/freya-crowther-3832,2020-02-12
Zaid Underhill,Ondermark Consulting,Principal Architect,https://www.linkedin.com/in/zaid-underhill-7438,2017-11-22
Owen Lomsadze,Highmoor Cycles,Head of Automation,https://www.linkedin.com/in/owen-lomsadze-8860,2017-12-26
Desmond Kettleborough,Zenner Foods,Platform Lead,https://www.linkedin.com/in/desmond-kettleborough-9223,2020-03-24
Amara Fontaine,Tannerly Design,Head of Developer Productivity,https://www.linkedin.com/in/amara-fontaine-2776,2015-12-20
Astrid Brenneman,Highmoor Cycles,Product Director,https://www.linkedin.com/in/astrid-brenneman-2659,2015-09-23
Ilse Sandoval,Dunmowe Travel,Platform Lead,https://www.linkedin.com/in/ilse-sandoval-9827,2020-05-20
Marisol Ashdown,Inglenook Bakery,Chief Technology Officer,https://www.linkedin.com/in/marisol-ashdown-8323,2022-10-23
Yusuf Underhill,Tannerly Design,Chief Information Officer,https://www.linkedin.com/in/yusuf-underhill-7493,2018-12-10
Hana Drummond,Elmsworth Tutors,Head of Innovation,https://www.linkedin.com/in/hana-drummond-5147,2022-06-11
Hana Dellinger,Dunmowe Travel,Product Director,https://www.linkedin.com/in/hana-dellinger-6927,2021-05-06
Odette Dellinger,Fairbourne Fitness,VP Enterprise Architecture,,2018-12-29
Margot Lomsadze,Yardley Print,Principal Architect,https://www.linkedin.com/in/margot-lomsadze-1713,2020-02-22
Kofi Ashdown,Garrowby Books,Platform Lead,https://www.linkedin.com/in/kofi-ashdown-4975,2021-03-27
Arjun Norrington,Whitlock Staffing,Chief Technology Officer,https://www.linkedin.com/in/arjun-norrington-8399,2023-07-19
Gideon Fontaine,Ambrose Trading,Chief Technology Officer,https://www.linkedin.com/in/gideon-fontaine-8505,2023-05-17
Idris Wolstenholme,Inglenook Bakery,VP Enterprise Architecture,https://www.linkedin.com/in/idris-wolstenholme-2385,2023-11-29
Bertrand Halloran,Fairbourne Fitness,"Senior Manager, Engineering",https://www.linkedin.com/in/bertrand-halloran-8413,2022-01-27
Camille Mkhize,Ondermark Consulting,Director of IT,https://www.linkedin.com/in/camille-mkhize-5378,2020-08-31
Ilse Ingleby,Ambrose Trading,Principal Architect,https://www.linkedin.com/in/ilse-ingleby-6085,2024-04-26
Marcus Balogun,Xanthe Labs,Engineering Manager,https://www.linkedin.com/in/marcus-balogun-1677,2024-05-22
Astrid Jarrold,Bellchamber Media,Director of IT,https://www.linkedin.com/in/astrid-jarrold-3304,2020-02-29
Desmond Okonkwo,Pale Harbour Studio,Head of Automation,https://www.linkedin.com/in/desmond-okonkwo-7909,2018-01-28
Margot Okonkwo,Corbridge Realty,Product Director,https://www.linkedin.com/in/margot-okonkwo-9178,2017-12-11
Marcus Achterberg,Tannerly Design,Platform Lead,,2018-10-09
Dana Petrossian,Rooksby Legal,Chief Information Officer,https://www.linkedin.com/in/dana-petrossian-1297,2021-01-30
Noor Petrossian,Xanthe Labs,Engineering Manager,https://www.linkedin.com/in/noor-petrossian-6635,2023-03-10
Fenella Rushworth,Highmoor Cycles,Staff Engineer,https://www.linkedin.com/in/fenella-rushworth-1562,2018-02-11
Greta Kettleborough,Underwood & Vale,Director of IT,https://www.linkedin.com/in/greta-kettleborough-1544,2021-07-17
Noor Achterberg,Whitlock Staffing,VP Engineering,https://www.linkedin.com/in/noor-achterberg-7167,2021-04-18
Ingrid Oldfield,Xanthe Labs,Head of Platform Engineering,https://www.linkedin.com/in/ingrid-oldfield-1545,2020-03-16
Rhys Falkenrath,Dunmowe Travel,Director of IT,https://www.linkedin.com/in/rhys-falkenrath-8346,2022-04-16
Noor Egerton,Bellchamber Media,"Senior Manager, Engineering",https://www.linkedin.com/in/noor-egerton-7654,2025-02-26
Leandro Oldfield,Pale Harbour Studio,Director of IT,https://www.linkedin.com/in/leandro-oldfield-5541,2022-10-03
Rosalind Lomsadze,Garrowby Books,Director of IT,https://www.linkedin.com/in/rosalind-lomsadze-4662,2019-10-03
Marcus Merriweather,Marlowe Freight Systems,Chief Data Officer,https://www.linkedin.com/in/marcus-merriweather-2295,2021-01-07
Solveig Prendergast,Rooksby Legal,Head of Innovation,https://www.linkedin.com/in/solveig-prendergast-1291,2020-05-19
Devin Lomsadze,Bellchamber Media,Platform Lead,https://www.linkedin.com/in/devin-lomsadze-2579,2018-03-03
Yusuf Egerton,Zenner Foods,VP Enterprise Architecture,https://www.linkedin.com/in/yusuf-egerton-2856,2016-07-05
Hugo Sandoval,Rooksby Legal,Head of Automation,https://www.linkedin.com/in/hugo-sandoval-9397,2019-01-22
Duarte Drummond,Xanthe Labs,Platform Lead,https://www.linkedin.com/in/duarte-drummond-7590,2022-03-24
Rhys Ingleby,Highmoor Cycles,Head of Automation,https://www.linkedin.com/in/rhys-ingleby-9610,2023-07-20
Greta Salcedo,Ambrose Trading,Head of Platform Engineering,https://www.linkedin.com/in/greta-salcedo-6857,2024-11-12
Malik Vasquez,Highmoor Cycles,Product Director,https://www.linkedin.com/in/malik-vasquez-9170,2022-10-08
Hana Zettergren,Rooksby Legal,Product Director,https://www.linkedin.com/in/hana-zettergren-4779,2019-07-10
Hugo Quillane,Elmsworth Tutors,"Senior Manager, Engineering",https://www.linkedin.com/in/hugo-quillane-7314,2022-09-28
Bo Okonkwo,Ondermark Consulting,Product Director,https://www.linkedin.com/in/bo-okonkwo-4697,2018-01-19
Sunniva Brenneman,Rooksby Legal,Staff Engineer,https://www.linkedin.com/in/sunniva-brenneman-2124,2023-04-01
Tomás Dellinger,Corbridge Realty,VP Data & Analytics,https://www.linkedin.com/in/tomas-dellinger-9313,2016-10-03
Malik Balogun,Elmsworth Tutors,Head of Innovation,https://www.linkedin.com/in/malik-balogun-8041,2021-09-16
Greta Egerton,Yardley Print,Engineering Manager,https://www.linkedin.com/in/greta-egerton-4702,2024-08-04
Renata Zettergren,Bellchamber Media,Engineering Manager,https://www.linkedin.com/in/renata-zettergren-7511,2025-01-04
Duarte Bellinger,Corbridge Realty,Staff Engineer,,2017-04-14
Marisol Vasquez,Inglenook Bakery,Principal Architect,https://www.linkedin.com/in/marisol-vasquez-8795,2025-04-08
Marisol Balogun,Fairbourne Fitness,Head of Automation,https://www.linkedin.com/in/marisol-balogun-7184,2017-06-26
Lucia Fairweather,Elmsworth Tutors,Platform Lead,https://www.linkedin.com/in/lucia-fairweather-6862,2019-05-14
Bertrand Ingleby,Yardley Print,Engineering Manager,https://www.linkedin.com/in/bertrand-ingleby-9760,2022-02-26
Devin Quillane,Whitlock Staffing,Engineering Manager,https://www.linkedin.com/in/devin-quillane-5838,2016-06-23
Nadia Balogun,Pale Harbour Studio,Program Manager,https://www.linkedin.com/in/nadia-balogun-3891,2023-09-24
Marcus Isenberg,Xanthe Labs,Chief Digital Officer,,2015-12-31
Solveig Quillane,Quintrell Advisory,Staff Engineer,https://www.linkedin.com/in/solveig-quillane-7620,2017-10-17
Dana Ashdown,Pale Harbour Studio,Platform Lead,https://www.linkedin.com/in/dana-ashdown-2996,2015-11-09
Marisol Ferreira,Bellchamber Media,"Senior Manager, Engineering",https://www.linkedin.com/in/marisol-ferreira-5692,2024-08-29
Liesel Cardoso,Ondermark Consulting,Platform Lead,https://www.linkedin.com/in/liesel-cardoso-5962,2023-02-20
Matteo Lindqvist,Dunmowe Travel,Platform Lead,https://www.linkedin.com/in/matteo-lindqvist-4678,2024-02-26
Gideon Norrington,Highmoor Cycles,Chief Technology Officer,https://www.linkedin.com/in/gideon-norrington-2706,2022-01-10
Kofi Egerton,Ondermark Consulting,Program Manager,https://www.linkedin.com/in/kofi-egerton-5371,2017-12-03
Camille Drummond,Ondermark Consulting,Platform Lead,https://www.linkedin.com/in/camille-drummond-6241,2017-09-30
Odette Vandermolen,Pale Harbour Studio,Product Director,https://www.linkedin.com/in/odette-vandermolen-5271,2020-06-10
Marisol Dellinger,Inglenook Bakery,SVP Digital,https://www.linkedin.com/in/marisol-dellinger-2826,2021-10-19
Gideon Wolstenholme,Yardley Print,SVP Digital,https://www.linkedin.com/in/gideon-wolstenholme-1962,2016-01-28
Espen Quillane,Zenner Foods,Engineering Manager,https://www.linkedin.com/in/espen-quillane-2780,2017-09-22
Yara Eastcott,Xanthe Labs,Product Director,https://www.linkedin.com/in/yara-eastcott-9792,2016-01-22
Bram Zettergren,Rooksby Legal,Program Manager,https://www.linkedin.com/in/bram-zettergren-6186,2019-09-13
Noor Merriweather,Vespermill Analytics,Director of IT,https://www.linkedin.com/in/noor-merriweather-1530,2019-01-26
·Joaquín Kettleborough,Yardley Print,Director of IT,https://www.linkedin.com/in/joaquin-kettleborough-4864,2022-07-23
Marisol Falkenrath,Ambrose Trading,Platform Lead,https://www.linkedin.com/in/marisol-falkenrath-1742,2018-08-01
Solveig Cardoso,Highmoor Cycles,Head of Developer Productivity,https://www.linkedin.com/in/solveig-cardoso-3701,2022-05-22
Tilda Salcedo,Tannerly Design,Head of Developer Productivity,https://www.linkedin.com/in/tilda-salcedo-2539,2018-02-26
Tilda Oldfield,Corbridge Realty,Head of Innovation,https://www.linkedin.com/in/tilda-oldfield-2770,2021-06-06
Duarte Merriweather,Bellchamber Media,"Senior Manager, Engineering",,2019-11-18
Duarte Grimsby,Yardley Print,Head of Automation,https://www.linkedin.com/in/duarte-grimsby-7112,2024-08-14
Ilse Prendergast,Ambrose Trading,Director of Software Engineering,https://www.linkedin.com/in/ilse-prendergast-6237,2019-09-01
Mei Kirkbride,Fairbourne Fitness,Director of Software Engineering,https://www.linkedin.com/in/mei-kirkbride-1896,2024-04-21
Rosalind Mkhize,Corbridge Realty,Program Manager,https://www.linkedin.com/in/rosalind-mkhize-3884,2017-10-01
