connector,connector_type,company_id,company_name,reach_type,board_seat,contact_name,contact_title,observed_date,offer_age_days,strength,in_focus_area,monthly_capacity,delivery_rate,idle_capacity,evidence
Elena Duvall,Advisor,C002,Apex Logistics,direct,,Curtis Prendergast,SVP Digital,2022-02-04,,0.459,no,3,0.360,0,"connections_duvall.csv: Curtis Prendergast, SVP Digital at Apex Logistics, connected 2022-02-04"
Marcus Aldridge,Advisor,C002,Apex Logistics,direct,,Curtis Prendergast,SVP Digital,2019-08-28,,0.383,yes,4,0.347,0,"connections_aldridge.csv: Curtis Prendergast, SVP Digital at Apex Logistics, connected 2019-08-28"
Marcus Aldridge,Advisor,C003,Apex Holdings,direct,,Astrid Salcedo,VP Data & Analytics,2023-11-25,,0.484,yes,4,0.347,0,"connections_aldridge.csv: Astrid Salcedo, VP Data & Analytics at Apex Logistics Group, connected 2023-11-25"
Espen Rushworth-Oyelaran,investor network,C003,Apex Holdings,investor_network,no,CEO / exec team,Silverbrook Capital portfolio company,,,0.720,unknown,2,0.380,0,"investor_network.csv: Espen Rushworth-Oyelaran (Venture capital investor), portfolio_company=Apex Logistics Group, board_seat=False"
Priya Raghunathan,Investor,C004,Ashgrove Agriculture,offer,,Kwame Marchetti-Drummond,,2025-10-29,314,0.800,no,3,0.455,0,"slack_threads.jsonl R1187 2025-10-29 Priya Raghunathan: ""I know Kwame Marchetti-Drummond there well, happy to intro"""
Dana Whitfield,Internal,C005,Bexley Bioworks,direct,,Sabine Nakashima,Chief Data Officer,2020-05-27,,0.438,no,6,0.428,0,"connections_whitfield.csv: Sabine Nakashima, Chief Data Officer at Bexley Bioworks, connected 2020-05-27"
Elena Duvall,Advisor,C005,Bexley Bioworks,direct,,Kwame Achterberg,Head of Platform Engineering,2020-09-15,,0.379,no,3,0.360,0,"connections_duvall.csv: Kwame Achterberg, Head of Platform Engineering at Bexley Bioworks, connected 2020-09-15"
Marcus Aldridge,Advisor,C005,Bexley Bioworks,direct,,Sabine Nakashima,Chief Data Officer,2019-05-20,,0.411,no,4,0.347,0,"connections_aldridge.csv: Sabine Nakashima, Chief Data Officer at Bexley Bioworks, connected 2019-05-20"
Priya Raghunathan,Investor,C005,Bexley Bioworks,direct,,Malik Egerton,Chief Digital Officer,2021-07-21,,0.465,yes,3,0.455,0,"connections_raghunathan.csv: Malik Egerton, Chief Digital Officer at Bexley Bioworks, connected 2021-07-21"
Priya Raghunathan,Investor,C005,Bexley Bioworks,direct,,Yusuf Wolstenholme,Chief Information Officer,2026-07-07,,0.600,yes,3,0.455,0,"connections_raghunathan.csv: Yusuf Wolstenholme, Chief Information Officer at Bexley Bioworks, connected 2026-07-07"
Tomás Beckett,Internal,C005,Bexley Bioworks,direct,,Malik Egerton,Chief Digital Officer,2019-09-28,,0.411,no,8,0.357,0,"connections_beckett.csv: Malik Egerton, Chief Digital Officer at Bexley Bioworks, connected 2019-09-28"
Tomás Beckett,Internal,C005,Bexley Bioworks,direct,,Yusuf Wolstenholme,Chief Information Officer,2026-11-16,,0.600,no,8,0.357,0,"connections_beckett.csv: Yusuf Wolstenholme, Chief Information Officer at Bexley Bioworks, connected 2026-11-16"
Priya Raghunathan,Investor,C005,Bexley Bioworks,investor,yes,CEO / exec team,Redtree Capital board seat,,,0.900,yes,3,0.455,0,"investor_network.csv: Priya Raghunathan (Partner, Redtree Capital), portfolio_company=Bexley Bioworks, board_seat=True"
Owen Trask,Investor,C006,Blackwood Holdings,alumni,,Marcus Højgaard,"ex-Blackwood Industrial (2014-2017), now Chief Technology Officer at Blackwood Industrial",2017-04-20,,0.202,no,2,0.253,0,investor_network.csv: Marcus Højgaard prior_employer=Blackwood Industrial (2014-2017); connections_trask.csv: connection of Owen Trask since 2017-04-20
Tomás Beckett,Internal,C006,Blackwood Holdings,alumni,,Marcus Højgaard,"ex-Blackwood Industrial (2014-2017), now Chief Technology Officer at Blackwood Industrial",2015-01-02,,0.187,no,8,0.357,0,investor_network.csv: Marcus Højgaard prior_employer=Blackwood Industrial (2014-2017); connections_beckett.csv: connection of Tomás Beckett since 2015-01-02
Elena Duvall,Advisor,C006,Blackwood Holdings,direct,,Bram Quillane,Head of Developer Productivity,2028-06-16,,0.519,yes,3,0.360,0,"connections_duvall.csv: Bram Quillane, Head of Developer Productivity at Blackwood Industrial, connected 2028-06-16"
Elena Duvall,Advisor,C006,Blackwood Holdings,direct,,Saoirse Yarrow,Head of Innovation,2019-02-04,,0.356,yes,3,0.360,0,"connections_duvall.csv: Saoirse Yarrow, Head of Innovation at Blackwood Industrial, connected 2019-02-04"
Marcus Aldridge,Advisor,C006,Blackwood Holdings,direct,,Bram Quillane,Head of Developer Productivity,2026-11-10,,0.519,yes,4,0.347,0,"connections_aldridge.csv: Bram Quillane, Head of Developer Productivity at Blackwood Industrial, connected 2026-11-10"
Owen Trask,Investor,C006,Blackwood Holdings,direct,,Marcus Højgaard,Chief Technology Officer,2017-04-20,,0.357,no,2,0.253,0,"connections_trask.csv: Marcus Højgaard, Chief Technology Officer at Blackwood Industrial, connected 2017-04-20"
Tomás Beckett,Internal,C006,Blackwood Holdings,direct,,Marcus Højgaard,Chief Technology Officer,2015-01-02,,0.330,no,8,0.357,0,"connections_beckett.csv: Marcus Højgaard, Chief Technology Officer at Blackwood Industrial, connected 2015-01-02"
Otto Cathcart-Brenneman,investor network,C006,Blackwood Holdings,investor_network,yes,CEO / exec team,Ashgrove Capital board seat,,,0.900,unknown,2,0.380,0,"investor_network.csv: Otto Cathcart-Brenneman (Venture capital investor), portfolio_company=Blackwood Industrial, board_seat=True"
Tomás Beckett,Internal,C006,Blackwood Holdings,offer,,,exec team,2026-02-06,214,0.800,no,8,0.357,0,"slack_threads.jsonl R1130 2026-02-06 Tomás Beckett: ""I'll take this one — I've got a direct line to their exec team"""
Elena Duvall,Advisor,C007,Brightmoor Energy,alumni,,Idris Drummond,"ex-Brightmoor Energy (2015-2018), now Chief Digital Officer at Brightmoor Energy",2017-07-02,,0.202,yes,3,0.360,0,investor_network.csv: Idris Drummond prior_employer=Brightmoor Energy (2015-2018); connections_duvall.csv: connection of Elena Duvall since 2017-07-02
Elena Duvall,Advisor,C007,Brightmoor Energy,direct,,Idris Drummond,Chief Digital Officer,2017-07-02,,0.357,yes,3,0.360,0,"connections_duvall.csv: Idris Drummond, Chief Digital Officer at Brightmoor Energy, connected 2017-07-02"
Elena Duvall,Advisor,C008,Cindermill Holdings,alumni,,Bertrand Glückstein,"ex-Cindermill Mining (2011-2016), now Chief Data Officer at Cindermill Mining",2015-08-26,,0.187,yes,3,0.360,0,investor_network.csv: Bertrand Glückstein prior_employer=Cindermill Mining (2011-2016); connections_duvall.csv: connection of Elena Duvall since 2015-08-26
Owen Trask,Investor,C008,Cindermill Holdings,alumni,,Bertrand Glückstein,"ex-Cindermill Mining (2011-2016), now Chief Data Officer at Cindermill Mining",2015-05-17,,0.187,no,2,0.253,0,investor_network.csv: Bertrand Glückstein prior_employer=Cindermill Mining (2011-2016); connections_trask.csv: connection of Owen Trask since 2015-05-17
Elena Duvall,Advisor,C008,Cindermill Holdings,direct,,Bertrand Glückstein,Chief Data Officer,2015-08-26,,0.330,yes,3,0.360,0,"connections_duvall.csv: Bertrand Glückstein, Chief Data Officer at Cindermill Mining, connected 2015-08-26"
Marcus Aldridge,Advisor,C008,Cindermill Holdings,direct,,Bo Marchetti,Platform Lead,2019-08-23,,0.319,no,4,0.347,0,"connections_aldridge.csv: Bo Marchetti, Platform Lead at Cindermill Mining, connected 2019-08-23"
Owen Trask,Investor,C008,Cindermill Holdings,direct,,Bertrand Glückstein,Chief Data Officer,2015-05-17,,0.330,no,2,0.253,0,"connections_trask.csv: Bertrand Glückstein, Chief Data Officer at Cindermill Mining, connected 2015-05-17"
Owen Trask,Investor,C008,Cindermill Holdings,direct,,Leandro Brenneman,Director of Software Engineering,2023-10-26,,0.426,no,2,0.253,0,"connections_trask.csv: Leandro Brenneman, Director of Software Engineering at Cindermill Mining, connected 2023-10-26"
Tomás Beckett,Internal,C008,Cindermill Holdings,direct,,Bo Marchetti,Platform Lead,2022-02-02,,0.381,no,8,0.357,0,"connections_beckett.csv: Bo Marchetti, Platform Lead at Cindermill Mining, connected 2022-02-02"
Tomás Beckett,Internal,C008,Cindermill Holdings,direct,,Leandro Brenneman,Director of Software Engineering,2021-08-25,,0.381,no,8,0.357,0,"connections_beckett.csv: Leandro Brenneman, Director of Software Engineering at Cindermill Mining, connected 2021-08-25"
Camille Merriweather-Balogun,investor network,C008,Cindermill Holdings,investor_network,no,CEO / exec team,Silverbrook Capital portfolio company,,,0.720,unknown,2,0.380,2,"investor_network.csv: Camille Merriweather-Balogun (Venture capital investor), portfolio_company=Cindermill Mining, board_seat=False"
Priya Raghunathan,Investor,C009,Cobalt Lane Capital Markets,direct,,Greta Petrossian,Head of Automation,2023-11-21,,0.449,no,3,0.455,0,"connections_raghunathan.csv: Greta Petrossian, Head of Automation at Cobalt Lane Capital Markets, connected 2023-11-21"
Tomás Beckett,Internal,C009,Cobalt Lane Capital Markets,direct,,Greta Petrossian,Head of Automation,2025-07-17,,0.496,no,8,0.357,0,"connections_beckett.csv: Greta Petrossian, Head of Automation at Cobalt Lane Capital Markets, connected 2025-07-17"
Malik Thackeray-Okonkwo,investor network,C009,Cobalt Lane Capital Markets,investor_network,no,CEO / exec team,Meridian Peak Partners portfolio company,,,0.720,unknown,2,0.380,2,"investor_network.csv: Malik Thackeray-Okonkwo (Private equity investor), portfolio_company=Cobalt Lane Capital Markets, board_seat=False"
Priya Raghunathan,Investor,C010,Duncastle Holdings,investor,yes,CEO / exec team,Redtree Capital board seat,,,0.900,no,3,0.455,0,"investor_network.csv: Priya Raghunathan (Partner, Redtree Capital), portfolio_company=Duncastle Hotels, board_seat=True"
Amara Brenneman-Fairweather,investor network,C010,Duncastle Holdings,investor_network,yes,CEO / exec team,Redtree Capital board seat,,,0.900,unknown,2,0.380,0,"investor_network.csv: Amara Brenneman-Fairweather (Growth equity investor), portfolio_company=Duncastle Hotels, board_seat=True"
Matteo Falkenrath-Merriweather,investor network,C010,Duncastle Holdings,investor_network,yes,CEO / exec team,Cobalt Lane Ventures board seat,,,0.900,unknown,2,0.380,1,"investor_network.csv: Matteo Falkenrath-Merriweather (Venture capital investor), portfolio_company=Duncastle Hotels, board_seat=True"
Matteo Ferreira-Yarrow,investor network,C010,Duncastle Holdings,investor_network,no,CEO / exec team,Ironvale Partners portfolio company,,,0.720,unknown,2,0.380,0,"investor_network.csv: Matteo Ferreira-Yarrow (Private equity investor), portfolio_company=Duncastle Hotels, board_seat=False"
Renata Halloran-Quillane,investor network,C010,Duncastle Holdings,investor_network,yes,CEO / exec team,Redtree Capital board seat,,,0.900,unknown,2,0.380,1,"investor_network.csv: Renata Halloran-Quillane (Growth equity investor), portfolio_company=Duncastle Hotels, board_seat=True"
Dana Whitfield,Internal,C011,Ellerby Semiconductor,alumni,,Sunniva Højgaard,"ex-Ellerby Semiconductor (2013-2015), now Chief Digital Officer at Ellerby Semiconductor",2014-07-24,,0.187,no,6,0.428,0,investor_network.csv: Sunniva Højgaard prior_employer=Ellerby Semiconductor (2013-2015); connections_whitfield.csv: connection of Dana Whitfield since 2014-07-24
Tomás Beckett,Internal,C011,Ellerby Semiconductor,alumni,,Sunniva Højgaard,"ex-Ellerby Semiconductor (2013-2015), now Chief Digital Officer at Ellerby Semiconductor",2016-10-23,,0.187,no,8,0.357,0,investor_network.csv: Sunniva Højgaard prior_employer=Ellerby Semiconductor (2013-2015); connections_beckett.csv: connection of Tomás Beckett since 2016-10-23
Dana Whitfield,Internal,C011,Ellerby Semiconductor,direct,,Sunniva Højgaard,Chief Digital Officer,2014-07-24,,0.330,no,6,0.428,0,"connections_whitfield.csv: Sunniva Højgaard, Chief Digital Officer at Ellerby Semiconductor, connected 2014-07-24"
Tomás Beckett,Internal,C011,Ellerby Semiconductor,direct,,Sunniva Højgaard,Chief Digital Officer,2016-10-23,,0.330,no,8,0.357,0,"connections_beckett.csv: Sunniva Højgaard, Chief Digital Officer at Ellerby Semiconductor, connected 2016-10-23"
Bertrand Achterberg-Quillane,investor network,C011,Ellerby Semiconductor,investor_network,yes,CEO / exec team,Ashgrove Capital board seat,,,0.900,unknown,2,0.380,0,"investor_network.csv: Bertrand Achterberg-Quillane (Venture capital investor), portfolio_company=Ellerby Semiconductor, board_seat=True"
Freya Oldfield-Ibarra,investor network,C011,Ellerby Semiconductor,investor_network,no,CEO / exec team,Ashgrove Capital portfolio company,,,0.720,unknown,2,0.380,2,"investor_network.csv: Freya Oldfield-Ibarra (Venture capital investor), portfolio_company=Ellerby Semiconductor, board_seat=False"
Matteo Ferreira-Yarrow,investor network,C011,Ellerby Semiconductor,investor_network,no,CEO / exec team,Ironvale Partners portfolio company,,,0.720,unknown,2,0.380,0,"investor_network.csv: Matteo Ferreira-Yarrow (Private equity investor), portfolio_company=Ellerby Semiconductor, board_seat=False"
Otto Højgaard-Ferreira,investor network,C011,Ellerby Semiconductor,investor_network,no,CEO / exec team,Cobalt Lane Ventures portfolio company,,,0.720,unknown,2,0.380,2,"investor_network.csv: Otto Højgaard-Ferreira (Venture capital investor), portfolio_company=Ellerby Semiconductor, board_seat=False"
Dana Whitfield,Internal,C012,Falkirk Shipping,direct,,Espen Zettergren,Head of Developer Productivity,2023-10-09,,0.449,no,6,0.428,0,"connections_whitfield.csv: Espen Zettergren, Head of Developer Productivity at Falkirk Shipping, connected 2023-10-09"
Marcus Aldridge,Advisor,C012,Falkirk Shipping,direct,,Espen Zettergren,Head of Developer Productivity,2022-11-04,,0.426,yes,4,0.347,0,"connections_aldridge.csv: Espen Zettergren, Head of Developer Productivity at Falkirk Shipping, connected 2022-11-04"
Marcus Aldridge,Advisor,C012,Falkirk Shipping,direct,,Yusuf Oldfield,Product Director,2027-05-09,,0.505,yes,4,0.347,0,"connections_aldridge.csv: Yusuf Oldfield, Product Director at Falkirk Shipping, connected 2027-05-09"
Priya Raghunathan,Investor,C012,Falkirk Shipping,direct,,Yusuf Oldfield,Product Director,2025-12-16,,0.483,no,3,0.455,0,"connections_raghunathan.csv: Yusuf Oldfield, Product Director at Falkirk Shipping, connected 2025-12-16"
Priya Raghunathan,Investor,C012,Falkirk Shipping,investor,no,CEO / exec team,Redtree Capital portfolio company,,,0.720,no,3,0.455,0,"investor_network.csv: Priya Raghunathan (Partner, Redtree Capital), portfolio_company=Falkirk Shipping, board_seat=False"
Arjun Fairweather-Brenneman,investor network,C012,Falkirk Shipping,investor_network,no,CEO / exec team,Redtree Capital portfolio company,,,0.720,unknown,2,0.380,2,"investor_network.csv: Arjun Fairweather-Brenneman (Growth equity investor), portfolio_company=Falkirk Shipping, board_seat=False"
Espen Rushworth-Oyelaran,investor network,C014,Kestrel Airlines,investor_network,yes,CEO / exec team,Silverbrook Capital board seat,,,0.900,unknown,2,0.380,0,"investor_network.csv: Espen Rushworth-Oyelaran (Venture capital investor), portfolio_company=Kestrel Airlines, board_seat=True"
Wren Petrossian-Norrington,investor network,C014,Kestrel Airlines,investor_network,yes,CEO / exec team,Silverbrook Capital board seat,,,0.900,unknown,2,0.380,1,"investor_network.csv: Wren Petrossian-Norrington (Venture capital investor), portfolio_company=Kestrel Airlines, board_seat=True"
Elena Duvall,Advisor,C015,Glasspoint Health,direct,,Sunniva Oldfield,Chief Operating Officer,2027-08-22,,0.600,no,3,0.360,0,"connections_duvall.csv: Sunniva Oldfield, Chief Operating Officer at Glasspoint Health, connected 2027-08-22"
Marcus Aldridge,Advisor,C015,Glasspoint Health,direct,,Sunniva Oldfield,Chief Operating Officer,2026-09-15,,0.600,no,4,0.347,0,"connections_aldridge.csv: Sunniva Oldfield, Chief Operating Officer at Glasspoint Health, connected 2026-09-15"
Espen Rushworth-Oyelaran,investor network,C015,Glasspoint Health,investor_network,yes,CEO / exec team,Silverbrook Capital board seat,,,0.900,unknown,2,0.380,0,"investor_network.csv: Espen Rushworth-Oyelaran (Venture capital investor), portfolio_company=Glasspoint Health, board_seat=True"
Priya Crowther-Kirkbride,investor network,C015,Glasspoint Health,investor_network,no,CEO / exec team,Northgate Growth portfolio company,,,0.720,unknown,2,0.380,2,"investor_network.csv: Priya Crowther-Kirkbride (Growth equity investor), portfolio_company=Glasspoint Health, board_seat=False"
Elena Duvall,Advisor,C016,Gravenhurst Motors,alumni,,Priya Fairweather,"ex-Gravenhurst Motors (2014-2019), now Head of Platform Engineering at Gravenhurst Motors",2018-07-13,,0.218,no,3,0.360,0,investor_network.csv: Priya Fairweather prior_employer=Gravenhurst Motors (2014-2019); connections_duvall.csv: connection of Elena Duvall since 2018-07-13
Priya Raghunathan,Investor,C016,Gravenhurst Motors,alumni,,Priya Fairweather,"ex-Gravenhurst Motors (2014-2019), now Head of Platform Engineering at Gravenhurst Motors",2016-11-20,,0.187,no,3,0.455,0,investor_network.csv: Priya Fairweather prior_employer=Gravenhurst Motors (2014-2019); connections_raghunathan.csv: connection of Priya Raghunathan since 2016-11-20
Elena Duvall,Advisor,C016,Gravenhurst Motors,direct,,Priya Fairweather,Head of Platform Engineering,2018-07-13,,0.332,no,3,0.360,0,"connections_duvall.csv: Priya Fairweather, Head of Platform Engineering at Gravenhurst Motors, connected 2018-07-13"
Priya Raghunathan,Investor,C016,Gravenhurst Motors,direct,,Priya Fairweather,Head of Platform Engineering,2016-11-20,,0.285,no,3,0.455,0,"connections_raghunathan.csv: Priya Fairweather, Head of Platform Engineering at Gravenhurst Motors, connected 2016-11-20"
Priya Raghunathan,Investor,C016,Gravenhurst Motors,investor,no,CEO / exec team,Redtree Capital portfolio company,,,0.720,no,3,0.455,0,"investor_network.csv: Priya Raghunathan (Partner, Redtree Capital), portfolio_company=Gravenhurst Motors, board_seat=False"
Amara Brenneman-Fairweather,investor network,C016,Gravenhurst Motors,investor_network,no,CEO / exec team,Redtree Capital portfolio company,,,0.720,unknown,2,0.380,0,"investor_network.csv: Amara Brenneman-Fairweather (Growth equity investor), portfolio_company=Gravenhurst Motors, board_seat=False"
Curtis Hartigan,not on roster,C016,Gravenhurst Motors,offer,,,Chief Data Officer,2026-07-20,50,0.800,unknown,2,0.469,2,"slack_threads.jsonl R1122 2026-07-20 Curtis Hartigan: ""I met their Chief Data Officer at a conference last spring, happy to reach out"""
Hana Nakashima,not on roster,C016,Gravenhurst Motors,offer,,,Chief Digital Officer,2025-10-09,334,0.800,unknown,2,0.326,2,"slack_threads.jsonl R1108 2025-10-09 Hana Nakashima: ""I met their Chief Digital Officer at a conference last spring, happy to reach out"""
Priya Raghunathan,Investor,C016,Gravenhurst Motors,offer,,,Head of Platform,2026-02-20,200,0.800,no,3,0.455,0,"slack_threads.jsonl R1115 2026-02-20 Priya Raghunathan: ""their Head of Platform reports to someone I've known for a decade, leave it with me"""
Dana Whitfield,Internal,C018,Harrowgate Health,alumni,,Amara Thackeray,"ex-Harrowgate Health (2012-2019), now Chief Operating Officer at Harrowgate Health",2016-11-21,,0.187,no,6,0.428,0,investor_network.csv: Amara Thackeray prior_employer=Harrowgate Health (2012-2019); connections_whitfield.csv: connection of Dana Whitfield since 2016-11-21
Dana Whitfield,Internal,C018,Harrowgate Health,alumni,,Ingrid Marchetti,"ex-Harrowgate Health (2015-2018), now Head of Developer Productivity at Harrowgate Health",2017-10-05,,0.202,no,6,0.428,0,investor_network.csv: Ingrid Marchetti prior_employer=Harrowgate Health (2015-2018); connections_whitfield.csv: connection of Dana Whitfield since 2017-10-05
Owen Trask,Investor,C018,Harrowgate Health,alumni,,Ingrid Marchetti,"ex-Harrowgate Health (2015-2018), now Head of Developer Productivity at Harrowgate Health",2016-01-02,,0.187,no,2,0.253,0,investor_network.csv: Ingrid Marchetti prior_employer=Harrowgate Health (2015-2018); connections_trask.csv: connection of Owen Trask since 2016-01-02
Priya Raghunathan,Investor,C018,Harrowgate Health,alumni,,Amara Thackeray,"ex-Harrowgate Health (2012-2019), now Chief Operating Officer at Harrowgate Health",2018-10-25,,0.218,no,3,0.455,0,investor_network.csv: Amara Thackeray prior_employer=Harrowgate Health (2012-2019); connections_raghunathan.csv: connection of Priya Raghunathan since 2018-10-25
Dana Whitfield,Internal,C018,Harrowgate Health,direct,,Amara Thackeray,Chief Operating Officer,2016-11-21,,0.330,no,6,0.428,0,"connections_whitfield.csv: Amara Thackeray, Chief Operating Officer at Harrowgate Health, connected 2016-11-21"
Dana Whitfield,Internal,C018,Harrowgate Health,direct,,Ingrid Marchetti,Head of Developer Productivity,2017-10-05,,0.309,no,6,0.428,0,"connections_whitfield.csv: Ingrid Marchetti, Head of Developer Productivity at Harrowgate Health, connected 2017-10-05"
Marcus Aldridge,Advisor,C018,Harrowgate Health,direct,,Marcus Salcedo,Director of Software Engineering,2024-04-17,,0.448,no,4,0.347,0,"connections_aldridge.csv: Marcus Salcedo, Director of Software Engineering at Harrowgate Health, connected 2024-04-17"
Owen Trask,Investor,C018,Harrowgate Health,direct,,Ingrid Marchetti,Head of Developer Productivity,2016-01-02,,0.285,no,2,0.253,0,"connections_trask.csv: Ingrid Marchetti, Head of Developer Productivity at Harrowgate Health, connected 2016-01-02"
Priya Raghunathan,Investor,C018,Harrowgate Health,direct,,Amara Thackeray,Chief Operating Officer,2018-10-25,,0.384,no,3,0.455,0,"connections_raghunathan.csv: Amara Thackeray, Chief Operating Officer at Harrowgate Health, connected 2018-10-25"
Tomás Beckett,Internal,C018,Harrowgate Health,direct,,Marcus Salcedo,Director of Software Engineering,2026-03-16,,0.492,no,8,0.357,0,"connections_beckett.csv: Marcus Salcedo, Director of Software Engineering at Harrowgate Health, connected 2026-03-16"
Elena Duvall,Advisor,C018,Harrowgate Health,offer,,,Head of Platform,2026-03-16,176,0.800,no,3,0.360,0,"slack_threads.jsonl R1136 2026-03-16 Elena Duvall: ""their Head of Platform reports to someone I've known for a decade, leave it with me"""
Dana Whitfield,Internal,C019,Hollowbrook Grocers,direct,,Freya Havercamp,Staff Engineer,2020-12-25,,0.300,yes,6,0.428,0,"connections_whitfield.csv: Freya Havercamp, Staff Engineer at Hollowbrook Grocers, connected 2020-12-25"
Priya Raghunathan,Investor,C019,Hollowbrook Grocers,direct,,Freya Havercamp,Staff Engineer,2022-05-16,,0.337,no,3,0.455,0,"connections_raghunathan.csv: Freya Havercamp, Staff Engineer at Hollowbrook Grocers, connected 2022-05-16"
Priya Raghunathan,Investor,C019,Hollowbrook Grocers,investor,yes,CEO / exec team,Redtree Capital board seat,,,0.900,no,3,0.455,0,"investor_network.csv: Priya Raghunathan (Partner, Redtree Capital), portfolio_company=Hollowbrook Grocers, board_seat=True"
Arjun Fairweather-Brenneman,investor network,C019,Hollowbrook Grocers,investor_network,no,CEO / exec team,Redtree Capital portfolio company,,,0.720,unknown,2,0.380,2,"investor_network.csv: Arjun Fairweather-Brenneman (Growth equity investor), portfolio_company=Hollowbrook Grocers, board_seat=False"
Priya Dobrescu-Prendergast,investor network,C019,Hollowbrook Grocers,investor_network,no,CEO / exec team,Thornbury Equity portfolio company,,,0.720,unknown,2,0.380,2,"investor_network.csv: Priya Dobrescu-Prendergast (Private equity investor), portfolio_company=Hollowbrook Grocers, board_seat=False"
Priya Raghunathan,Investor,C019,Hollowbrook Grocers,offer,,,Chief Operating Officer,2025-11-10,302,0.800,no,3,0.455,0,"slack_threads.jsonl R1124 2025-11-10 Priya Raghunathan: ""I met their Chief Operating Officer at a conference last spring, happy to reach out"""
Marcus Aldridge,Advisor,C020,Ironvale Steel,alumni,,Tomás Ferreira,"ex-Ironvale Steel (2015-2020), now VP Enterprise Architecture at Ironvale Steel",2018-11-19,,0.218,yes,4,0.347,0,investor_network.csv: Tomás Ferreira prior_employer=Ironvale Steel (2015-2020); connections_aldridge.csv: connection of Marcus Aldridge since 2018-11-19
Priya Raghunathan,Investor,C020,Ironvale Steel,alumni,,Tomás Ferreira,"ex-Ironvale Steel (2015-2020), now VP Enterprise Architecture at Ironvale Steel",2017-06-21,,0.202,no,3,0.455,0,investor_network.csv: Tomás Ferreira prior_employer=Ironvale Steel (2015-2020); connections_raghunathan.csv: connection of Priya Raghunathan since 2017-06-21
Marcus Aldridge,Advisor,C020,Ironvale Steel,direct,,Tanvi Eastcott,Chief Data Officer,2026-07-05,,0.600,yes,4,0.347,0,"connections_aldridge.csv: Tanvi Eastcott, Chief Data Officer at Ironvale Steel, connected 2026-07-05"
Marcus Aldridge,Advisor,C020,Ironvale Steel,direct,,Tomás Ferreira,VP Enterprise Architecture,2018-11-19,,0.349,yes,4,0.347,0,"connections_aldridge.csv: Tomás Ferreira, VP Enterprise Architecture at Ironvale Steel, connected 2018-11-19"
Priya Raghunathan,Investor,C020,Ironvale Steel,direct,,Tanvi Eastcott,Chief Data Officer,2027-07-04,,0.600,no,3,0.455,0,"connections_raghunathan.csv: Tanvi Eastcott, Chief Data Officer at Ironvale Steel, connected 2027-07-04"
Priya Raghunathan,Investor,C020,Ironvale Steel,direct,,Tomás Ferreira,VP Enterprise Architecture,2017-06-21,,0.325,no,3,0.455,0,"connections_raghunathan.csv: Tomás Ferreira, VP Enterprise Architecture at Ironvale Steel, connected 2017-06-21"
Callum Oldfield-Fairweather,investor network,C020,Ironvale Steel,investor_network,yes,CEO / exec team,Cobalt Lane Ventures board seat,,,0.900,unknown,2,0.380,1,"investor_network.csv: Callum Oldfield-Fairweather (Venture capital investor), portfolio_company=Ironvale Steel, board_seat=True"
Matteo Falkenrath-Merriweather,investor network,C020,Ironvale Steel,investor_network,no,CEO / exec team,Cobalt Lane Ventures portfolio company,,,0.720,unknown,2,0.380,1,"investor_network.csv: Matteo Falkenrath-Merriweather (Venture capital investor), portfolio_company=Ironvale Steel, board_seat=False"
Marcus Aldridge,Advisor,C023,Marchford Clinics,direct,,Kofi Jarrold,Chief Information Officer,2023-09-18,,0.519,no,4,0.347,0,"connections_aldridge.csv: Kofi Jarrold, Chief Information Officer at Marchford Clinics, connected 2023-09-18"
Owen Trask,Investor,C023,Marchford Clinics,direct,,Teodor Zubkov,Program Manager,2020-05-24,,0.310,no,2,0.253,0,"connections_trask.csv: Teodor Zubkov, Program Manager at Marchford Clinics, connected 2020-05-24"
Priya Raghunathan,Investor,C023,Marchford Clinics,direct,,Teodor Zubkov,Program Manager,2020-12-24,,0.310,no,3,0.455,0,"connections_raghunathan.csv: Teodor Zubkov, Program Manager at Marchford Clinics, connected 2020-12-24"
Marcus Aldridge,Advisor,C024,Marlowe Freight Systems,direct,,Marcus Merriweather,Chief Data Officer,2021-01-07,,0.465,yes,4,0.347,0,"connections_aldridge.csv: Marcus Merriweather, Chief Data Officer at Marlowe Freight Systems, connected 2021-01-07"
Matteo Falkenrath-Merriweather,investor network,C024,Marlowe Freight Systems,investor_network,no,CEO / exec team,Cobalt Lane Ventures portfolio company,,,0.720,unknown,2,0.380,1,"investor_network.csv: Matteo Falkenrath-Merriweather (Venture capital investor), portfolio_company=Marlowe Freight Systems, board_seat=False"
Otto Højgaard-Ferreira,investor network,C024,Marlowe Freight Systems,investor_network,no,CEO / exec team,Cobalt Lane Ventures portfolio company,,,0.720,unknown,2,0.380,2,"investor_network.csv: Otto Højgaard-Ferreira (Venture capital investor), portfolio_company=Marlowe Freight Systems, board_seat=False"
Dana Whitfield,Internal,C025,Meridian Holdings,direct,,Desmond Cardoso,Director of IT,2022-03-01,,0.415,yes,6,0.428,0,"connections_whitfield.csv: Desmond Cardoso, Director of IT at Meridian Peak Foods, connected 2022-03-01"
Owen Trask,Investor,C025,Meridian Holdings,direct,,Desmond Cardoso,Director of IT,2019-10-24,,0.346,no,2,0.253,0,"connections_trask.csv: Desmond Cardoso, Director of IT at Meridian Peak Foods, connected 2019-10-24"
Priya Raghunathan,Investor,C025,Meridian Holdings,direct,,Dev Ingleby,Head of Platform Engineering,2024-11-02,,0.472,no,3,0.455,0,"connections_raghunathan.csv: Dev Ingleby, Head of Platform Engineering at Meridian Peak Foods, connected 2024-11-02"
Perrine Brenneman-Wexford,investor network,C025,Meridian Holdings,investor_network,no,CEO / exec team,Meridian Peak Partners portfolio company,,,0.720,unknown,2,0.380,1,"investor_network.csv: Perrine Brenneman-Wexford (Private equity investor), portfolio_company=Meridian Peak Foods, board_seat=False"
Dana Whitfield,Internal,C027,Nortonbury Logistics,direct,,Zaid Fontaine,Chief Operating Officer,2026-10-19,,0.600,no,6,0.428,0,"connections_whitfield.csv: Zaid Fontaine, Chief Operating Officer at Nortonbury Logistics, connected 2026-10-19"
Elena Duvall,Advisor,C027,Nortonbury Logistics,direct,,Nadia Ferreira,Program Manager,2025-07-30,,0.405,no,3,0.360,0,"connections_duvall.csv: Nadia Ferreira, Program Manager at Nortonbury Logistics, connected 2025-07-30"
Marcus Aldridge,Advisor,C027,Nortonbury Logistics,direct,,Anouk Kirkbride,Head of Developer Productivity,2026-07-07,,0.519,yes,4,0.347,0,"connections_aldridge.csv: Anouk Kirkbride, Head of Developer Productivity at Nortonbury Logistics, connected 2026-07-07"
Owen Trask,Investor,C027,Nortonbury Logistics,direct,,Anouk Kirkbride,Head of Developer Productivity,2026-09-17,,0.519,no,2,0.253,0,"connections_trask.csv: Anouk Kirkbride, Head of Developer Productivity at Nortonbury Logistics, connected 2026-09-17"
Owen Trask,Investor,C027,Nortonbury Logistics,direct,,Nadia Ferreira,Program Manager,2024-03-25,,0.386,no,2,0.253,0,"connections_trask.csv: Nadia Ferreira, Program Manager at Nortonbury Logistics, connected 2024-03-25"
Priya Raghunathan,Investor,C027,Nortonbury Logistics,direct,,Zaid Fontaine,Chief Operating Officer,2024-11-24,,0.546,no,3,0.455,0,"connections_raghunathan.csv: Zaid Fontaine, Chief Operating Officer at Nortonbury Logistics, connected 2024-11-24"
Priya Raghunathan,Investor,C027,Nortonbury Logistics,investor,no,CEO / exec team,Redtree Capital portfolio company,,,0.720,no,3,0.455,0,"investor_network.csv: Priya Raghunathan (Partner, Redtree Capital), portfolio_company=Nortonbury Logistics, board_seat=False"
Amara Brenneman-Fairweather,investor network,C027,Nortonbury Logistics,investor_network,yes,CEO / exec team,Redtree Capital board seat,,,0.900,unknown,2,0.380,0,"investor_network.csv: Amara Brenneman-Fairweather (Growth equity investor), portfolio_company=Nortonbury Logistics, board_seat=True"
Perrine Brenneman-Wexford,investor network,C027,Nortonbury Logistics,investor_network,no,CEO / exec team,Meridian Peak Partners portfolio company,,,0.720,unknown,2,0.380,1,"investor_network.csv: Perrine Brenneman-Wexford (Private equity investor), portfolio_company=Nortonbury Logistics, board_seat=False"
Renata Halloran-Quillane,investor network,C027,Nortonbury Logistics,investor_network,no,CEO / exec team,Redtree Capital portfolio company,,,0.720,unknown,2,0.380,1,"investor_network.csv: Renata Halloran-Quillane (Growth equity investor), portfolio_company=Nortonbury Logistics, board_seat=False"
Freya Oldfield-Ibarra,investor network,C028,Osric Networks,investor_network,no,CEO / exec team,Ashgrove Capital portfolio company,,,0.720,unknown,2,0.380,2,"investor_network.csv: Freya Oldfield-Ibarra (Venture capital investor), portfolio_company=Osric Networks, board_seat=False"
Malik Thackeray-Okonkwo,investor network,C028,Osric Networks,investor_network,yes,CEO / exec team,Meridian Peak Partners board seat,,,0.900,unknown,2,0.380,2,"investor_network.csv: Malik Thackeray-Okonkwo (Private equity investor), portfolio_company=Osric Networks, board_seat=True"
Perrine Brenneman-Wexford,investor network,C028,Osric Networks,investor_network,no,CEO / exec team,Meridian Peak Partners portfolio company,,,0.720,unknown,2,0.380,1,"investor_network.csv: Perrine Brenneman-Wexford (Private equity investor), portfolio_company=Osric Networks, board_seat=False"
Elena Duvall,Advisor,C028,Osric Networks,offer,,,Chief Data Officer,2026-03-27,165,0.800,no,3,0.360,0,"slack_threads.jsonl R1163 2026-03-27 Elena Duvall: ""I met their Chief Data Officer at a conference last spring, happy to reach out"""
Priya Raghunathan,Investor,C028,Osric Networks,offer,,,exec team,2026-01-16,235,0.800,no,3,0.455,0,"slack_threads.jsonl R1167 2026-01-16 Priya Raghunathan: ""I'll take this one — I've got a direct line to their exec team"""
Imani Mkhize,not on roster,C029,Pelham Beverage,offer,,,Head of Platform,2026-04-05,156,0.800,unknown,2,0.469,2,"slack_threads.jsonl R1176 2026-04-05 Imani Mkhize: ""their Head of Platform reports to someone I've known for a decade, leave it with me"""
Elena Duvall,Advisor,C031,Priorwood Chemicals,alumni,,Curtis Marchetti,"ex-Priorwood Chemicals (2010-2017), now VP Enterprise Architecture at Priorwood Chemicals",2014-02-22,,0.187,yes,3,0.360,0,investor_network.csv: Curtis Marchetti prior_employer=Priorwood Chemicals (2010-2017); connections_duvall.csv: connection of Elena Duvall since 2014-02-22
Marcus Aldridge,Advisor,C031,Priorwood Chemicals,alumni,,Margot Havercamp,"ex-Priorwood Chemicals (2011-2017), now Director of Software Engineering at Priorwood Chemicals",2014-03-11,,0.187,no,4,0.347,0,investor_network.csv: Margot Havercamp prior_employer=Priorwood Chemicals (2011-2017); connections_aldridge.csv: connection of Marcus Aldridge since 2014-03-11
Tomás Beckett,Internal,C031,Priorwood Chemicals,alumni,,Curtis Marchetti,"ex-Priorwood Chemicals (2010-2017), now VP Enterprise Architecture at Priorwood Chemicals",2014-07-13,,0.187,no,8,0.357,0,investor_network.csv: Curtis Marchetti prior_employer=Priorwood Chemicals (2010-2017); connections_beckett.csv: connection of Tomás Beckett since 2014-07-13
Tomás Beckett,Internal,C031,Priorwood Chemicals,alumni,,Margot Havercamp,"ex-Priorwood Chemicals (2011-2017), now Director of Software Engineering at Priorwood Chemicals",2015-01-12,,0.187,no,8,0.357,0,investor_network.csv: Margot Havercamp prior_employer=Priorwood Chemicals (2011-2017); connections_beckett.csv: connection of Tomás Beckett since 2015-01-12
Elena Duvall,Advisor,C031,Priorwood Chemicals,direct,,Curtis Marchetti,VP Enterprise Architecture,2014-02-22,,0.300,yes,3,0.360,0,"connections_duvall.csv: Curtis Marchetti, VP Enterprise Architecture at Priorwood Chemicals, connected 2014-02-22"
Marcus Aldridge,Advisor,C031,Priorwood Chemicals,direct,,Margot Havercamp,Director of Software Engineering,2014-03-11,,0.271,no,4,0.347,0,"connections_aldridge.csv: Margot Havercamp, Director of Software Engineering at Priorwood Chemicals, connected 2014-03-11"
Tomás Beckett,Internal,C031,Priorwood Chemicals,direct,,Curtis Marchetti,VP Enterprise Architecture,2014-07-13,,0.300,no,8,0.357,0,"connections_beckett.csv: Curtis Marchetti, VP Enterprise Architecture at Priorwood Chemicals, connected 2014-07-13"
Tomás Beckett,Internal,C031,Priorwood Chemicals,direct,,Margot Havercamp,Director of Software Engineering,2015-01-12,,0.271,no,8,0.357,0,"connections_beckett.csv: Margot Havercamp, Director of Software Engineering at Priorwood Chemicals, connected 2015-01-12"
Otto Cathcart-Brenneman,investor network,C031,Priorwood Chemicals,investor_network,yes,CEO / exec team,Ashgrove Capital board seat,,,0.900,unknown,2,0.380,0,"investor_network.csv: Otto Cathcart-Brenneman (Venture capital investor), portfolio_company=Priorwood Chemicals, board_seat=True"
Elena Duvall,Advisor,C032,Quillon Pharma,alumni,,Kian Merriweather,"ex-Quillon Pharma (2012-2018), now VP Engineering at Quillon Pharma",2017-10-15,,0.202,no,3,0.360,0,investor_network.csv: Kian Merriweather prior_employer=Quillon Pharma (2012-2018); connections_duvall.csv: connection of Elena Duvall since 2017-10-15
Marcus Aldridge,Advisor,C032,Quillon Pharma,alumni,,Casper Bellinger,"ex-Quillon Pharma (2012-2017), now VP Enterprise Architecture at Quillon Pharma",2014-02-24,,0.187,no,4,0.347,0,investor_network.csv: Casper Bellinger prior_employer=Quillon Pharma (2012-2017); connections_aldridge.csv: connection of Marcus Aldridge since 2014-02-24
Owen Trask,Investor,C032,Quillon Pharma,alumni,,Kian Merriweather,"ex-Quillon Pharma (2012-2018), now VP Engineering at Quillon Pharma",2016-12-15,,0.187,no,2,0.253,0,investor_network.csv: Kian Merriweather prior_employer=Quillon Pharma (2012-2018); connections_trask.csv: connection of Owen Trask since 2016-12-15
Priya Raghunathan,Investor,C032,Quillon Pharma,alumni,,Casper Bellinger,"ex-Quillon Pharma (2012-2017), now VP Enterprise Architecture at Quillon Pharma",2015-11-21,,0.187,no,3,0.455,0,investor_network.csv: Casper Bellinger prior_employer=Quillon Pharma (2012-2017); connections_raghunathan.csv: connection of Priya Raghunathan since 2015-11-21
Elena Duvall,Advisor,C032,Quillon Pharma,direct,,Kian Merriweather,VP Engineering,2017-10-15,,0.269,no,3,0.360,0,"connections_duvall.csv: Kian Merriweather, VP Engineering at Quillon Pharma, connected 2017-10-15"
Elena Duvall,Advisor,C032,Quillon Pharma,direct,,Mei Ferreira,Chief Information Officer,2023-05-10,,0.519,no,3,0.360,0,"connections_duvall.csv: Mei Ferreira, Chief Information Officer at Quillon Pharma, connected 2023-05-10"
Marcus Aldridge,Advisor,C032,Quillon Pharma,direct,,Casper Bellinger,VP Enterprise Architecture,2014-02-24,,0.300,no,4,0.347,0,"connections_aldridge.csv: Casper Bellinger, VP Enterprise Architecture at Quillon Pharma, connected 2014-02-24"
Marcus Aldridge,Advisor,C032,Quillon Pharma,direct,,Renata Petrossian,Chief Data Officer,2025-02-05,,0.573,no,4,0.347,0,"connections_aldridge.csv: Renata Petrossian, Chief Data Officer at Quillon Pharma, connected 2025-02-05"
Owen Trask,Investor,C032,Quillon Pharma,direct,,Kian Merriweather,VP Engineering,2016-12-15,,0.248,no,2,0.253,0,"connections_trask.csv: Kian Merriweather, VP Engineering at Quillon Pharma, connected 2016-12-15"
Owen Trask,Investor,C032,Quillon Pharma,direct,,Mei Ferreira,Chief Information Officer,2024-08-05,,0.546,no,2,0.253,0,"connections_trask.csv: Mei Ferreira, Chief Information Officer at Quillon Pharma, connected 2024-08-05"
Priya Raghunathan,Investor,C032,Quillon Pharma,direct,,Casper Bellinger,VP Enterprise Architecture,2015-11-21,,0.300,no,3,0.455,0,"connections_raghunathan.csv: Casper Bellinger, VP Enterprise Architecture at Quillon Pharma, connected 2015-11-21"
Tomás Beckett,Internal,C032,Quillon Pharma,direct,,Renata Petrossian,Chief Data Officer,2026-10-13,,0.600,no,8,0.357,0,"connections_beckett.csv: Renata Petrossian, Chief Data Officer at Quillon Pharma, connected 2026-10-13"
Matteo Ferreira-Yarrow,investor network,C032,Quillon Pharma,investor_network,no,CEO / exec team,Ironvale Partners portfolio company,,,0.720,unknown,2,0.380,0,"investor_network.csv: Matteo Ferreira-Yarrow (Private equity investor), portfolio_company=Quillon Pharma, board_seat=False"
Otto Cathcart-Brenneman,investor network,C032,Quillon Pharma,investor_network,no,CEO / exec team,Ashgrove Capital portfolio company,,,0.720,unknown,2,0.380,0,"investor_network.csv: Otto Cathcart-Brenneman (Venture capital investor), portfolio_company=Quillon Pharma, board_seat=False"
Xiomara Achterberg-Norrington,investor network,C032,Quillon Pharma,investor_network,no,CEO / exec team,Northgate Growth portfolio company,,,0.720,unknown,2,0.380,1,"investor_network.csv: Xiomara Achterberg-Norrington (Growth equity investor), portfolio_company=Quillon Pharma, board_seat=False"
Owen Trask,Investor,C033,Ravensmoor Defense,offer,,,Head of Platform,2025-10-26,317,0.800,no,2,0.253,0,"slack_threads.jsonl R1109 2025-10-26 Owen Trask: ""their Head of Platform reports to someone I've known for a decade, leave it with me"""
Owen Trask,Investor,C035,Silverbrook Paper,direct,,Elena Rushworth,Head of Automation,2019-11-27,,0.356,no,2,0.253,0,"connections_trask.csv: Elena Rushworth, Head of Automation at Silverbrook Paper, connected 2019-11-27"
Elena Duvall,Advisor,C036,Strathmore Holdings,alumni,,Bertrand Lomsadze,"ex-Strathmore Rail (2013-2017), now Chief Digital Officer at Strathmore Rail",2017-03-25,,0.202,no,3,0.360,0,investor_network.csv: Bertrand Lomsadze prior_employer=Strathmore Rail (2013-2017); connections_duvall.csv: connection of Elena Duvall since 2017-03-25
Elena Duvall,Advisor,C036,Strathmore Holdings,alumni,,Yusuf Vasquez,"ex-Strathmore Rail (2014-2017), now Director of Software Engineering at Strathmore Rail",2015-02-06,,0.187,no,3,0.360,0,investor_network.csv: Yusuf Vasquez prior_employer=Strathmore Rail (2014-2017); connections_duvall.csv: connection of Elena Duvall since 2015-02-06
Marcus Aldridge,Advisor,C036,Strathmore Holdings,alumni,,Tomás Dobrescu,"ex-Strathmore Rail (2013-2018), now VP Engineering at Strathmore Rail",2018-12-16,,0.218,no,4,0.347,0,investor_network.csv: Tomás Dobrescu prior_employer=Strathmore Rail (2013-2018); connections_aldridge.csv: connection of Marcus Aldridge since 2018-12-16
Marcus Aldridge,Advisor,C036,Strathmore Holdings,alumni,,Yusuf Vasquez,"ex-Strathmore Rail (2014-2017), now Director of Software Engineering at Strathmore Rail",2015-08-28,,0.187,no,4,0.347,0,investor_network.csv: Yusuf Vasquez prior_employer=Strathmore Rail (2014-2017); connections_aldridge.csv: connection of Marcus Aldridge since 2015-08-28
Tomás Beckett,Internal,C036,Strathmore Holdings,alumni,,Bertrand Lomsadze,"ex-Strathmore Rail (2013-2017), now Chief Digital Officer at Strathmore Rail",2015-09-22,,0.187,no,8,0.357,0,investor_network.csv: Bertrand Lomsadze prior_employer=Strathmore Rail (2013-2017); connections_beckett.csv: connection of Tomás Beckett since 2015-09-22
Tomás Beckett,Internal,C036,Strathmore Holdings,alumni,,Tomás Dobrescu,"ex-Strathmore Rail (2013-2018), now VP Engineering at Strathmore Rail",2017-12-20,,0.202,no,8,0.357,0,investor_network.csv: Tomás Dobrescu prior_employer=Strathmore Rail (2013-2018); connections_beckett.csv: connection of Tomás Beckett since 2017-12-20
Elena Duvall,Advisor,C036,Strathmore Holdings,direct,,Bertrand Lomsadze,Chief Digital Officer,2017-03-25,,0.357,no,3,0.360,0,"connections_duvall.csv: Bertrand Lomsadze, Chief Digital Officer at Strathmore Rail, connected 2017-03-25"
Elena Duvall,Advisor,C036,Strathmore Holdings,direct,,Yusuf Vasquez,Director of Software Engineering,2015-02-06,,0.271,no,3,0.360,0,"connections_duvall.csv: Yusuf Vasquez, Director of Software Engineering at Strathmore Rail, connected 2015-02-06"
Marcus Aldridge,Advisor,C036,Strathmore Holdings,direct,,Tomás Dobrescu,VP Engineering,2018-12-16,,0.289,no,4,0.347,0,"connections_aldridge.csv: Tomás Dobrescu, VP Engineering at Strathmore Rail, connected 2018-12-16"
Marcus Aldridge,Advisor,C036,Strathmore Holdings,direct,,Yusuf Vasquez,Director of Software Engineering,2015-08-28,,0.271,no,4,0.347,0,"connections_aldridge.csv: Yusuf Vasquez, Director of Software Engineering at Strathmore Rail, connected 2015-08-28"
Tomás Beckett,Internal,C036,Strathmore Holdings,direct,,Bertrand Lomsadze,Chief Digital Officer,2015-09-22,,0.330,no,8,0.357,0,"connections_beckett.csv: Bertrand Lomsadze, Chief Digital Officer at Strathmore Rail, connected 2015-09-22"
Tomás Beckett,Internal,C036,Strathmore Holdings,direct,,Tomás Dobrescu,VP Engineering,2017-12-20,,0.269,no,8,0.357,0,"connections_beckett.csv: Tomás Dobrescu, VP Engineering at Strathmore Rail, connected 2017-12-20"
Freya Oldfield-Ibarra,investor network,C036,Strathmore Holdings,investor_network,no,CEO / exec team,Ashgrove Capital portfolio company,,,0.720,unknown,2,0.380,2,"investor_network.csv: Freya Oldfield-Ibarra (Venture capital investor), portfolio_company=Strathmore Rail, board_seat=False"
Nadia Okonkwo,not on roster,C037,Sundermere Bank,offer,,,Head of Platform,2025-10-13,330,0.800,unknown,2,0.380,1,"slack_threads.jsonl R1034 2025-10-13 Nadia Okonkwo: ""their Head of Platform reports to someone I've known for a decade, leave it with me"""
Owen Trask,Investor,C038,Tessellate Payments,alumni,,Ilse Mkhize,"ex-Tessellate Payments (2012-2017), now VP Data & Analytics at Tessellate Payments",2016-08-13,,0.187,yes,2,0.253,0,investor_network.csv: Ilse Mkhize prior_employer=Tessellate Payments (2012-2017); connections_trask.csv: connection of Owen Trask since 2016-08-13
Priya Raghunathan,Investor,C038,Tessellate Payments,alumni,,Ilse Mkhize,"ex-Tessellate Payments (2012-2017), now VP Data & Analytics at Tessellate Payments",2016-10-11,,0.187,yes,3,0.455,0,investor_network.csv: Ilse Mkhize prior_employer=Tessellate Payments (2012-2017); connections_raghunathan.csv: connection of Priya Raghunathan since 2016-10-11
Owen Trask,Investor,C038,Tessellate Payments,direct,,Ilse Mkhize,VP Data & Analytics,2016-08-13,,0.308,yes,2,0.253,0,"connections_trask.csv: Ilse Mkhize, VP Data & Analytics at Tessellate Payments, connected 2016-08-13"
Owen Trask,Investor,C038,Tessellate Payments,direct,,Mei Dobrescu,Engineering Manager,2022-01-05,,0.359,yes,2,0.253,0,"connections_trask.csv: Mei Dobrescu, Engineering Manager at Tessellate Payments, connected 2022-01-05"
Priya Raghunathan,Investor,C038,Tessellate Payments,direct,,Ilse Mkhize,VP Data & Analytics,2016-10-11,,0.308,yes,3,0.455,0,"connections_raghunathan.csv: Ilse Mkhize, VP Data & Analytics at Tessellate Payments, connected 2016-10-11"
Priya Raghunathan,Investor,C038,Tessellate Payments,direct,,Mei Dobrescu,Engineering Manager,2021-04-17,,0.339,yes,3,0.455,0,"connections_raghunathan.csv: Mei Dobrescu, Engineering Manager at Tessellate Payments, connected 2021-04-17"
Marcus Aldridge,Advisor,C041,Vantage Ridge Utilities,direct,,Sabine Dellinger,Chief Data Officer,2022-12-23,,0.492,yes,4,0.347,0,"connections_aldridge.csv: Sabine Dellinger, Chief Data Officer at Vantage Ridge Utilities, connected 2022-12-23"
Tomás Beckett,Internal,C041,Vantage Ridge Utilities,direct,,Sabine Dellinger,Chief Data Officer,2024-11-09,,0.546,no,8,0.357,0,"connections_beckett.csv: Sabine Dellinger, Chief Data Officer at Vantage Ridge Utilities, connected 2024-11-09"
Ravi Underhill-Halloran,investor network,C041,Vantage Ridge Utilities,investor_network,no,CEO / exec team,Blackwood Ventures portfolio company,,,0.720,unknown,2,0.380,2,"investor_network.csv: Ravi Underhill-Halloran (Venture capital investor), portfolio_company=Vantage Ridge Utilities, board_seat=False"
Bertrand Achterberg-Quillane,investor network,C042,Volney Industrial Systems,investor_network,no,CEO / exec team,Ashgrove Capital portfolio company,,,0.720,unknown,2,0.380,0,"investor_network.csv: Bertrand Achterberg-Quillane (Venture capital investor), portfolio_company=Volney Industrial Systems, board_seat=False"
Curtis Sandoval-Glückstein,investor network,C042,Volney Industrial Systems,investor_network,yes,CEO / exec team,Thornbury Equity board seat,,,0.900,unknown,2,0.380,0,"investor_network.csv: Curtis Sandoval-Glückstein (Private equity investor), portfolio_company=Volney Industrial Systems, board_seat=True"
Freya Oldfield-Ibarra,investor network,C042,Volney Industrial Systems,investor_network,no,CEO / exec team,Ashgrove Capital portfolio company,,,0.720,unknown,2,0.380,2,"investor_network.csv: Freya Oldfield-Ibarra (Venture capital investor), portfolio_company=Volney Industrial Systems, board_seat=False"
Priya Dobrescu-Prendergast,investor network,C042,Volney Industrial Systems,investor_network,no,CEO / exec team,Thornbury Equity portfolio company,,,0.720,unknown,2,0.380,2,"investor_network.csv: Priya Dobrescu-Prendergast (Private equity investor), portfolio_company=Volney Industrial Systems, board_seat=False"
Priya Raghunathan,Investor,C043,Wrenfield Robotics,alumni,,Saoirse Prendergast,"ex-Wrenfield Robotics (2012-2015), now Head of Platform Engineering at Wrenfield Robotics",2014-01-26,,0.187,yes,3,0.455,0,investor_network.csv: Saoirse Prendergast prior_employer=Wrenfield Robotics (2012-2015); connections_raghunathan.csv: connection of Priya Raghunathan since 2014-01-26
Priya Raghunathan,Investor,C043,Wrenfield Robotics,direct,,Saoirse Prendergast,Head of Platform Engineering,2014-01-26,,0.285,yes,3,0.455,0,"connections_raghunathan.csv: Saoirse Prendergast, Head of Platform Engineering at Wrenfield Robotics, connected 2014-01-26"
Matteo Ferreira-Yarrow,investor network,C043,Wrenfield Robotics,investor_network,no,CEO / exec team,Ironvale Partners portfolio company,,,0.720,unknown,2,0.380,0,"investor_network.csv: Matteo Ferreira-Yarrow (Private equity investor), portfolio_company=Wrenfield Robotics, board_seat=False"
Priya Raghunathan,Investor,C044,Yarrowdale Media,direct,,Bertrand Cardoso,Director of IT,2022-11-15,,0.415,no,3,0.455,0,"connections_raghunathan.csv: Bertrand Cardoso, Director of IT at Yarrowdale Media, connected 2022-11-15"
Tomás Beckett,Internal,C044,Yarrowdale Media,direct,,Bertrand Cardoso,Director of IT,2024-10-15,,0.460,yes,8,0.357,0,"connections_beckett.csv: Bertrand Cardoso, Director of IT at Yarrowdale Media, connected 2024-10-15"
Hugo Fairweather-Højgaard,investor network,C044,Yarrowdale Media,investor_network,yes,CEO / exec team,Northgate Growth board seat,,,0.900,unknown,2,0.380,2,"investor_network.csv: Hugo Fairweather-Højgaard (Growth equity investor), portfolio_company=Yarrowdale Media, board_seat=True"
Bertrand Vandermolen,not on roster,C044,Yarrowdale Media,offer,,,Chief Information Officer,2026-07-10,60,0.800,unknown,2,0.326,2,"slack_threads.jsonl R1169 2026-07-10 Bertrand Vandermolen: ""I met their Chief Information Officer at a conference last spring, happy to reach out"""
Marcus Aldridge,Advisor,C045,Redtree Foods,alumni,,Niall Grimsby,"ex-Redtree Foods (2013-2019), now Chief Data Officer at Redtree Foods",2020-02-25,,0.248,unknown,4,0.347,0,investor_network.csv: Niall Grimsby prior_employer=Redtree Foods (2013-2019); connections_aldridge.csv: connection of Marcus Aldridge since 2020-02-25
Owen Trask,Investor,C045,Redtree Foods,alumni,,Niall Grimsby,"ex-Redtree Foods (2013-2019), now Chief Data Officer at Redtree Foods",2017-11-17,,0.202,unknown,2,0.253,0,investor_network.csv: Niall Grimsby prior_employer=Redtree Foods (2013-2019); connections_trask.csv: connection of Owen Trask since 2017-11-17
Priya Raghunathan,Investor,C045,Redtree Foods,alumni,,Coretta Bellinger,"ex-Redtree Foods (2012-2016), now VP Data & Analytics at Redtree Foods",2014-07-03,,0.187,unknown,3,0.455,0,investor_network.csv: Coretta Bellinger prior_employer=Redtree Foods (2012-2016); connections_raghunathan.csv: connection of Priya Raghunathan since 2014-07-03
Marcus Aldridge,Advisor,C045,Redtree Foods,direct,,Niall Grimsby,Chief Data Officer,2020-02-25,,0.438,unknown,4,0.347,0,"connections_aldridge.csv: Niall Grimsby, Chief Data Officer at Redtree Foods, connected 2020-02-25"
Owen Trask,Investor,C045,Redtree Foods,direct,,Niall Grimsby,Chief Data Officer,2017-11-17,,0.357,unknown,2,0.253,0,"connections_trask.csv: Niall Grimsby, Chief Data Officer at Redtree Foods, connected 2017-11-17"
Priya Raghunathan,Investor,C045,Redtree Foods,direct,,Coretta Bellinger,VP Data & Analytics,2014-07-03,,0.308,unknown,3,0.455,0,"connections_raghunathan.csv: Coretta Bellinger, VP Data & Analytics at Redtree Foods, connected 2014-07-03"
Priya Raghunathan,Investor,C045,Redtree Foods,investor,no,CEO / exec team,Redtree Capital portfolio company,,,0.720,unknown,3,0.455,0,"investor_network.csv: Priya Raghunathan (Partner, Redtree Capital), portfolio_company=Redtree Foods, board_seat=False"
Renata Halloran-Quillane,investor network,C045,Redtree Foods,investor_network,no,CEO / exec team,Redtree Capital portfolio company,,,0.720,unknown,2,0.380,1,"investor_network.csv: Renata Halloran-Quillane (Growth equity investor), portfolio_company=Redtree Foods, board_seat=False"
Dana Whitfield,Internal,C045,Redtree Foods,offer,,,VP Enterprise Architecture,2026-03-03,189,0.800,unknown,6,0.428,0,"slack_threads.jsonl R1003 2026-03-03 Dana Whitfield: ""I met their VP Enterprise Architecture at a conference last spring, happy to reach out"""
Elena Duvall,Advisor,C046,Vireo Systems,direct,,Arjun Cathcart,Head of Developer Productivity,2026-01-23,,0.519,unknown,3,0.360,0,"connections_duvall.csv: Arjun Cathcart, Head of Developer Productivity at Vireo Systems, connected 2026-01-23"
Marcus Aldridge,Advisor,C046,Vireo Systems,direct,,Arjun Cathcart,Head of Developer Productivity,2025-10-27,,0.496,unknown,4,0.347,0,"connections_aldridge.csv: Arjun Cathcart, Head of Developer Productivity at Vireo Systems, connected 2025-10-27"
Priya Raghunathan,Investor,C046,Vireo Systems,investor,yes,CEO / exec team,Redtree Capital board seat,,,0.900,unknown,3,0.455,0,"investor_network.csv: Priya Raghunathan (Partner, Redtree Capital), portfolio_company=Vireo Systems, board_seat=True"
Amara Brenneman-Fairweather,investor network,C046,Vireo Systems,investor_network,no,CEO / exec team,Redtree Capital portfolio company,,,0.720,unknown,2,0.380,0,"investor_network.csv: Amara Brenneman-Fairweather (Growth equity investor), portfolio_company=Vireo Systems, board_seat=False"
Dana Whitfield,Internal,C047,Quintrell Advisory,direct,,Amara Cardoso,Engineering Manager,2024-02-09,,0.399,unknown,6,0.428,0,"connections_whitfield.csv: Amara Cardoso, Engineering Manager at Quintrell Advisory, connected 2024-02-09"
Dana Whitfield,Internal,C047,Quintrell Advisory,direct,,Amara Norrington,Head of Innovation,2025-05-04,,0.496,unknown,6,0.428,0,"connections_whitfield.csv: Amara Norrington, Head of Innovation at Quintrell Advisory, connected 2025-05-04"
Dana Whitfield,Internal,C047,Quintrell Advisory,direct,,Anouk Quillane,Head of Innovation,2022-07-06,,0.426,unknown,6,0.428,0,"connections_whitfield.csv: Anouk Quillane, Head of Innovation at Quintrell Advisory, connected 2022-07-06"
Dana Whitfield,Internal,C047,Quintrell Advisory,direct,,Ansel Havercamp,Head of Platform Engineering,2020-11-28,,0.379,unknown,6,0.428,0,"connections_whitfield.csv: Ansel Havercamp, Head of Platform Engineering at Quintrell Advisory, connected 2020-11-28"
Dana Whitfield,Internal,C047,Quintrell Advisory,direct,,Ansel Zubkov,Product Director,2018-04-17,,0.324,unknown,6,0.428,0,"connections_whitfield.csv: Ansel Zubkov, Product Director at Quintrell Advisory, connected 2018-04-17"
Dana Whitfield,Internal,C047,Quintrell Advisory,direct,,Astrid Quillane,"Senior Manager, Engineering",2023-10-01,,0.391,unknown,6,0.428,0,"connections_whitfield.csv: Astrid Quillane, Senior Manager, Engineering at Quintrell Advisory, connected 2023-10-01"
Dana Whitfield,Internal,C047,Quintrell Advisory,direct,,Callum Ferreira,Platform Lead,2015-12-27,,0.256,unknown,6,0.428,0,"connections_whitfield.csv: Callum Ferreira, Platform Lead at Quintrell Advisory, connected 2015-12-27"
Dana Whitfield,Internal,C047,Quintrell Advisory,direct,,Casper Achterberg,Program Manager,2017-11-03,,0.253,unknown,6,0.428,0,"connections_whitfield.csv: Casper Achterberg, Program Manager at Quintrell Advisory, connected 2017-11-03"
Dana Whitfield,Internal,C047,Quintrell Advisory,direct,,Coretta Balogun,Chief Data Officer,2016-01-31,,0.330,unknown,6,0.428,0,"connections_whitfield.csv: Coretta Balogun, Chief Data Officer at Quintrell Advisory, connected 2016-01-31"
Dana Whitfield,Internal,C047,Quintrell Advisory,direct,,Desmond Havercamp,"Senior Manager, Engineering",2024-08-22,,0.411,unknown,6,0.428,0,"connections_whitfield.csv: Desmond Havercamp, Senior Manager, Engineering at Quintrell Advisory, connected 2024-08-22"
Dana Whitfield,Internal,C047,Quintrell Advisory,direct,,Dev Isenberg,Program Manager,2016-06-30,,0.233,unknown,6,0.428,0,"connections_whitfield.csv: Dev Isenberg, Program Manager at Quintrell Advisory, connected 2016-06-30"
Dana Whitfield,Internal,C047,Quintrell Advisory,direct,,Devin Eastcott,"Senior Manager, Engineering",2023-11-05,,0.391,unknown,6,0.428,0,"connections_whitfield.csv: Devin Eastcott, Senior Manager, Engineering at Quintrell Advisory, connected 2023-11-05"
Dana Whitfield,Internal,C047,Quintrell Advisory,direct,,Duarte Jarrold,Chief Operating Officer,2024-04-02,,0.546,unknown,6,0.428,0,"connections_whitfield.csv: Duarte Jarrold, Chief Operating Officer at Quintrell Advisory, connected 2024-04-02"
Dana Whitfield,Internal,C047,Quintrell Advisory,direct,,Elena Lomsadze,Platform Lead,2021-11-18,,0.360,unknown,6,0.428,0,"connections_whitfield.csv: Elena Lomsadze, Platform Lead at Quintrell Advisory, connected 2021-11-18"
Dana Whitfield,Internal,C047,Quintrell Advisory,direct,,Espen Crowther,Head of Innovation,2019-05-16,,0.356,unknown,6,0.428,0,"connections_whitfield.csv: Espen Crowther, Head of Innovation at Quintrell Advisory, connected 2019-05-16"
Dana Whitfield,Internal,C047,Quintrell Advisory,direct,,Fenella Salcedo,Platform Lead,2019-03-20,,0.319,unknown,6,0.428,0,"connections_whitfield.csv: Fenella Salcedo, Platform Lead at Quintrell Advisory, connected 2019-03-20"
Dana Whitfield,Internal,C047,Quintrell Advisory,direct,,Gideon Jarrold,Director of IT,2025-04-16,,0.483,unknown,6,0.428,0,"connections_whitfield.csv: Gideon Jarrold, Director of IT at Quintrell Advisory, connected 2025-04-16"
Dana Whitfield,Internal,C047,Quintrell Advisory,direct,,Gideon Lindqvist,Product Director,2019-08-10,,0.346,unknown,6,0.428,0,"connections_whitfield.csv: Gideon Lindqvist, Product Director at Quintrell Advisory, connected 2019-08-10"
Dana Whitfield,Internal,C047,Quintrell Advisory,direct,,Greta Marchetti,VP Engineering,2016-02-10,,0.248,unknown,6,0.428,0,"connections_whitfield.csv: Greta Marchetti, VP Engineering at Quintrell Advisory, connected 2016-02-10"
Dana Whitfield,Internal,C047,Quintrell Advisory,direct,,Greta Nakashima,SVP Digital,2016-01-17,,0.308,unknown,6,0.428,0,"connections_whitfield.csv: Greta Nakashima, SVP Digital at Quintrell Advisory, connected 2016-01-17"
Dana Whitfield,Internal,C047,Quintrell Advisory,direct,,Hana Rushworth,Head of Innovation,2024-10-28,,0.472,unknown,6,0.428,0,"connections_whitfield.csv: Hana Rushworth, Head of Innovation at Quintrell Advisory, connected 2024-10-28"
Dana Whitfield,Internal,C047,Quintrell Advisory,direct,,Hugo Zettergren,Product Director,2025-03-04,,0.483,unknown,6,0.428,0,"connections_whitfield.csv: Hugo Zettergren, Product Director at Quintrell Advisory, connected 2025-03-04"
Dana Whitfield,Internal,C047,Quintrell Advisory,direct,,Kofi Oyelaran,VP Data & Analytics,2018-06-01,,0.358,unknown,6,0.428,0,"connections_whitfield.csv: Kofi Oyelaran, VP Data & Analytics at Quintrell Advisory, connected 2018-06-01"
Dana Whitfield,Internal,C047,Quintrell Advisory,direct,,Liesel Ingleby,Principal Architect,2016-10-25,,0.256,unknown,6,0.428,0,"connections_whitfield.csv: Liesel Ingleby, Principal Architect at Quintrell Advisory, connected 2016-10-25"
Dana Whitfield,Internal,C047,Quintrell Advisory,direct,,Lucia Havercamp,Head of Automation,2023-05-01,,0.449,unknown,6,0.428,0,"connections_whitfield.csv: Lucia Havercamp, Head of Automation at Quintrell Advisory, connected 2023-05-01"
Dana Whitfield,Internal,C047,Quintrell Advisory,direct,,Margot Hartigan,Platform Lead,2019-07-06,,0.319,unknown,6,0.428,0,"connections_whitfield.csv: Margot Hartigan, Platform Lead at Quintrell Advisory, connected 2019-07-06"
Dana Whitfield,Internal,C047,Quintrell Advisory,direct,,Mei Ibarra,Platform Lead,2020-05-04,,0.339,unknown,6,0.428,0,"connections_whitfield.csv: Mei Ibarra, Platform Lead at Quintrell Advisory, connected 2020-05-04"
Dana Whitfield,Internal,C047,Quintrell Advisory,direct,,Nadia Vandermolen,"Senior Manager, Engineering",2025-05-31,,0.431,unknown,6,0.428,0,"connections_whitfield.csv: Nadia Vandermolen, Senior Manager, Engineering at Quintrell Advisory, connected 2025-05-31"
Dana Whitfield,Internal,C047,Quintrell Advisory,direct,,Niall Underhill,Staff Engineer,2018-10-05,,0.263,unknown,6,0.428,0,"connections_whitfield.csv: Niall Underhill, Staff Engineer at Quintrell Advisory, connected 2018-10-05"
Dana Whitfield,Internal,C047,Quintrell Advisory,direct,,Noor Kettleborough,Engineering Manager,2020-07-19,,0.320,unknown,6,0.428,0,"connections_whitfield.csv: Noor Kettleborough, Engineering Manager at Quintrell Advisory, connected 2020-07-19"
Dana Whitfield,Internal,C047,Quintrell Advisory,direct,,Otto Okonkwo,Director of IT,2022-08-21,,0.415,unknown,6,0.428,0,"connections_whitfield.csv: Otto Okonkwo, Director of IT at Quintrell Advisory, connected 2022-08-21"
Dana Whitfield,Internal,C047,Quintrell Advisory,direct,,Rafael Achterberg,Director of IT,2023-07-27,,0.437,unknown,6,0.428,0,"connections_whitfield.csv: Rafael Achterberg, Director of IT at Quintrell Advisory, connected 2023-07-27"
Dana Whitfield,Internal,C047,Quintrell Advisory,direct,,Rafael Nakashima,Engineering Manager,2022-11-12,,0.359,unknown,6,0.428,0,"connections_whitfield.csv: Rafael Nakashima, Engineering Manager at Quintrell Advisory, connected 2022-11-12"
Dana Whitfield,Internal,C047,Quintrell Advisory,direct,,Ravi Nakashima,Staff Engineer,2021-06-07,,0.319,unknown,6,0.428,0,"connections_whitfield.csv: Ravi Nakashima, Staff Engineer at Quintrell Advisory, connected 2021-06-07"
Dana Whitfield,Internal,C047,Quintrell Advisory,direct,,Ravi Underhill,Chief Data Officer,2017-05-26,,0.357,unknown,6,0.428,0,"connections_whitfield.csv: Ravi Underhill, Chief Data Officer at Quintrell Advisory, connected 2017-05-26"
Dana Whitfield,Internal,C047,Quintrell Advisory,direct,,Sabine Højgaard,Chief Data Officer,2019-04-11,,0.411,unknown,6,0.428,0,"connections_whitfield.csv: Sabine Højgaard, Chief Data Officer at Quintrell Advisory, connected 2019-04-11"
Dana Whitfield,Internal,C047,Quintrell Advisory,direct,,Saoirse Achterberg,Head of Platform Engineering,2024-08-24,,0.472,unknown,6,0.428,0,"connections_whitfield.csv: Saoirse Achterberg, Head of Platform Engineering at Quintrell Advisory, connected 2024-08-24"
Dana Whitfield,Internal,C047,Quintrell Advisory,direct,,Saoirse Sandoval,Principal Architect,2017-12-10,,0.277,unknown,6,0.428,0,"connections_whitfield.csv: Saoirse Sandoval, Principal Architect at Quintrell Advisory, connected 2017-12-10"
Dana Whitfield,Internal,C047,Quintrell Advisory,direct,,Silas Havercamp,Staff Engineer,2017-08-20,,0.245,unknown,6,0.428,0,"connections_whitfield.csv: Silas Havercamp, Staff Engineer at Quintrell Advisory, connected 2017-08-20"
Dana Whitfield,Internal,C047,Quintrell Advisory,direct,,Sunniva Ibarra,Director of IT,2022-12-06,,0.415,unknown,6,0.428,0,"connections_whitfield.csv: Sunniva Ibarra, Director of IT at Quintrell Advisory, connected 2022-12-06"
Dana Whitfield,Internal,C047,Quintrell Advisory,direct,,Tanvi Ashdown,Staff Engineer,2019-05-14,,0.282,unknown,6,0.428,0,"connections_whitfield.csv: Tanvi Ashdown, Staff Engineer at Quintrell Advisory, connected 2019-05-14"
Dana Whitfield,Internal,C047,Quintrell Advisory,direct,,Wren Dobrescu,VP Data & Analytics,2021-03-10,,0.434,unknown,6,0.428,0,"connections_whitfield.csv: Wren Dobrescu, VP Data & Analytics at Quintrell Advisory, connected 2021-03-10"
Dana Whitfield,Internal,C047,Quintrell Advisory,direct,,Xiomara Isenberg,Director of IT,2016-09-16,,0.278,unknown,6,0.428,0,"connections_whitfield.csv: Xiomara Isenberg, Director of IT at Quintrell Advisory, connected 2016-09-16"
Dana Whitfield,Internal,C047,Quintrell Advisory,direct,,Xiomara Underhill,Head of Platform Engineering,2020-08-18,,0.379,unknown,6,0.428,0,"connections_whitfield.csv: Xiomara Underhill, Head of Platform Engineering at Quintrell Advisory, connected 2020-08-18"
Dana Whitfield,Internal,C047,Quintrell Advisory,direct,,Yara Rushworth,Program Manager,2018-06-06,,0.272,unknown,6,0.428,0,"connections_whitfield.csv: Yara Rushworth, Program Manager at Quintrell Advisory, connected 2018-06-06"
Elena Duvall,Advisor,C047,Quintrell Advisory,direct,,Ansel Mkhize-Fairweather,Head of Innovation,2017-09-21,,0.309,unknown,3,0.360,0,"connections_duvall.csv: Ansel Mkhize-Fairweather, Head of Innovation at Quintrell Advisory, connected 2017-09-21"
Elena Duvall,Advisor,C047,Quintrell Advisory,direct,,Bertrand Thackeray-Nakashima,Head of Innovation,2023-06-21,,0.449,unknown,3,0.360,0,"connections_duvall.csv: Bertrand Thackeray-Nakashima, Head of Innovation at Quintrell Advisory, connected 2023-06-21"
Elena Duvall,Advisor,C047,Quintrell Advisory,direct,,Casper Bellinger-Grimsby,Principal Architect,2020-11-03,,0.339,unknown,3,0.360,0,"connections_duvall.csv: Casper Bellinger-Grimsby, Principal Architect at Quintrell Advisory, connected 2020-11-03"
Elena Duvall,Advisor,C047,Quintrell Advisory,direct,,Dev Hartigan-Jarrold,Head of Automation,2023-06-26,,0.449,unknown,3,0.360,0,"connections_duvall.csv: Dev Hartigan-Jarrold, Head of Automation at Quintrell Advisory, connected 2023-06-26"
Elena Duvall,Advisor,C047,Quintrell Advisory,direct,,Emeka Ingleby-Lomsadze,Staff Engineer,2018-06-03,,0.263,unknown,3,0.360,0,"connections_duvall.csv: Emeka Ingleby-Lomsadze, Staff Engineer at Quintrell Advisory, connected 2018-06-03"
Elena Duvall,Advisor,C047,Quintrell Advisory,direct,,Gideon Egerton-Fontaine,Engineering Manager,2018-07-30,,0.280,unknown,3,0.360,0,"connections_duvall.csv: Gideon Egerton-Fontaine, Engineering Manager at Quintrell Advisory, connected 2018-07-30"
Elena Duvall,Advisor,C047,Quintrell Advisory,direct,,Lucia Fairweather-Drummond,Chief Information Officer,2024-01-29,,0.546,unknown,3,0.360,0,"connections_duvall.csv: Lucia Fairweather-Drummond, Chief Information Officer at Quintrell Advisory, connected 2024-01-29"
Elena Duvall,Advisor,C047,Quintrell Advisory,direct,,Malik Thackeray-Nakashima,Director of Software Engineering,2025-02-06,,0.470,unknown,3,0.360,0,"connections_duvall.csv: Malik Thackeray-Nakashima, Director of Software Engineering at Quintrell Advisory, connected 2025-02-06"
Elena Duvall,Advisor,C047,Quintrell Advisory,direct,,Margot Balogun-Petrossian,Chief Technology Officer,2017-08-02,,0.357,unknown,3,0.360,0,"connections_duvall.csv: Margot Balogun-Petrossian, Chief Technology Officer at Quintrell Advisory, connected 2017-08-02"
Elena Duvall,Advisor,C047,Quintrell Advisory,direct,,Margot Lindqvist-Falkenrath,Engineering Manager,2016-11-10,,0.241,unknown,3,0.360,0,"connections_duvall.csv: Margot Lindqvist-Falkenrath, Engineering Manager at Quintrell Advisory, connected 2016-11-10"
Elena Duvall,Advisor,C047,Quintrell Advisory,direct,,Niall Ferreira-Ibarra,Product Director,2016-07-30,,0.278,unknown,3,0.360,0,"connections_duvall.csv: Niall Ferreira-Ibarra, Product Director at Quintrell Advisory, connected 2016-07-30"
Elena Duvall,Advisor,C047,Quintrell Advisory,direct,,Noor Vandermolen-Zubkov,SVP Digital,2017-03-11,,0.333,unknown,3,0.360,0,"connections_duvall.csv: Noor Vandermolen-Zubkov, SVP Digital at Quintrell Advisory, connected 2017-03-11"
Elena Duvall,Advisor,C047,Quintrell Advisory,direct,,Otto Zubkov-Cardoso,Product Director,2022-06-21,,0.415,unknown,3,0.360,0,"connections_duvall.csv: Otto Zubkov-Cardoso, Product Director at Quintrell Advisory, connected 2022-06-21"
Elena Duvall,Advisor,C047,Quintrell Advisory,direct,,Perrine Ingleby-Glückstein,Director of IT,2022-03-18,,0.415,unknown,3,0.360,0,"connections_duvall.csv: Perrine Ingleby-Glückstein, Director of IT at Quintrell Advisory, connected 2022-03-18"
Elena Duvall,Advisor,C047,Quintrell Advisory,direct,,Priya Vandermolen-Yarrow,Program Manager,2025-03-23,,0.405,unknown,3,0.360,0,"connections_duvall.csv: Priya Vandermolen-Yarrow, Program Manager at Quintrell Advisory, connected 2025-03-23"
Elena Duvall,Advisor,C047,Quintrell Advisory,direct,,Tanvi Yarrow-Crowther,Chief Data Officer,2022-08-15,,0.492,unknown,3,0.360,0,"connections_duvall.csv: Tanvi Yarrow-Crowther, Chief Data Officer at Quintrell Advisory, connected 2022-08-15"
Elena Duvall,Advisor,C047,Quintrell Advisory,direct,,Teodor Norrington-Hartigan,Chief Technology Officer,2018-05-28,,0.384,unknown,3,0.360,0,"connections_duvall.csv: Teodor Norrington-Hartigan, Chief Technology Officer at Quintrell Advisory, connected 2018-05-28"
Elena Duvall,Advisor,C047,Quintrell Advisory,direct,,Xiomara Hartigan-Lomsadze,Director of IT,2021-09-10,,0.392,unknown,3,0.360,0,"connections_duvall.csv: Xiomara Hartigan-Lomsadze, Director of IT at Quintrell Advisory, connected 2021-09-10"
Elena Duvall,Advisor,C047,Quintrell Advisory,direct,,Xiomara Vandermolen-Yarrow,"Senior Manager, Engineering",2017-07-20,,0.269,unknown,3,0.360,0,"connections_duvall.csv: Xiomara Vandermolen-Yarrow, Senior Manager, Engineering at Quintrell Advisory, connected 2017-07-20"
Elena Duvall,Advisor,C047,Quintrell Advisory,direct,,Yusuf Dellinger-Brenneman,Director of IT,2023-11-19,,0.437,unknown,3,0.360,0,"connections_duvall.csv: Yusuf Dellinger-Brenneman, Director of IT at Quintrell Advisory, connected 2023-11-19"
Elena Duvall,Advisor,C047,Quintrell Advisory,direct,,·Joaquín Højgaard-Fontaine,Program Manager,2018-06-26,,0.272,unknown,3,0.360,0,"connections_duvall.csv: ·Joaquín Højgaard-Fontaine, Program Manager at Quintrell Advisory, connected 2018-06-26"
Marcus Aldridge,Advisor,C047,Quintrell Advisory,direct,,Amara Lindqvist,Head of Automation,2022-10-16,,0.426,unknown,4,0.347,0,"connections_aldridge.csv: Amara Lindqvist, Head of Automation at Quintrell Advisory, connected 2022-10-16"
Marcus Aldridge,Advisor,C047,Quintrell Advisory,direct,,Anouk Prendergast,Program Manager,2022-02-10,,0.348,unknown,4,0.347,0,"connections_aldridge.csv: Anouk Prendergast, Program Manager at Quintrell Advisory, connected 2022-02-10"
Marcus Aldridge,Advisor,C047,Quintrell Advisory,direct,,Bertrand Eastcott,Principal Architect,2019-05-28,,0.319,unknown,4,0.347,0,"connections_aldridge.csv: Bertrand Eastcott, Principal Architect at Quintrell Advisory, connected 2019-05-28"
Marcus Aldridge,Advisor,C047,Quintrell Advisory,direct,,Bertrand Hartigan,Head of Innovation,2017-06-30,,0.309,unknown,4,0.347,0,"connections_aldridge.csv: Bertrand Hartigan, Head of Innovation at Quintrell Advisory, connected 2017-06-30"
Marcus Aldridge,Advisor,C047,Quintrell Advisory,direct,,Callum Isenberg,Chief Operating Officer,2021-07-22,,0.465,unknown,4,0.347,0,"connections_aldridge.csv: Callum Isenberg, Chief Operating Officer at Quintrell Advisory, connected 2021-07-22"
Marcus Aldridge,Advisor,C047,Quintrell Advisory,direct,,Camille Isenberg,Chief Technology Officer,2021-07-29,,0.465,unknown,4,0.347,0,"connections_aldridge.csv: Camille Isenberg, Chief Technology Officer at Quintrell Advisory, connected 2021-07-29"
Marcus Aldridge,Advisor,C047,Quintrell Advisory,direct,,Camille Wolstenholme,Platform Lead,2019-05-23,,0.319,unknown,4,0.347,0,"connections_aldridge.csv: Camille Wolstenholme, Platform Lead at Quintrell Advisory, connected 2019-05-23"
Marcus Aldridge,Advisor,C047,Quintrell Advisory,direct,,Casper Balogun,Staff Engineer,2024-07-24,,0.374,unknown,4,0.347,0,"connections_aldridge.csv: Casper Balogun, Staff Engineer at Quintrell Advisory, connected 2024-07-24"
Marcus Aldridge,Advisor,C047,Quintrell Advisory,direct,,Coretta Jarrold,Program Manager,2018-01-10,,0.272,unknown,4,0.347,0,"connections_aldridge.csv: Coretta Jarrold, Program Manager at Quintrell Advisory, connected 2018-01-10"
Marcus Aldridge,Advisor,C047,Quintrell Advisory,direct,,Curtis Højgaard,Product Director,2023-12-02,,0.437,unknown,4,0.347,0,"connections_aldridge.csv: Curtis Højgaard, Product Director at Quintrell Advisory, connected 2023-12-02"
Marcus Aldridge,Advisor,C047,Quintrell Advisory,direct,,Curtis Zettergren,Chief Technology Officer,2021-02-28,,0.465,unknown,4,0.347,0,"connections_aldridge.csv: Curtis Zettergren, Chief Technology Officer at Quintrell Advisory, connected 2021-02-28"
Marcus Aldridge,Advisor,C047,Quintrell Advisory,direct,,Dana Crowther,Engineering Manager,2020-05-23,,0.320,unknown,4,0.347,0,"connections_aldridge.csv: Dana Crowther, Engineering Manager at Quintrell Advisory, connected 2020-05-23"
Marcus Aldridge,Advisor,C047,Quintrell Advisory,direct,,Desmond Crowther,Engineering Manager,2019-08-28,,0.300,unknown,4,0.347,0,"connections_aldridge.csv: Desmond Crowther, Engineering Manager at Quintrell Advisory, connected 2019-08-28"
Marcus Aldridge,Advisor,C047,Quintrell Advisory,direct,,Desmond Halloran,Chief Operating Officer,2021-03-02,,0.465,unknown,4,0.347,0,"connections_aldridge.csv: Desmond Halloran, Chief Operating Officer at Quintrell Advisory, connected 2021-03-02"
Marcus Aldridge,Advisor,C047,Quintrell Advisory,direct,,Emeka Cardoso,Director of Software Engineering,2016-03-25,,0.271,unknown,4,0.347,0,"connections_aldridge.csv: Emeka Cardoso, Director of Software Engineering at Quintrell Advisory, connected 2016-03-25"
Marcus Aldridge,Advisor,C047,Quintrell Advisory,direct,,Espen Ingleby,Principal Architect,2021-05-15,,0.360,unknown,4,0.347,0,"connections_aldridge.csv: Espen Ingleby, Principal Architect at Quintrell Advisory, connected 2021-05-15"
Marcus Aldridge,Advisor,C047,Quintrell Advisory,direct,,Espen Okonkwo,Head of Innovation,2020-06-05,,0.379,unknown,4,0.347,0,"connections_aldridge.csv: Espen Okonkwo, Head of Innovation at Quintrell Advisory, connected 2020-06-05"
Marcus Aldridge,Advisor,C047,Quintrell Advisory,direct,,Fenella Balogun,Head of Platform Engineering,2015-12-03,,0.285,unknown,4,0.347,0,"connections_aldridge.csv: Fenella Balogun, Head of Platform Engineering at Quintrell Advisory, connected 2015-12-03"
Marcus Aldridge,Advisor,C047,Quintrell Advisory,direct,,Freya Glückstein,VP Data & Analytics,2016-01-29,,0.308,unknown,4,0.347,0,"connections_aldridge.csv: Freya Glückstein, VP Data & Analytics at Quintrell Advisory, connected 2016-01-29"
Marcus Aldridge,Advisor,C047,Quintrell Advisory,direct,,Gideon Højgaard,Head of Innovation,2019-09-28,,0.356,unknown,4,0.347,0,"connections_aldridge.csv: Gideon Højgaard, Head of Innovation at Quintrell Advisory, connected 2019-09-28"
Marcus Aldridge,Advisor,C047,Quintrell Advisory,direct,,Greta Halloran,Staff Engineer,2021-02-05,,0.319,unknown,4,0.347,0,"connections_aldridge.csv: Greta Halloran, Staff Engineer at Quintrell Advisory, connected 2021-02-05"
Marcus Aldridge,Advisor,C047,Quintrell Advisory,direct,,Hana Balogun,Head of Innovation,2023-01-06,,0.449,unknown,4,0.347,0,"connections_aldridge.csv: Hana Balogun, Head of Innovation at Quintrell Advisory, connected 2023-01-06"
Marcus Aldridge,Advisor,C047,Quintrell Advisory,direct,,Idris Achterberg,Director of IT,2020-03-30,,0.369,unknown,4,0.347,0,"connections_aldridge.csv: Idris Achterberg, Director of IT at Quintrell Advisory, connected 2020-03-30"
Marcus Aldridge,Advisor,C047,Quintrell Advisory,direct,,Idris Falkenrath,VP Engineering,2020-05-30,,0.330,unknown,4,0.347,0,"connections_aldridge.csv: Idris Falkenrath, VP Engineering at Quintrell Advisory, connected 2020-05-30"
Marcus Aldridge,Advisor,C047,Quintrell Advisory,direct,,Idris Yarrow,Chief Information Officer,2021-06-24,,0.465,unknown,4,0.347,0,"connections_aldridge.csv: Idris Yarrow, Chief Information Officer at Quintrell Advisory, connected 2021-06-24"
Marcus Aldridge,Advisor,C047,Quintrell Advisory,direct,,Ingrid Crowther,Program Manager,2016-07-24,,0.233,unknown,4,0.347,0,"connections_aldridge.csv: Ingrid Crowther, Program Manager at Quintrell Advisory, connected 2016-07-24"
Marcus Aldridge,Advisor,C047,Quintrell Advisory,direct,,Ingrid Nakashima,Head of Developer Productivity,2016-09-15,,0.285,unknown,4,0.347,0,"connections_aldridge.csv: Ingrid Nakashima, Head of Developer Productivity at Quintrell Advisory, connected 2016-09-15"
Marcus Aldridge,Advisor,C047,Quintrell Advisory,direct,,Kofi Balogun,Head of Automation,2023-01-22,,0.449,unknown,4,0.347,0,"connections_aldridge.csv: Kofi Balogun, Head of Automation at Quintrell Advisory, connected 2023-01-22"
Marcus Aldridge,Advisor,C047,Quintrell Advisory,direct,,Liesel Zettergren,Staff Engineer,2017-06-05,,0.245,unknown,4,0.347,0,"connections_aldridge.csv: Liesel Zettergren, Staff Engineer at Quintrell Advisory, connected 2017-06-05"
Marcus Aldridge,Advisor,C047,Quintrell Advisory,direct,,Lucia Eastcott,Director of Software Engineering,2017-09-30,,0.293,unknown,4,0.347,0,"connections_aldridge.csv: Lucia Eastcott, Director of Software Engineering at Quintrell Advisory, connected 2017-09-30"
Marcus Aldridge,Advisor,C047,Quintrell Advisory,direct,,Malik Crowther,Product Director,2023-01-02,,0.437,unknown,4,0.347,0,"connections_aldridge.csv: Malik Crowther, Product Director at Quintrell Advisory, connected 2023-01-02"
Marcus Aldridge,Advisor,C047,Quintrell Advisory,direct,,Malik Fairweather,"Senior Manager, Engineering",2018-01-26,,0.289,unknown,4,0.347,0,"connections_aldridge.csv: Malik Fairweather, Senior Manager, Engineering at Quintrell Advisory, connected 2018-01-26"
Marcus Aldridge,Advisor,C047,Quintrell Advisory,direct,,Malik Underhill,Chief Technology Officer,2023-02-23,,0.519,unknown,4,0.347,0,"connections_aldridge.csv: Malik Underhill, Chief Technology Officer at Quintrell Advisory, connected 2023-02-23"
Marcus Aldridge,Advisor,C047,Quintrell Advisory,direct,,Margot Salcedo,Head of Innovation,2020-06-05,,0.379,unknown,4,0.347,0,"connections_aldridge.csv: Margot Salcedo, Head of Innovation at Quintrell Advisory, connected 2020-06-05"
Marcus Aldridge,Advisor,C047,Quintrell Advisory,direct,,Marisol Bellinger,VP Engineering,2023-08-02,,0.391,unknown,4,0.347,0,"connections_aldridge.csv: Marisol Bellinger, VP Engineering at Quintrell Advisory, connected 2023-08-02"
Marcus Aldridge,Advisor,C047,Quintrell Advisory,direct,,Marisol Sandoval,Staff Engineer,2021-04-30,,0.319,unknown,4,0.347,0,"connections_aldridge.csv: Marisol Sandoval, Staff Engineer at Quintrell Advisory, connected 2021-04-30"
Marcus Aldridge,Advisor,C047,Quintrell Advisory,direct,,Matteo Fairweather,Chief Technology Officer,2024-04-23,,0.546,unknown,4,0.347,0,"connections_aldridge.csv: Matteo Fairweather, Chief Technology Officer at Quintrell Advisory, connected 2024-04-23"
Marcus Aldridge,Advisor,C047,Quintrell Advisory,direct,,Mei Quillane,Chief Data Officer,2020-03-06,,0.438,unknown,4,0.347,0,"connections_aldridge.csv: Mei Quillane, Chief Data Officer at Quintrell Advisory, connected 2020-03-06"
Marcus Aldridge,Advisor,C047,Quintrell Advisory,direct,,Niall Thackeray,VP Enterprise Architecture,2019-05-20,,0.374,unknown,4,0.347,0,"connections_aldridge.csv: Niall Thackeray, VP Enterprise Architecture at Quintrell Advisory, connected 2019-05-20"
Marcus Aldridge,Advisor,C047,Quintrell Advisory,direct,,Noor Dobrescu,Chief Digital Officer,2024-11-12,,0.546,unknown,4,0.347,0,"connections_aldridge.csv: Noor Dobrescu, Chief Digital Officer at Quintrell Advisory, connected 2024-11-12"
Marcus Aldridge,Advisor,C047,Quintrell Advisory,direct,,Odette Cathcart,Product Director,2025-02-07,,0.483,unknown,4,0.347,0,"connections_aldridge.csv: Odette Cathcart, Product Director at Quintrell Advisory, connected 2025-02-07"
Marcus Aldridge,Advisor,C047,Quintrell Advisory,direct,,Otto Glückstein,Engineering Manager,2016-03-16,,0.241,unknown,4,0.347,0,"connections_aldridge.csv: Otto Glückstein, Engineering Manager at Quintrell Advisory, connected 2016-03-16"
Marcus Aldridge,Advisor,C047,Quintrell Advisory,direct,,Otto Havercamp,Program Manager,2018-05-19,,0.272,unknown,4,0.347,0,"connections_aldridge.csv: Otto Havercamp, Program Manager at Quintrell Advisory, connected 2018-05-19"
Marcus Aldridge,Advisor,C047,Quintrell Advisory,direct,,Otto Kirkbride,Staff Engineer,2018-12-22,,0.263,unknown,4,0.347,0,"connections_aldridge.csv: Otto Kirkbride, Staff Engineer at Quintrell Advisory, connected 2018-12-22"
Marcus Aldridge,Advisor,C047,Quintrell Advisory,direct,,Otto Lindqvist,Head of Developer Productivity,2020-04-09,,0.379,unknown,4,0.347,0,"connections_aldridge.csv: Otto Lindqvist, Head of Developer Productivity at Quintrell Advisory, connected 2020-04-09"
Marcus Aldridge,Advisor,C047,Quintrell Advisory,direct,,Owen Lindqvist,"Senior Manager, Engineering",2021-03-01,,0.350,unknown,4,0.347,0,"connections_aldridge.csv: Owen Lindqvist, Senior Manager, Engineering at Quintrell Advisory, connected 2021-03-01"
Marcus Aldridge,Advisor,C047,Quintrell Advisory,direct,,Perrine Glückstein,Chief Digital Officer,2018-08-12,,0.384,unknown,4,0.347,0,"connections_aldridge.csv: Perrine Glückstein, Chief Digital Officer at Quintrell Advisory, connected 2018-08-12"
Marcus Aldridge,Advisor,C047,Quintrell Advisory,direct,,Priya Eastcott,Engineering Manager,2023-10-26,,0.379,unknown,4,0.347,0,"connections_aldridge.csv: Priya Eastcott, Engineering Manager at Quintrell Advisory, connected 2023-10-26"
Marcus Aldridge,Advisor,C047,Quintrell Advisory,direct,,Rosalind Dobrescu,Staff Engineer,2025-04-10,,0.393,unknown,4,0.347,0,"connections_aldridge.csv: Rosalind Dobrescu, Staff Engineer at Quintrell Advisory, connected 2025-04-10"
Marcus Aldridge,Advisor,C047,Quintrell Advisory,direct,,Sabine Dobrescu,Principal Architect,2022-04-15,,0.381,unknown,4,0.347,0,"connections_aldridge.csv: Sabine Dobrescu, Principal Architect at Quintrell Advisory, connected 2022-04-15"
Marcus Aldridge,Advisor,C047,Quintrell Advisory,direct,,Sabine Fairweather,Chief Technology Officer,2018-04-25,,0.384,unknown,4,0.347,0,"connections_aldridge.csv: Sabine Fairweather, Chief Technology Officer at Quintrell Advisory, connected 2018-04-25"
Marcus Aldridge,Advisor,C047,Quintrell Advisory,direct,,Silas Rushworth,Head of Automation,2019-11-23,,0.356,unknown,4,0.347,0,"connections_aldridge.csv: Silas Rushworth, Head of Automation at Quintrell Advisory, connected 2019-11-23"
Marcus Aldridge,Advisor,C047,Quintrell Advisory,direct,,Sloane Zettergren,Engineering Manager,2021-03-22,,0.339,unknown,4,0.347,0,"connections_aldridge.csv: Sloane Zettergren, Engineering Manager at Quintrell Advisory, connected 2021-03-22"
Marcus Aldridge,Advisor,C047,Quintrell Advisory,direct,,Solveig Grimsby,Staff Engineer,2018-01-30,,0.263,unknown,4,0.347,0,"connections_aldridge.csv: Solveig Grimsby, Staff Engineer at Quintrell Advisory, connected 2018-01-30"
Marcus Aldridge,Advisor,C047,Quintrell Advisory,direct,,Solveig Quillane,Staff Engineer,2017-10-17,,0.245,unknown,4,0.347,0,"connections_aldridge.csv: Solveig Quillane, Staff Engineer at Quintrell Advisory, connected 2017-10-17"
Marcus Aldridge,Advisor,C047,Quintrell Advisory,direct,,Tilda Ingleby,Chief Data Officer,2023-07-02,,0.519,unknown,4,0.347,0,"connections_aldridge.csv: Tilda Ingleby, Chief Data Officer at Quintrell Advisory, connected 2023-07-02"
Marcus Aldridge,Advisor,C047,Quintrell Advisory,direct,,Tomás Cardoso,"Senior Manager, Engineering",2022-03-21,,0.370,unknown,4,0.347,0,"connections_aldridge.csv: Tomás Cardoso, Senior Manager, Engineering at Quintrell Advisory, connected 2022-03-21"
Marcus Aldridge,Advisor,C047,Quintrell Advisory,direct,,Wren Crowther,Product Director,2018-01-29,,0.324,unknown,4,0.347,0,"connections_aldridge.csv: Wren Crowther, Product Director at Quintrell Advisory, connected 2018-01-29"
Marcus Aldridge,Advisor,C047,Quintrell Advisory,direct,,Wren Drummond,Head of Automation,2025-01-31,,0.496,unknown,4,0.347,0,"connections_aldridge.csv: Wren Drummond, Head of Automation at Quintrell Advisory, connected 2025-01-31"
Marcus Aldridge,Advisor,C047,Quintrell Advisory,direct,,Xiomara Cardoso,Chief Technology Officer,2018-09-20,,0.384,unknown,4,0.347,0,"connections_aldridge.csv: Xiomara Cardoso, Chief Technology Officer at Quintrell Advisory, connected 2018-09-20"
Marcus Aldridge,Advisor,C047,Quintrell Advisory,direct,,Xiomara Ibarra,Engineering Manager,2019-07-28,,0.300,unknown,4,0.347,0,"connections_aldridge.csv: Xiomara Ibarra, Engineering Manager at Quintrell Advisory, connected 2019-07-28"
Marcus Aldridge,Advisor,C047,Quintrell Advisory,direct,,Xiomara Merriweather,Chief Operating Officer,2023-05-31,,0.519,unknown,4,0.347,0,"connections_aldridge.csv: Xiomara Merriweather, Chief Operating Officer at Quintrell Advisory, connected 2023-05-31"
Marcus Aldridge,Advisor,C047,Quintrell Advisory,direct,,Xiomara Prendergast,Staff Engineer,2018-07-01,,0.263,unknown,4,0.347,0,"connections_aldridge.csv: Xiomara Prendergast, Staff Engineer at Quintrell Advisory, connected 2018-07-01"
Marcus Aldridge,Advisor,C047,Quintrell Advisory,direct,,Yara Underhill,Engineering Manager,2018-08-23,,0.280,unknown,4,0.347,0,"connections_aldridge.csv: Yara Underhill, Engineering Manager at Quintrell Advisory, connected 2018-08-23"
Marcus Aldridge,Advisor,C047,Quintrell Advisory,direct,,Zaid Jarrold,Engineering Manager,2018-01-05,,0.280,unknown,4,0.347,0,"connections_aldridge.csv: Zaid Jarrold, Engineering Manager at Quintrell Advisory, connected 2018-01-05"
Marcus Aldridge,Advisor,C047,Quintrell Advisory,direct,,·Joaquín Glückstein,Principal Architect,2025-01-27,,0.444,unknown,4,0.347,0,"connections_aldridge.csv: ·Joaquín Glückstein, Principal Architect at Quintrell Advisory, connected 2025-01-27"
Owen Trask,Investor,C047,Quintrell Advisory,direct,,Ansel Zettergren-Rushworth,Head of Innovation,2021-12-10,,0.402,unknown,2,0.253,0,"connections_trask.csv: Ansel Zettergren-Rushworth, Head of Innovation at Quintrell Advisory, connected 2021-12-10"
Owen Trask,Investor,C047,Quintrell Advisory,direct,,Bo Norrington-Oyelaran,Product Director,2022-01-29,,0.415,unknown,2,0.253,0,"connections_trask.csv: Bo Norrington-Oyelaran, Product Director at Quintrell Advisory, connected 2022-01-29"
Owen Trask,Investor,C047,Quintrell Advisory,direct,,Hugo Wolstenholme-Ferreira,Chief Operating Officer,2023-12-10,,0.519,unknown,2,0.253,0,"connections_trask.csv: Hugo Wolstenholme-Ferreira, Chief Operating Officer at Quintrell Advisory, connected 2023-12-10"
Owen Trask,Investor,C047,Quintrell Advisory,direct,,Idris Balogun-Mkhize,Program Manager,2021-06-06,,0.329,unknown,2,0.253,0,"connections_trask.csv: Idris Balogun-Mkhize, Program Manager at Quintrell Advisory, connected 2021-06-06"
Owen Trask,Investor,C047,Quintrell Advisory,direct,,Ilse Vasquez-Wolstenholme,"Senior Manager, Engineering",2019-09-22,,0.309,unknown,2,0.253,0,"connections_trask.csv: Ilse Vasquez-Wolstenholme, Senior Manager, Engineering at Quintrell Advisory, connected 2019-09-22"
Owen Trask,Investor,C047,Quintrell Advisory,direct,,Kofi Quillane-Eastcott,Product Director,2019-10-14,,0.346,unknown,2,0.253,0,"connections_trask.csv: Kofi Quillane-Eastcott, Product Director at Quintrell Advisory, connected 2019-10-14"
Owen Trask,Investor,C047,Quintrell Advisory,direct,,Malik Quillane-Jarrold,Head of Automation,2023-04-04,,0.449,unknown,2,0.253,0,"connections_trask.csv: Malik Quillane-Jarrold, Head of Automation at Quintrell Advisory, connected 2023-04-04"
Owen Trask,Investor,C047,Quintrell Advisory,direct,,Mei Højgaard-Zettergren,Product Director,2016-11-21,,0.278,unknown,2,0.253,0,"connections_trask.csv: Mei Højgaard-Zettergren, Product Director at Quintrell Advisory, connected 2016-11-21"
Owen Trask,Investor,C047,Quintrell Advisory,direct,,Noor Achterberg-Cathcart,Engineering Manager,2016-07-25,,0.241,unknown,2,0.253,0,"connections_trask.csv: Noor Achterberg-Cathcart, Engineering Manager at Quintrell Advisory, connected 2016-07-25"
Owen Trask,Investor,C047,Quintrell Advisory,direct,,Noor Højgaard-Nakashima,Director of IT,2019-08-26,,0.346,unknown,2,0.253,0,"connections_trask.csv: Noor Højgaard-Nakashima, Director of IT at Quintrell Advisory, connected 2019-08-26"
Owen Trask,Investor,C047,Quintrell Advisory,direct,,Priya Petrossian-Wexford,Head of Automation,2023-09-27,,0.449,unknown,2,0.253,0,"connections_trask.csv: Priya Petrossian-Wexford, Head of Automation at Quintrell Advisory, connected 2023-09-27"
Owen Trask,Investor,C047,Quintrell Advisory,direct,,Sloane Zubkov-Sandoval,Director of IT,2020-10-13,,0.369,unknown,2,0.253,0,"connections_trask.csv: Sloane Zubkov-Sandoval, Director of IT at Quintrell Advisory, connected 2020-10-13"
Owen Trask,Investor,C047,Quintrell Advisory,direct,,Solveig Dobrescu-Wexford,Head of Innovation,2021-12-17,,0.402,unknown,2,0.253,0,"connections_trask.csv: Solveig Dobrescu-Wexford, Head of Innovation at Quintrell Advisory, connected 2021-12-17"
Owen Trask,Investor,C047,Quintrell Advisory,direct,,Wren Underhill-Oyelaran,Program Manager,2016-01-13,,0.233,unknown,2,0.253,0,"connections_trask.csv: Wren Underhill-Oyelaran, Program Manager at Quintrell Advisory, connected 2016-01-13"
Priya Raghunathan,Investor,C047,Quintrell Advisory,direct,,Arjun Isenberg,Head of Automation,2018-01-16,,0.332,unknown,3,0.455,0,"connections_raghunathan.csv: Arjun Isenberg, Head of Automation at Quintrell Advisory, connected 2018-01-16"
Priya Raghunathan,Investor,C047,Quintrell Advisory,direct,,Arjun Nakashima,Director of IT,2025-02-20,,0.483,unknown,3,0.455,0,"connections_raghunathan.csv: Arjun Nakashima, Director of IT at Quintrell Advisory, connected 2025-02-20"
Priya Raghunathan,Investor,C047,Quintrell Advisory,direct,,Callum Quillane,Head of Developer Productivity,2021-12-06,,0.402,unknown,3,0.455,0,"connections_raghunathan.csv: Callum Quillane, Head of Developer Productivity at Quintrell Advisory, connected 2021-12-06"
Priya Raghunathan,Investor,C047,Quintrell Advisory,direct,,Camille Nakashima,SVP Digital,2024-10-30,,0.509,unknown,3,0.455,0,"connections_raghunathan.csv: Camille Nakashima, SVP Digital at Quintrell Advisory, connected 2024-10-30"
Priya Raghunathan,Investor,C047,Quintrell Advisory,direct,,Casper Falkenrath,Engineering Manager,2022-11-05,,0.359,unknown,3,0.455,0,"connections_raghunathan.csv: Casper Falkenrath, Engineering Manager at Quintrell Advisory, connected 2022-11-05"
Priya Raghunathan,Investor,C047,Quintrell Advisory,direct,,Casper Salcedo,Platform Lead,2022-04-18,,0.381,unknown,3,0.455,0,"connections_raghunathan.csv: Casper Salcedo, Platform Lead at Quintrell Advisory, connected 2022-04-18"
Priya Raghunathan,Investor,C047,Quintrell Advisory,direct,,Curtis Havercamp,Director of Software Engineering,2017-06-28,,0.293,unknown,3,0.455,0,"connections_raghunathan.csv: Curtis Havercamp, Director of Software Engineering at Quintrell Advisory, connected 2017-06-28"
Priya Raghunathan,Investor,C047,Quintrell Advisory,direct,,Desmond Højgaard,Staff Engineer,2021-09-20,,0.319,unknown,3,0.455,0,"connections_raghunathan.csv: Desmond Højgaard, Staff Engineer at Quintrell Advisory, connected 2021-09-20"
Priya Raghunathan,Investor,C047,Quintrell Advisory,direct,,Dev Achterberg,VP Enterprise Architecture,2024-01-30,,0.497,unknown,3,0.455,0,"connections_raghunathan.csv: Dev Achterberg, VP Enterprise Architecture at Quintrell Advisory, connected 2024-01-30"
Priya Raghunathan,Investor,C047,Quintrell Advisory,direct,,Dev Marchetti,Head of Innovation,2015-11-20,,0.285,unknown,3,0.455,0,"connections_raghunathan.csv: Dev Marchetti, Head of Innovation at Quintrell Advisory, connected 2015-11-20"
Priya Raghunathan,Investor,C047,Quintrell Advisory,direct,,Duarte Kettleborough,Principal Architect,2023-04-23,,0.402,unknown,3,0.455,0,"connections_raghunathan.csv: Duarte Kettleborough, Principal Architect at Quintrell Advisory, connected 2023-04-23"
Priya Raghunathan,Investor,C047,Quintrell Advisory,direct,,Fenella Quillane,VP Enterprise Architecture,2016-11-23,,0.300,unknown,3,0.455,0,"connections_raghunathan.csv: Fenella Quillane, VP Enterprise Architecture at Quintrell Advisory, connected 2016-11-23"
Priya Raghunathan,Investor,C047,Quintrell Advisory,direct,,Freya Lindqvist,Principal Architect,2023-07-09,,0.402,unknown,3,0.455,0,"connections_raghunathan.csv: Freya Lindqvist, Principal Architect at Quintrell Advisory, connected 2023-07-09"
Priya Raghunathan,Investor,C047,Quintrell Advisory,direct,,Hana Dobrescu,Chief Operating Officer,2018-04-28,,0.384,unknown,3,0.455,0,"connections_raghunathan.csv: Hana Dobrescu, Chief Operating Officer at Quintrell Advisory, connected 2018-04-28"
Priya Raghunathan,Investor,C047,Quintrell Advisory,direct,,Hugo Hartigan,Head of Developer Productivity,2019-08-17,,0.356,unknown,3,0.455,0,"connections_raghunathan.csv: Hugo Hartigan, Head of Developer Productivity at Quintrell Advisory, connected 2019-08-17"
Priya Raghunathan,Investor,C047,Quintrell Advisory,direct,,Hugo Rushworth,Head of Developer Productivity,2020-02-11,,0.379,unknown,3,0.455,0,"connections_raghunathan.csv: Hugo Rushworth, Head of Developer Productivity at Quintrell Advisory, connected 2020-02-11"
Priya Raghunathan,Investor,C047,Quintrell Advisory,direct,,Imani Eastcott,Staff Engineer,2023-03-02,,0.356,unknown,3,0.455,0,"connections_raghunathan.csv: Imani Eastcott, Staff Engineer at Quintrell Advisory, connected 2023-03-02"
Priya Raghunathan,Investor,C047,Quintrell Advisory,direct,,Kian Okonkwo,VP Data & Analytics,2024-09-17,,0.509,unknown,3,0.455,0,"connections_raghunathan.csv: Kian Okonkwo, VP Data & Analytics at Quintrell Advisory, connected 2024-09-17"
Priya Raghunathan,Investor,C047,Quintrell Advisory,direct,,Kwame Lomsadze,Staff Engineer,2020-08-12,,0.300,unknown,3,0.455,0,"connections_raghunathan.csv: Kwame Lomsadze, Staff Engineer at Quintrell Advisory, connected 2020-08-12"
Priya Raghunathan,Investor,C047,Quintrell Advisory,direct,,Lucia Yarrow,"Senior Manager, Engineering",2016-08-14,,0.248,unknown,3,0.455,0,"connections_raghunathan.csv: Lucia Yarrow, Senior Manager, Engineering at Quintrell Advisory, connected 2016-08-14"
Priya Raghunathan,Investor,C047,Quintrell Advisory,direct,,Matteo Cardoso,Program Manager,2024-05-12,,0.386,unknown,3,0.455,0,"connections_raghunathan.csv: Matteo Cardoso, Program Manager at Quintrell Advisory, connected 2024-05-12"
Priya Raghunathan,Investor,C047,Quintrell Advisory,direct,,Matteo Halloran,Head of Innovation,2021-05-31,,0.402,unknown,3,0.455,0,"connections_raghunathan.csv: Matteo Halloran, Head of Innovation at Quintrell Advisory, connected 2021-05-31"
Priya Raghunathan,Investor,C047,Quintrell Advisory,direct,,Nadia Nakashima,SVP Digital,2019-09-04,,0.383,unknown,3,0.455,0,"connections_raghunathan.csv: Nadia Nakashima, SVP Digital at Quintrell Advisory, connected 2019-09-04"
Priya Raghunathan,Investor,C047,Quintrell Advisory,direct,,Nadia Wolstenholme,"Senior Manager, Engineering",2023-07-26,,0.391,unknown,3,0.455,0,"connections_raghunathan.csv: Nadia Wolstenholme, Senior Manager, Engineering at Quintrell Advisory, connected 2023-07-26"
Priya Raghunathan,Investor,C047,Quintrell Advisory,direct,,Noor Thackeray,Head of Automation,2019-09-19,,0.356,unknown,3,0.455,0,"connections_raghunathan.csv: Noor Thackeray, Head of Automation at Quintrell Advisory, connected 2019-09-19"
Priya Raghunathan,Investor,C047,Quintrell Advisory,direct,,Owen Ashdown,Director of Software Engineering,2019-09-13,,0.337,unknown,3,0.455,0,"connections_raghunathan.csv: Owen Ashdown, Director of Software Engineering at Quintrell Advisory, connected 2019-09-13"
Priya Raghunathan,Investor,C047,Quintrell Advisory,direct,,Perrine Falkenrath,Platform Lead,2023-05-05,,0.402,unknown,3,0.455,0,"connections_raghunathan.csv: Perrine Falkenrath, Platform Lead at Quintrell Advisory, connected 2023-05-05"
Priya Raghunathan,Investor,C047,Quintrell Advisory,direct,,Priya Egerton,SVP Digital,2022-07-03,,0.459,unknown,3,0.455,0,"connections_raghunathan.csv: Priya Egerton, SVP Digital at Quintrell Advisory, connected 2022-07-03"
Priya Raghunathan,Investor,C047,Quintrell Advisory,direct,,Rafael Zubkov,Chief Digital Officer,2023-09-10,,0.519,unknown,3,0.455,0,"connections_raghunathan.csv: Rafael Zubkov, Chief Digital Officer at Quintrell Advisory, connected 2023-09-10"
Priya Raghunathan,Investor,C047,Quintrell Advisory,direct,,Sunniva Ingleby,Head of Automation,2016-02-07,,0.285,unknown,3,0.455,0,"connections_raghunathan.csv: Sunniva Ingleby, Head of Automation at Quintrell Advisory, connected 2016-02-07"
Priya Raghunathan,Investor,C047,Quintrell Advisory,direct,,Tomás Quillane,Head of Innovation,2023-04-04,,0.449,unknown,3,0.455,0,"connections_raghunathan.csv: Tomás Quillane, Head of Innovation at Quintrell Advisory, connected 2023-04-04"
Priya Raghunathan,Investor,C047,Quintrell Advisory,direct,,Yusuf Drummond,Chief Information Officer,2018-10-14,,0.384,unknown,3,0.455,0,"connections_raghunathan.csv: Yusuf Drummond, Chief Information Officer at Quintrell Advisory, connected 2018-10-14"
Priya Raghunathan,Investor,C047,Quintrell Advisory,direct,,·Joaquín Petrossian,"Senior Manager, Engineering",2019-12-13,,0.309,unknown,3,0.455,0,"connections_raghunathan.csv: ·Joaquín Petrossian, Senior Manager, Engineering at Quintrell Advisory, connected 2019-12-13"
Tomás Beckett,Internal,C047,Quintrell Advisory,direct,,Amara Fontaine-Eastcott,Head of Automation,2015-12-04,,0.285,unknown,8,0.357,0,"connections_beckett.csv: Amara Fontaine-Eastcott, Head of Automation at Quintrell Advisory, connected 2015-12-04"
Tomás Beckett,Internal,C047,Quintrell Advisory,direct,,Ansel Kirkbride,Director of IT,2021-05-04,,0.392,unknown,8,0.357,0,"connections_beckett.csv: Ansel Kirkbride, Director of IT at Quintrell Advisory, connected 2021-05-04"
Tomás Beckett,Internal,C047,Quintrell Advisory,direct,,Arjun Dobrescu,Staff Engineer,2017-07-12,,0.245,unknown,8,0.357,0,"connections_beckett.csv: Arjun Dobrescu, Staff Engineer at Quintrell Advisory, connected 2017-07-12"
Tomás Beckett,Internal,C047,Quintrell Advisory,direct,,Arjun Ferreira,VP Engineering,2021-07-23,,0.350,unknown,8,0.357,0,"connections_beckett.csv: Arjun Ferreira, VP Engineering at Quintrell Advisory, connected 2021-07-23"
Tomás Beckett,Internal,C047,Quintrell Advisory,direct,,Bram Dellinger,Head of Innovation,2019-06-27,,0.356,unknown,8,0.357,0,"connections_beckett.csv: Bram Dellinger, Head of Innovation at Quintrell Advisory, connected 2019-06-27"
Tomás Beckett,Internal,C047,Quintrell Advisory,direct,,Callum Cathcart-Havercamp,Head of Platform Engineering,2019-02-26,,0.356,unknown,8,0.357,0,"connections_beckett.csv: Callum Cathcart-Havercamp, Head of Platform Engineering at Quintrell Advisory, connected 2019-02-26"
Tomás Beckett,Internal,C047,Quintrell Advisory,direct,,Camille Drummond-Kirkbride,Head of Platform Engineering,2020-12-04,,0.379,unknown,8,0.357,0,"connections_beckett.csv: Camille Drummond-Kirkbride, Head of Platform Engineering at Quintrell Advisory, connected 2020-12-04"
Tomás Beckett,Internal,C047,Quintrell Advisory,direct,,Casper Crowther-Ingleby,Program Manager,2023-10-13,,0.367,unknown,8,0.357,0,"connections_beckett.csv: Casper Crowther-Ingleby, Program Manager at Quintrell Advisory, connected 2023-10-13"
Tomás Beckett,Internal,C047,Quintrell Advisory,direct,,Curtis Egerton-Norrington,Engineering Manager,2021-08-21,,0.339,unknown,8,0.357,0,"connections_beckett.csv: Curtis Egerton-Norrington, Engineering Manager at Quintrell Advisory, connected 2021-08-21"
Tomás Beckett,Internal,C047,Quintrell Advisory,direct,,Desmond Petrossian-Vasquez,Engineering Manager,2024-11-03,,0.399,unknown,8,0.357,0,"connections_beckett.csv: Desmond Petrossian-Vasquez, Engineering Manager at Quintrell Advisory, connected 2024-11-03"
Tomás Beckett,Internal,C047,Quintrell Advisory,direct,,Devin Salcedo,VP Engineering,2018-09-13,,0.289,unknown,8,0.357,0,"connections_beckett.csv: Devin Salcedo, VP Engineering at Quintrell Advisory, connected 2018-09-13"
Tomás Beckett,Internal,C047,Quintrell Advisory,direct,,Elena Marchetti,Chief Operating Officer,2024-02-29,,0.546,unknown,8,0.357,0,"connections_beckett.csv: Elena Marchetti, Chief Operating Officer at Quintrell Advisory, connected 2024-02-29"
Tomás Beckett,Internal,C047,Quintrell Advisory,direct,,Elena Wexford-Falkenrath,"Senior Manager, Engineering",2024-11-14,,0.411,unknown,8,0.357,0,"connections_beckett.csv: Elena Wexford-Falkenrath, Senior Manager, Engineering at Quintrell Advisory, connected 2024-11-14"
Tomás Beckett,Internal,C047,Quintrell Advisory,direct,,Greta Marchetti-Thackeray,VP Engineering,2016-06-19,,0.248,unknown,8,0.357,0,"connections_beckett.csv: Greta Marchetti-Thackeray, VP Engineering at Quintrell Advisory, connected 2016-06-19"
Tomás Beckett,Internal,C047,Quintrell Advisory,direct,,Hugo Achterberg,Chief Operating Officer,2025-04-05,,0.573,unknown,8,0.357,0,"connections_beckett.csv: Hugo Achterberg, Chief Operating Officer at Quintrell Advisory, connected 2025-04-05"
Tomás Beckett,Internal,C047,Quintrell Advisory,direct,,Hugo Fontaine,Head of Automation,2016-04-10,,0.285,unknown,8,0.357,0,"connections_beckett.csv: Hugo Fontaine, Head of Automation at Quintrell Advisory, connected 2016-04-10"
Tomás Beckett,Internal,C047,Quintrell Advisory,direct,,Hugo Halloran-Balogun,Head of Automation,2018-11-16,,0.332,unknown,8,0.357,0,"connections_beckett.csv: Hugo Halloran-Balogun, Head of Automation at Quintrell Advisory, connected 2018-11-16"
Tomás Beckett,Internal,C047,Quintrell Advisory,direct,,Ilse Ashdown,Product Director,2024-07-20,,0.460,unknown,8,0.357,0,"connections_beckett.csv: Ilse Ashdown, Product Director at Quintrell Advisory, connected 2024-07-20"
Tomás Beckett,Internal,C047,Quintrell Advisory,direct,,Ingrid Ingleby,Chief Data Officer,2022-02-01,,0.492,unknown,8,0.357,0,"connections_beckett.csv: Ingrid Ingleby, Chief Data Officer at Quintrell Advisory, connected 2022-02-01"
Tomás Beckett,Internal,C047,Quintrell Advisory,direct,,Ingrid Lomsadze-Grimsby,VP Data & Analytics,2020-10-17,,0.408,unknown,8,0.357,0,"connections_beckett.csv: Ingrid Lomsadze-Grimsby, VP Data & Analytics at Quintrell Advisory, connected 2020-10-17"
Tomás Beckett,Internal,C047,Quintrell Advisory,direct,,Ingrid Wolstenholme,Principal Architect,2021-02-13,,0.360,unknown,8,0.357,0,"connections_beckett.csv: Ingrid Wolstenholme, Principal Architect at Quintrell Advisory, connected 2021-02-13"
Tomás Beckett,Internal,C047,Quintrell Advisory,direct,,Kian Underhill,"Senior Manager, Engineering",2021-10-17,,0.350,unknown,8,0.357,0,"connections_beckett.csv: Kian Underhill, Senior Manager, Engineering at Quintrell Advisory, connected 2021-10-17"
Tomás Beckett,Internal,C047,Quintrell Advisory,direct,,Kwame Fontaine-Quillane,Program Manager,2020-02-02,,0.310,unknown,8,0.357,0,"connections_beckett.csv: Kwame Fontaine-Quillane, Program Manager at Quintrell Advisory, connected 2020-02-02"
Tomás Beckett,Internal,C047,Quintrell Advisory,direct,,Kwame Prendergast,SVP Digital,2021-12-19,,0.434,unknown,8,0.357,0,"connections_beckett.csv: Kwame Prendergast, SVP Digital at Quintrell Advisory, connected 2021-12-19"
Tomás Beckett,Internal,C047,Quintrell Advisory,direct,,Kwame Wolstenholme,Head of Developer Productivity,2019-09-24,,0.356,unknown,8,0.357,0,"connections_beckett.csv: Kwame Wolstenholme, Head of Developer Productivity at Quintrell Advisory, connected 2019-09-24"
Tomás Beckett,Internal,C047,Quintrell Advisory,direct,,Liesel Marchetti,Product Director,2023-08-04,,0.437,unknown,8,0.357,0,"connections_beckett.csv: Liesel Marchetti, Product Director at Quintrell Advisory, connected 2023-08-04"
Tomás Beckett,Internal,C047,Quintrell Advisory,direct,,Lucia Ferreira-Crowther,Director of Software Engineering,2024-05-05,,0.448,unknown,8,0.357,0,"connections_beckett.csv: Lucia Ferreira-Crowther, Director of Software Engineering at Quintrell Advisory, connected 2024-05-05"
Tomás Beckett,Internal,C047,Quintrell Advisory,direct,,Lucia Halloran,"Senior Manager, Engineering",2020-08-22,,0.330,unknown,8,0.357,0,"connections_beckett.csv: Lucia Halloran, Senior Manager, Engineering at Quintrell Advisory, connected 2020-08-22"
Tomás Beckett,Internal,C047,Quintrell Advisory,direct,,Malik Achterberg,VP Data & Analytics,2018-04-04,,0.358,unknown,8,0.357,0,"connections_beckett.csv: Malik Achterberg, VP Data & Analytics at Quintrell Advisory, connected 2018-04-04"
Tomás Beckett,Internal,C047,Quintrell Advisory,direct,,Marcus Okonkwo,Program Manager,2024-02-11,,0.386,unknown,8,0.357,0,"connections_beckett.csv: Marcus Okonkwo, Program Manager at Quintrell Advisory, connected 2024-02-11"
Tomás Beckett,Internal,C047,Quintrell Advisory,direct,,Margot Bellinger,Chief Operating Officer,2023-07-05,,0.519,unknown,8,0.357,0,"connections_beckett.csv: Margot Bellinger, Chief Operating Officer at Quintrell Advisory, connected 2023-07-05"
Tomás Beckett,Internal,C047,Quintrell Advisory,direct,,Marisol Nakashima,Head of Developer Productivity,2023-01-01,,0.449,unknown,8,0.357,0,"connections_beckett.csv: Marisol Nakashima, Head of Developer Productivity at Quintrell Advisory, connected 2023-01-01"
Tomás Beckett,Internal,C047,Quintrell Advisory,direct,,Matteo Egerton,Engineering Manager,2016-06-07,,0.241,unknown,8,0.357,0,"connections_beckett.csv: Matteo Egerton, Engineering Manager at Quintrell Advisory, connected 2016-06-07"
Tomás Beckett,Internal,C047,Quintrell Advisory,direct,,Noor Jarrold,Head of Automation,2017-10-04,,0.309,unknown,8,0.357,0,"connections_beckett.csv: Noor Jarrold, Head of Automation at Quintrell Advisory, connected 2017-10-04"
Tomás Beckett,Internal,C047,Quintrell Advisory,direct,,Noor Vandermolen,SVP Digital,2018-09-19,,0.358,unknown,8,0.357,0,"connections_beckett.csv: Noor Vandermolen, SVP Digital at Quintrell Advisory, connected 2018-09-19"
Tomás Beckett,Internal,C047,Quintrell Advisory,direct,,Otto Jarrold,Head of Innovation,2019-07-11,,0.356,unknown,8,0.357,0,"connections_beckett.csv: Otto Jarrold, Head of Innovation at Quintrell Advisory, connected 2019-07-11"
Tomás Beckett,Internal,C047,Quintrell Advisory,direct,,Perrine Quillane,Program Manager,2024-07-30,,0.386,unknown,8,0.357,0,"connections_beckett.csv: Perrine Quillane, Program Manager at Quintrell Advisory, connected 2024-07-30"
Tomás Beckett,Internal,C047,Quintrell Advisory,direct,,Priya Højgaard,Engineering Manager,2017-04-12,,0.261,unknown,8,0.357,0,"connections_beckett.csv: Priya Højgaard, Engineering Manager at Quintrell Advisory, connected 2017-04-12"
Tomás Beckett,Internal,C047,Quintrell Advisory,direct,,Priya Oldfield,Platform Lead,2019-07-24,,0.319,unknown,8,0.357,0,"connections_beckett.csv: Priya Oldfield, Platform Lead at Quintrell Advisory, connected 2019-07-24"
Tomás Beckett,Internal,C047,Quintrell Advisory,direct,,Priya Sandoval,Platform Lead,2017-08-20,,0.277,unknown,8,0.357,0,"connections_beckett.csv: Priya Sandoval, Platform Lead at Quintrell Advisory, connected 2017-08-20"
Tomás Beckett,Internal,C047,Quintrell Advisory,direct,,Rafael Prendergast,Chief Technology Officer,2021-07-26,,0.465,unknown,8,0.357,0,"connections_beckett.csv: Rafael Prendergast, Chief Technology Officer at Quintrell Advisory, connected 2021-07-26"
Tomás Beckett,Internal,C047,Quintrell Advisory,direct,,Renata Prendergast,VP Engineering,2022-09-22,,0.370,unknown,8,0.357,0,"connections_beckett.csv: Renata Prendergast, VP Engineering at Quintrell Advisory, connected 2022-09-22"
Tomás Beckett,Internal,C047,Quintrell Advisory,direct,,Silas Cathcart-Bellinger,Chief Operating Officer,2021-07-05,,0.465,unknown,8,0.357,0,"connections_beckett.csv: Silas Cathcart-Bellinger, Chief Operating Officer at Quintrell Advisory, connected 2021-07-05"
Tomás Beckett,Internal,C047,Quintrell Advisory,direct,,Sloane Ingleby,Staff Engineer,2015-09-23,,0.226,unknown,8,0.357,0,"connections_beckett.csv: Sloane Ingleby, Staff Engineer at Quintrell Advisory, connected 2015-09-23"
Tomás Beckett,Internal,C047,Quintrell Advisory,direct,,Solveig Oldfield-Balogun,Product Director,2025-04-05,,0.483,unknown,8,0.357,0,"connections_beckett.csv: Solveig Oldfield-Balogun, Product Director at Quintrell Advisory, connected 2025-04-05"
Tomás Beckett,Internal,C047,Quintrell Advisory,direct,,Solveig Thackeray,Principal Architect,2019-05-11,,0.319,unknown,8,0.357,0,"connections_beckett.csv: Solveig Thackeray, Principal Architect at Quintrell Advisory, connected 2019-05-11"
Tomás Beckett,Internal,C047,Quintrell Advisory,direct,,Tanvi Lindqvist,Platform Lead,2019-11-06,,0.319,unknown,8,0.357,0,"connections_beckett.csv: Tanvi Lindqvist, Platform Lead at Quintrell Advisory, connected 2019-11-06"
Tomás Beckett,Internal,C047,Quintrell Advisory,direct,,Teodor Wexford,Program Manager,2023-02-20,,0.367,unknown,8,0.357,0,"connections_beckett.csv: Teodor Wexford, Program Manager at Quintrell Advisory, connected 2023-02-20"
Tomás Beckett,Internal,C047,Quintrell Advisory,direct,,Teodor Zettergren-Ibarra,Product Director,2024-08-22,,0.460,unknown,8,0.357,0,"connections_beckett.csv: Teodor Zettergren-Ibarra, Product Director at Quintrell Advisory, connected 2024-08-22"
Tomás Beckett,Internal,C047,Quintrell Advisory,direct,,Tilda Fairweather,Program Manager,2016-05-03,,0.233,unknown,8,0.357,0,"connections_beckett.csv: Tilda Fairweather, Program Manager at Quintrell Advisory, connected 2016-05-03"
Tomás Beckett,Internal,C047,Quintrell Advisory,direct,,Tilda Oyelaran,Head of Automation,2025-03-29,,0.496,unknown,8,0.357,0,"connections_beckett.csv: Tilda Oyelaran, Head of Automation at Quintrell Advisory, connected 2025-03-29"
Tomás Beckett,Internal,C047,Quintrell Advisory,direct,,Tomás Zubkov,Head of Innovation,2022-02-08,,0.426,unknown,8,0.357,0,"connections_beckett.csv: Tomás Zubkov, Head of Innovation at Quintrell Advisory, connected 2022-02-08"
Tomás Beckett,Internal,C047,Quintrell Advisory,direct,,Wren Ibarra-Sandoval,Product Director,2023-07-13,,0.437,unknown,8,0.357,0,"connections_beckett.csv: Wren Ibarra-Sandoval, Product Director at Quintrell Advisory, connected 2023-07-13"
Tomás Beckett,Internal,C047,Quintrell Advisory,direct,,Xiomara Crowther,Head of Innovation,2021-03-07,,0.402,unknown,8,0.357,0,"connections_beckett.csv: Xiomara Crowther, Head of Innovation at Quintrell Advisory, connected 2021-03-07"
Tomás Beckett,Internal,C047,Quintrell Advisory,direct,,Yara Falkenrath,Director of IT,2021-09-20,,0.392,unknown,8,0.357,0,"connections_beckett.csv: Yara Falkenrath, Director of IT at Quintrell Advisory, connected 2021-09-20"
Tomás Beckett,Internal,C047,Quintrell Advisory,direct,,Yara Oldfield-Balogun,Head of Innovation,2024-07-28,,0.472,unknown,8,0.357,0,"connections_beckett.csv: Yara Oldfield-Balogun, Head of Innovation at Quintrell Advisory, connected 2024-07-28"
Tomás Beckett,Internal,C047,Quintrell Advisory,direct,,Zaid Achterberg,"Senior Manager, Engineering",2020-06-14,,0.330,unknown,8,0.357,0,"connections_beckett.csv: Zaid Achterberg, Senior Manager, Engineering at Quintrell Advisory, connected 2020-06-14"
Tomás Beckett,Internal,C047,Quintrell Advisory,direct,,·Joaquín Nakashima,VP Engineering,2018-08-13,,0.289,unknown,8,0.357,0,"connections_beckett.csv: ·Joaquín Nakashima, VP Engineering at Quintrell Advisory, connected 2018-08-13"
Tomás Beckett,Internal,C047,Quintrell Advisory,direct,,·Joaquín Zettergren,VP Data & Analytics,2023-06-11,,0.484,unknown,8,0.357,0,"connections_beckett.csv: ·Joaquín Zettergren, VP Data & Analytics at Quintrell Advisory, connected 2023-06-11"
Dana Whitfield,Internal,C048,Vespermill Analytics,direct,,Bertrand Ashdown,Engineering Manager,2021-07-19,,0.339,unknown,6,0.428,0,"connections_whitfield.csv: Bertrand Ashdown, Engineering Manager at Vespermill Analytics, connected 2021-07-19"
Dana Whitfield,Internal,C048,Vespermill Analytics,direct,,Bertrand Fairweather,Staff Engineer,2017-09-18,,0.245,unknown,6,0.428,0,"connections_whitfield.csv: Bertrand Fairweather, Staff Engineer at Vespermill Analytics, connected 2017-09-18"
Dana Whitfield,Internal,C048,Vespermill Analytics,direct,,Bertrand Ferreira,Engineering Manager,2025-07-26,,0.418,unknown,6,0.428,0,"connections_whitfield.csv: Bertrand Ferreira, Engineering Manager at Vespermill Analytics, connected 2025-07-26"
Dana Whitfield,Internal,C048,Vespermill Analytics,direct,,Casper Brenneman,"Senior Manager, Engineering",2024-08-05,,0.411,unknown,6,0.428,0,"connections_whitfield.csv: Casper Brenneman, Senior Manager, Engineering at Vespermill Analytics, connected 2024-08-05"
Dana Whitfield,Internal,C048,Vespermill Analytics,direct,,Devin Kettleborough,"Senior Manager, Engineering",2016-10-22,,0.248,unknown,6,0.428,0,"connections_whitfield.csv: Devin Kettleborough, Senior Manager, Engineering at Vespermill Analytics, connected 2016-10-22"
Dana Whitfield,Internal,C048,Vespermill Analytics,direct,,Duarte Marchetti,Head of Automation,2020-02-11,,0.379,unknown,6,0.428,0,"connections_whitfield.csv: Duarte Marchetti, Head of Automation at Vespermill Analytics, connected 2020-02-11"
Dana Whitfield,Internal,C048,Vespermill Analytics,direct,,Duarte Norrington,"Senior Manager, Engineering",2018-03-30,,0.289,unknown,6,0.428,0,"connections_whitfield.csv: Duarte Norrington, Senior Manager, Engineering at Vespermill Analytics, connected 2018-03-30"
Dana Whitfield,Internal,C048,Vespermill Analytics,direct,,Emeka Rushworth,Product Director,2023-03-10,,0.437,unknown,6,0.428,0,"connections_whitfield.csv: Emeka Rushworth, Product Director at Vespermill Analytics, connected 2023-03-10"
Dana Whitfield,Internal,C048,Vespermill Analytics,direct,,Emeka Underhill,Head of Innovation,2016-02-29,,0.285,unknown,6,0.428,0,"connections_whitfield.csv: Emeka Underhill, Head of Innovation at Vespermill Analytics, connected 2016-02-29"
Dana Whitfield,Internal,C048,Vespermill Analytics,direct,,Freya Yarrow,Director of Software Engineering,2024-12-24,,0.448,unknown,6,0.428,0,"connections_whitfield.csv: Freya Yarrow, Director of Software Engineering at Vespermill Analytics, connected 2024-12-24"
Dana Whitfield,Internal,C048,Vespermill Analytics,direct,,Gideon Drummond,Chief Data Officer,2016-02-03,,0.330,unknown,6,0.428,0,"connections_whitfield.csv: Gideon Drummond, Chief Data Officer at Vespermill Analytics, connected 2016-02-03"
Dana Whitfield,Internal,C048,Vespermill Analytics,direct,,Gideon Egerton,Head of Innovation,2015-10-28,,0.285,unknown,6,0.428,0,"connections_whitfield.csv: Gideon Egerton, Head of Innovation at Vespermill Analytics, connected 2015-10-28"
Dana Whitfield,Internal,C048,Vespermill Analytics,direct,,Greta Cardoso,Head of Innovation,2017-09-09,,0.309,unknown,6,0.428,0,"connections_whitfield.csv: Greta Cardoso, Head of Innovation at Vespermill Analytics, connected 2017-09-09"
Dana Whitfield,Internal,C048,Vespermill Analytics,direct,,Greta Norrington,Head of Automation,2019-08-17,,0.356,unknown,6,0.428,0,"connections_whitfield.csv: Greta Norrington, Head of Automation at Vespermill Analytics, connected 2019-08-17"
Dana Whitfield,Internal,C048,Vespermill Analytics,direct,,Greta Oyelaran,Staff Engineer,2022-12-11,,0.337,unknown,6,0.428,0,"connections_whitfield.csv: Greta Oyelaran, Staff Engineer at Vespermill Analytics, connected 2022-12-11"
Dana Whitfield,Internal,C048,Vespermill Analytics,direct,,Hana Oldfield,Director of IT,2020-10-04,,0.369,unknown,6,0.428,0,"connections_whitfield.csv: Hana Oldfield, Director of IT at Vespermill Analytics, connected 2020-10-04"
Dana Whitfield,Internal,C048,Vespermill Analytics,direct,,Idris Jarrold,Chief Operating Officer,2018-04-11,,0.384,unknown,6,0.428,0,"connections_whitfield.csv: Idris Jarrold, Chief Operating Officer at Vespermill Analytics, connected 2018-04-11"
Dana Whitfield,Internal,C048,Vespermill Analytics,direct,,Ilse Fontaine,Principal Architect,2023-03-02,,0.402,unknown,6,0.428,0,"connections_whitfield.csv: Ilse Fontaine, Principal Architect at Vespermill Analytics, connected 2023-03-02"
Dana Whitfield,Internal,C048,Vespermill Analytics,direct,,Ilse Okonkwo,SVP Digital,2020-12-18,,0.408,unknown,6,0.428,0,"connections_whitfield.csv: Ilse Okonkwo, SVP Digital at Vespermill Analytics, connected 2020-12-18"
Dana Whitfield,Internal,C048,Vespermill Analytics,direct,,Imani Achterberg,"Senior Manager, Engineering",2018-12-11,,0.289,unknown,6,0.428,0,"connections_whitfield.csv: Imani Achterberg, Senior Manager, Engineering at Vespermill Analytics, connected 2018-12-11"
Dana Whitfield,Internal,C048,Vespermill Analytics,direct,,Imani Hartigan,Chief Technology Officer,2021-05-31,,0.465,unknown,6,0.428,0,"connections_whitfield.csv: Imani Hartigan, Chief Technology Officer at Vespermill Analytics, connected 2021-05-31"
Dana Whitfield,Internal,C048,Vespermill Analytics,direct,,Kian Vasquez,Staff Engineer,2024-05-24,,0.374,unknown,6,0.428,0,"connections_whitfield.csv: Kian Vasquez, Staff Engineer at Vespermill Analytics, connected 2024-05-24"
Dana Whitfield,Internal,C048,Vespermill Analytics,direct,,Leandro Mkhize,Principal Architect,2024-08-14,,0.423,unknown,6,0.428,0,"connections_whitfield.csv: Leandro Mkhize, Principal Architect at Vespermill Analytics, connected 2024-08-14"
Dana Whitfield,Internal,C048,Vespermill Analytics,direct,,Malik Eastcott,Head of Automation,2020-12-27,,0.379,unknown,6,0.428,0,"connections_whitfield.csv: Malik Eastcott, Head of Automation at Vespermill Analytics, connected 2020-12-27"
Dana Whitfield,Internal,C048,Vespermill Analytics,direct,,Margot Zettergren,Platform Lead,2021-07-28,,0.360,unknown,6,0.428,0,"connections_whitfield.csv: Margot Zettergren, Platform Lead at Vespermill Analytics, connected 2021-07-28"
Dana Whitfield,Internal,C048,Vespermill Analytics,direct,,Marisol Egerton,Program Manager,2022-08-02,,0.348,unknown,6,0.428,0,"connections_whitfield.csv: Marisol Egerton, Program Manager at Vespermill Analytics, connected 2022-08-02"
Dana Whitfield,Internal,C048,Vespermill Analytics,direct,,Marisol Lomsadze,Product Director,2020-06-15,,0.369,unknown,6,0.428,0,"connections_whitfield.csv: Marisol Lomsadze, Product Director at Vespermill Analytics, connected 2020-06-15"
Dana Whitfield,Internal,C048,Vespermill Analytics,direct,,Nadia Brenneman,Platform Lead,2024-08-08,,0.423,unknown,6,0.428,0,"connections_whitfield.csv: Nadia Brenneman, Platform Lead at Vespermill Analytics, connected 2024-08-08"
Dana Whitfield,Internal,C048,Vespermill Analytics,direct,,Niall Wolstenholme,Director of Software Engineering,2019-07-14,,0.337,unknown,6,0.428,0,"connections_whitfield.csv: Niall Wolstenholme, Director of Software Engineering at Vespermill Analytics, connected 2019-07-14"
Dana Whitfield,Internal,C048,Vespermill Analytics,direct,,Noor Dellinger,Chief Digital Officer,2021-04-09,,0.465,unknown,6,0.428,0,"connections_whitfield.csv: Noor Dellinger, Chief Digital Officer at Vespermill Analytics, connected 2021-04-09"
Dana Whitfield,Internal,C048,Vespermill Analytics,direct,,Noor Fontaine,Product Director,2015-09-29,,0.278,unknown,6,0.428,0,"connections_whitfield.csv: Noor Fontaine, Product Director at Vespermill Analytics, connected 2015-09-29"
Dana Whitfield,Internal,C048,Vespermill Analytics,direct,,Perrine Nakashima,Platform Lead,2023-09-01,,0.402,unknown,6,0.428,0,"connections_whitfield.csv: Perrine Nakashima, Platform Lead at Vespermill Analytics, connected 2023-09-01"
Dana Whitfield,Internal,C048,Vespermill Analytics,direct,,Priya Cathcart,"Senior Manager, Engineering",2021-03-13,,0.350,unknown,6,0.428,0,"connections_whitfield.csv: Priya Cathcart, Senior Manager, Engineering at Vespermill Analytics, connected 2021-03-13"
Dana Whitfield,Internal,C048,Vespermill Analytics,direct,,Priya Grimsby,"Senior Manager, Engineering",2016-11-21,,0.248,unknown,6,0.428,0,"connections_whitfield.csv: Priya Grimsby, Senior Manager, Engineering at Vespermill Analytics, connected 2016-11-21"
Dana Whitfield,Internal,C048,Vespermill Analytics,direct,,Priya Halloran,Principal Architect,2018-02-04,,0.298,unknown,6,0.428,0,"connections_whitfield.csv: Priya Halloran, Principal Architect at Vespermill Analytics, connected 2018-02-04"
Dana Whitfield,Internal,C048,Vespermill Analytics,direct,,Renata Oyelaran,Engineering Manager,2021-05-05,,0.339,unknown,6,0.428,0,"connections_whitfield.csv: Renata Oyelaran, Engineering Manager at Vespermill Analytics, connected 2021-05-05"
Dana Whitfield,Internal,C048,Vespermill Analytics,direct,,Sabine Eastcott,Chief Data Officer,2024-03-06,,0.546,unknown,6,0.428,0,"connections_whitfield.csv: Sabine Eastcott, Chief Data Officer at Vespermill Analytics, connected 2024-03-06"
Dana Whitfield,Internal,C048,Vespermill Analytics,direct,,Sabine Kettleborough,Chief Operating Officer,2019-12-18,,0.411,unknown,6,0.428,0,"connections_whitfield.csv: Sabine Kettleborough, Chief Operating Officer at Vespermill Analytics, connected 2019-12-18"
Dana Whitfield,Internal,C048,Vespermill Analytics,direct,,Solveig Dobrescu,VP Enterprise Architecture,2021-08-18,,0.423,unknown,6,0.428,0,"connections_whitfield.csv: Solveig Dobrescu, VP Enterprise Architecture at Vespermill Analytics, connected 2021-08-18"
Dana Whitfield,Internal,C048,Vespermill Analytics,direct,,Sunniva Halloran,Head of Automation,2016-05-16,,0.285,unknown,6,0.428,0,"connections_whitfield.csv: Sunniva Halloran, Head of Automation at Vespermill Analytics, connected 2016-05-16"
Dana Whitfield,Internal,C048,Vespermill Analytics,direct,,Teodor Lomsadze,Chief Digital Officer,2022-01-19,,0.492,unknown,6,0.428,0,"connections_whitfield.csv: Teodor Lomsadze, Chief Digital Officer at Vespermill Analytics, connected 2022-01-19"
Dana Whitfield,Internal,C048,Vespermill Analytics,direct,,Wren Sandoval,VP Enterprise Architecture,2017-07-19,,0.325,unknown,6,0.428,0,"connections_whitfield.csv: Wren Sandoval, VP Enterprise Architecture at Vespermill Analytics, connected 2017-07-19"
Dana Whitfield,Internal,C048,Vespermill Analytics,direct,,Xiomara Zettergren,SVP Digital,2017-12-27,,0.333,unknown,6,0.428,0,"connections_whitfield.csv: Xiomara Zettergren, SVP Digital at Vespermill Analytics, connected 2017-12-27"
Dana Whitfield,Internal,C048,Vespermill Analytics,direct,,Yara Marchetti,"Senior Manager, Engineering",2016-01-15,,0.248,unknown,6,0.428,0,"connections_whitfield.csv: Yara Marchetti, Senior Manager, Engineering at Vespermill Analytics, connected 2016-01-15"
Dana Whitfield,Internal,C048,Vespermill Analytics,direct,,Yara Prendergast,Chief Data Officer,2021-03-03,,0.465,unknown,6,0.428,0,"connections_whitfield.csv: Yara Prendergast, Chief Data Officer at Vespermill Analytics, connected 2021-03-03"
Dana Whitfield,Internal,C048,Vespermill Analytics,direct,,Zaid Thackeray,Director of Software Engineering,2022-07-01,,0.403,unknown,6,0.428,0,"connections_whitfield.csv: Zaid Thackeray, Director of Software Engineering at Vespermill Analytics, connected 2022-07-01"
Dana Whitfield,Internal,C048,Vespermill Analytics,direct,,Zaid Wolstenholme,Principal Architect,2024-04-19,,0.423,unknown,6,0.428,0,"connections_whitfield.csv: Zaid Wolstenholme, Principal Architect at Vespermill Analytics, connected 2024-04-19"
Elena Duvall,Advisor,C048,Vespermill Analytics,direct,,Bertrand Ibarra-Prendergast,Program Manager,2022-03-18,,0.348,unknown,3,0.360,0,"connections_duvall.csv: Bertrand Ibarra-Prendergast, Program Manager at Vespermill Analytics, connected 2022-03-18"
Elena Duvall,Advisor,C048,Vespermill Analytics,direct,,Bo Grimsby-Thackeray,"Senior Manager, Engineering",2025-03-26,,0.431,unknown,3,0.360,0,"connections_duvall.csv: Bo Grimsby-Thackeray, Senior Manager, Engineering at Vespermill Analytics, connected 2025-03-26"
Elena Duvall,Advisor,C048,Vespermill Analytics,direct,,Camille Havercamp-Brenneman,Head of Innovation,2022-10-17,,0.426,unknown,3,0.360,0,"connections_duvall.csv: Camille Havercamp-Brenneman, Head of Innovation at Vespermill Analytics, connected 2022-10-17"
Elena Duvall,Advisor,C048,Vespermill Analytics,direct,,Casper Mkhize-Isenberg,Chief Digital Officer,2025-04-27,,0.573,unknown,3,0.360,0,"connections_duvall.csv: Casper Mkhize-Isenberg, Chief Digital Officer at Vespermill Analytics, connected 2025-04-27"
Elena Duvall,Advisor,C048,Vespermill Analytics,direct,,Coretta Marchetti-Dobrescu,Director of IT,2016-09-07,,0.278,unknown,3,0.360,0,"connections_duvall.csv: Coretta Marchetti-Dobrescu, Director of IT at Vespermill Analytics, connected 2016-09-07"
Elena Duvall,Advisor,C048,Vespermill Analytics,direct,,Desmond Oldfield-Yarrow,Staff Engineer,2023-04-12,,0.356,unknown,3,0.360,0,"connections_duvall.csv: Desmond Oldfield-Yarrow, Staff Engineer at Vespermill Analytics, connected 2023-04-12"
Elena Duvall,Advisor,C048,Vespermill Analytics,direct,,Devin Nakashima-Norrington,"Senior Manager, Engineering",2022-12-06,,0.370,unknown,3,0.360,0,"connections_duvall.csv: Devin Nakashima-Norrington, Senior Manager, Engineering at Vespermill Analytics, connected 2022-12-06"
Elena Duvall,Advisor,C048,Vespermill Analytics,direct,,Devin Vasquez-Quillane,Principal Architect,2025-03-13,,0.444,unknown,3,0.360,0,"connections_duvall.csv: Devin Vasquez-Quillane, Principal Architect at Vespermill Analytics, connected 2025-03-13"
Elena Duvall,Advisor,C048,Vespermill Analytics,direct,,Emeka Zettergren-Isenberg,Product Director,2020-10-05,,0.369,unknown,3,0.360,0,"connections_duvall.csv: Emeka Zettergren-Isenberg, Product Director at Vespermill Analytics, connected 2020-10-05"
Elena Duvall,Advisor,C048,Vespermill Analytics,direct,,Nadia Mkhize-Brenneman,Product Director,2023-03-25,,0.437,unknown,3,0.360,0,"connections_duvall.csv: Nadia Mkhize-Brenneman, Product Director at Vespermill Analytics, connected 2023-03-25"
Elena Duvall,Advisor,C048,Vespermill Analytics,direct,,Saoirse Falkenrath-Dellinger,Chief Information Officer,2023-01-17,,0.519,unknown,3,0.360,0,"connections_duvall.csv: Saoirse Falkenrath-Dellinger, Chief Information Officer at Vespermill Analytics, connected 2023-01-17"
Marcus Aldridge,Advisor,C048,Vespermill Analytics,direct,,Amara Mkhize,"Senior Manager, Engineering",2019-07-30,,0.309,unknown,4,0.347,0,"connections_aldridge.csv: Amara Mkhize, Senior Manager, Engineering at Vespermill Analytics, connected 2019-07-30"
Marcus Aldridge,Advisor,C048,Vespermill Analytics,direct,,Anouk Ashdown,Staff Engineer,2018-04-03,,0.263,unknown,4,0.347,0,"connections_aldridge.csv: Anouk Ashdown, Staff Engineer at Vespermill Analytics, connected 2018-04-03"
Marcus Aldridge,Advisor,C048,Vespermill Analytics,direct,,Ansel Cathcart,Staff Engineer,2018-09-26,,0.263,unknown,4,0.347,0,"connections_aldridge.csv: Ansel Cathcart, Staff Engineer at Vespermill Analytics, connected 2018-09-26"
Marcus Aldridge,Advisor,C048,Vespermill Analytics,direct,,Ansel Yarrow,Director of IT,2020-01-22,,0.369,unknown,4,0.347,0,"connections_aldridge.csv: Ansel Yarrow, Director of IT at Vespermill Analytics, connected 2020-01-22"
Marcus Aldridge,Advisor,C048,Vespermill Analytics,direct,,Arjun Achterberg,Chief Operating Officer,2017-08-05,,0.357,unknown,4,0.347,0,"connections_aldridge.csv: Arjun Achterberg, Chief Operating Officer at Vespermill Analytics, connected 2017-08-05"
Marcus Aldridge,Advisor,C048,Vespermill Analytics,direct,,Astrid Rushworth,Program Manager,2023-12-23,,0.367,unknown,4,0.347,0,"connections_aldridge.csv: Astrid Rushworth, Program Manager at Vespermill Analytics, connected 2023-12-23"
Marcus Aldridge,Advisor,C048,Vespermill Analytics,direct,,Astrid Vandermolen,Program Manager,2017-05-14,,0.253,unknown,4,0.347,0,"connections_aldridge.csv: Astrid Vandermolen, Program Manager at Vespermill Analytics, connected 2017-05-14"
Marcus Aldridge,Advisor,C048,Vespermill Analytics,direct,,Astrid Zubkov,Platform Lead,2020-12-18,,0.339,unknown,4,0.347,0,"connections_aldridge.csv: Astrid Zubkov, Platform Lead at Vespermill Analytics, connected 2020-12-18"
Marcus Aldridge,Advisor,C048,Vespermill Analytics,direct,,Bertrand Højgaard,Program Manager,2021-09-15,,0.329,unknown,4,0.347,0,"connections_aldridge.csv: Bertrand Højgaard, Program Manager at Vespermill Analytics, connected 2021-09-15"
Marcus Aldridge,Advisor,C048,Vespermill Analytics,direct,,Bo Egerton,Director of IT,2017-03-06,,0.301,unknown,4,0.347,0,"connections_aldridge.csv: Bo Egerton, Director of IT at Vespermill Analytics, connected 2017-03-06"
Marcus Aldridge,Advisor,C048,Vespermill Analytics,direct,,Bo Oldfield,Staff Engineer,2019-08-18,,0.282,unknown,4,0.347,0,"connections_aldridge.csv: Bo Oldfield, Staff Engineer at Vespermill Analytics, connected 2019-08-18"
Marcus Aldridge,Advisor,C048,Vespermill Analytics,direct,,Coretta Ferreira,Staff Engineer,2023-11-20,,0.356,unknown,4,0.347,0,"connections_aldridge.csv: Coretta Ferreira, Staff Engineer at Vespermill Analytics, connected 2023-11-20"
Marcus Aldridge,Advisor,C048,Vespermill Analytics,direct,,Curtis Ingleby,Platform Lead,2020-10-16,,0.339,unknown,4,0.347,0,"connections_aldridge.csv: Curtis Ingleby, Platform Lead at Vespermill Analytics, connected 2020-10-16"
Marcus Aldridge,Advisor,C048,Vespermill Analytics,direct,,Curtis Norrington,Platform Lead,2024-10-03,,0.423,unknown,4,0.347,0,"connections_aldridge.csv: Curtis Norrington, Platform Lead at Vespermill Analytics, connected 2024-10-03"
Marcus Aldridge,Advisor,C048,Vespermill Analytics,direct,,Curtis Salcedo,VP Data & Analytics,2016-01-11,,0.308,unknown,4,0.347,0,"connections_aldridge.csv: Curtis Salcedo, VP Data & Analytics at Vespermill Analytics, connected 2016-01-11"
Marcus Aldridge,Advisor,C048,Vespermill Analytics,direct,,Dana Cardoso,Head of Innovation,2021-03-23,,0.402,unknown,4,0.347,0,"connections_aldridge.csv: Dana Cardoso, Head of Innovation at Vespermill Analytics, connected 2021-03-23"
Marcus Aldridge,Advisor,C048,Vespermill Analytics,direct,,Dana Falkenrath,Platform Lead,2023-03-22,,0.402,unknown,4,0.347,0,"connections_aldridge.csv: Dana Falkenrath, Platform Lead at Vespermill Analytics, connected 2023-03-22"
Marcus Aldridge,Advisor,C048,Vespermill Analytics,direct,,Desmond Falkenrath,Program Manager,2017-02-05,,0.253,unknown,4,0.347,0,"connections_aldridge.csv: Desmond Falkenrath, Program Manager at Vespermill Analytics, connected 2017-02-05"
Marcus Aldridge,Advisor,C048,Vespermill Analytics,direct,,Desmond Lomsadze,Director of IT,2019-03-14,,0.346,unknown,4,0.347,0,"connections_aldridge.csv: Desmond Lomsadze, Director of IT at Vespermill Analytics, connected 2019-03-14"
Marcus Aldridge,Advisor,C048,Vespermill Analytics,direct,,Desmond Marchetti,Engineering Manager,2023-09-21,,0.379,unknown,4,0.347,0,"connections_aldridge.csv: Desmond Marchetti, Engineering Manager at Vespermill Analytics, connected 2023-09-21"
Marcus Aldridge,Advisor,C048,Vespermill Analytics,direct,,Dev Egerton,Head of Innovation,2021-11-10,,0.402,unknown,4,0.347,0,"connections_aldridge.csv: Dev Egerton, Head of Innovation at Vespermill Analytics, connected 2021-11-10"
Marcus Aldridge,Advisor,C048,Vespermill Analytics,direct,,Devin Cathcart,Chief Data Officer,2022-10-08,,0.492,unknown,4,0.347,0,"connections_aldridge.csv: Devin Cathcart, Chief Data Officer at Vespermill Analytics, connected 2022-10-08"
Marcus Aldridge,Advisor,C048,Vespermill Analytics,direct,,Devin Ferreira,Platform Lead,2022-03-08,,0.381,unknown,4,0.347,0,"connections_aldridge.csv: Devin Ferreira, Platform Lead at Vespermill Analytics, connected 2022-03-08"
Marcus Aldridge,Advisor,C048,Vespermill Analytics,direct,,Duarte Achterberg,Director of IT,2023-10-13,,0.437,unknown,4,0.347,0,"connections_aldridge.csv: Duarte Achterberg, Director of IT at Vespermill Analytics, connected 2023-10-13"
Marcus Aldridge,Advisor,C048,Vespermill Analytics,direct,,Duarte Salcedo,Head of Platform Engineering,2018-02-04,,0.332,unknown,4,0.347,0,"connections_aldridge.csv: Duarte Salcedo, Head of Platform Engineering at Vespermill Analytics, connected 2018-02-04"
Marcus Aldridge,Advisor,C048,Vespermill Analytics,direct,,Elena Okonkwo,"Senior Manager, Engineering",2022-12-16,,0.370,unknown,4,0.347,0,"connections_aldridge.csv: Elena Okonkwo, Senior Manager, Engineering at Vespermill Analytics, connected 2022-12-16"
Marcus Aldridge,Advisor,C048,Vespermill Analytics,direct,,Emeka Ashdown,Engineering Manager,2017-04-14,,0.261,unknown,4,0.347,0,"connections_aldridge.csv: Emeka Ashdown, Engineering Manager at Vespermill Analytics, connected 2017-04-14"
Marcus Aldridge,Advisor,C048,Vespermill Analytics,direct,,Espen Eastcott,Chief Data Officer,2018-11-17,,0.384,unknown,4,0.347,0,"connections_aldridge.csv: Espen Eastcott, Chief Data Officer at Vespermill Analytics, connected 2018-11-17"
Marcus Aldridge,Advisor,C048,Vespermill Analytics,direct,,Fenella Hartigan,Staff Engineer,2022-10-09,,0.337,unknown,4,0.347,0,"connections_aldridge.csv: Fenella Hartigan, Staff Engineer at Vespermill Analytics, connected 2022-10-09"
Marcus Aldridge,Advisor,C048,Vespermill Analytics,direct,,Greta Ingleby,Director of Software Engineering,2017-01-28,,0.293,unknown,4,0.347,0,"connections_aldridge.csv: Greta Ingleby, Director of Software Engineering at Vespermill Analytics, connected 2017-01-28"
Marcus Aldridge,Advisor,C048,Vespermill Analytics,direct,,Hana Lomsadze,Chief Data Officer,2018-07-06,,0.384,unknown,4,0.347,0,"connections_aldridge.csv: Hana Lomsadze, Chief Data Officer at Vespermill Analytics, connected 2018-07-06"
Marcus Aldridge,Advisor,C048,Vespermill Analytics,direct,,Hugo Dobrescu,"Senior Manager, Engineering",2023-06-18,,0.391,unknown,4,0.347,0,"connections_aldridge.csv: Hugo Dobrescu, Senior Manager, Engineering at Vespermill Analytics, connected 2023-06-18"
Marcus Aldridge,Advisor,C048,Vespermill Analytics,direct,,Idris Brenneman,Staff Engineer,2022-06-15,,0.337,unknown,4,0.347,0,"connections_aldridge.csv: Idris Brenneman, Staff Engineer at Vespermill Analytics, connected 2022-06-15"
Marcus Aldridge,Advisor,C048,Vespermill Analytics,direct,,Idris Højgaard,Chief Data Officer,2021-12-06,,0.465,unknown,4,0.347,0,"connections_aldridge.csv: Idris Højgaard, Chief Data Officer at Vespermill Analytics, connected 2021-12-06"
Marcus Aldridge,Advisor,C048,Vespermill Analytics,direct,,Ilse Jarrold,Head of Platform Engineering,2023-02-09,,0.449,unknown,4,0.347,0,"connections_aldridge.csv: Ilse Jarrold, Head of Platform Engineering at Vespermill Analytics, connected 2023-02-09"
Marcus Aldridge,Advisor,C048,Vespermill Analytics,direct,,Imani Drummond,"Senior Manager, Engineering",2022-12-22,,0.370,unknown,4,0.347,0,"connections_aldridge.csv: Imani Drummond, Senior Manager, Engineering at Vespermill Analytics, connected 2022-12-22"
Marcus Aldridge,Advisor,C048,Vespermill Analytics,direct,,Imani Ferreira,Head of Innovation,2018-12-16,,0.332,unknown,4,0.347,0,"connections_aldridge.csv: Imani Ferreira, Head of Innovation at Vespermill Analytics, connected 2018-12-16"
Marcus Aldridge,Advisor,C048,Vespermill Analytics,direct,,Ingrid Zubkov,Chief Data Officer,2023-05-28,,0.519,unknown,4,0.347,0,"connections_aldridge.csv: Ingrid Zubkov, Chief Data Officer at Vespermill Analytics, connected 2023-05-28"
Marcus Aldridge,Advisor,C048,Vespermill Analytics,direct,,Kofi Brenneman,Chief Technology Officer,2022-02-06,,0.492,unknown,4,0.347,0,"connections_aldridge.csv: Kofi Brenneman, Chief Technology Officer at Vespermill Analytics, connected 2022-02-06"
Marcus Aldridge,Advisor,C048,Vespermill Analytics,direct,,Kwame Fontaine,Principal Architect,2021-04-08,,0.360,unknown,4,0.347,0,"connections_aldridge.csv: Kwame Fontaine, Principal Architect at Vespermill Analytics, connected 2021-04-08"
Marcus Aldridge,Advisor,C048,Vespermill Analytics,direct,,Kwame Halloran,Director of IT,2019-12-30,,0.346,unknown,4,0.347,0,"connections_aldridge.csv: Kwame Halloran, Director of IT at Vespermill Analytics, connected 2019-12-30"
Marcus Aldridge,Advisor,C048,Vespermill Analytics,direct,,Kwame Wexford,Engineering Manager,2017-01-05,,0.261,unknown,4,0.347,0,"connections_aldridge.csv: Kwame Wexford, Engineering Manager at Vespermill Analytics, connected 2017-01-05"
Marcus Aldridge,Advisor,C048,Vespermill Analytics,direct,,Leandro Rushworth,VP Enterprise Architecture,2023-12-23,,0.472,unknown,4,0.347,0,"connections_aldridge.csv: Leandro Rushworth, VP Enterprise Architecture at Vespermill Analytics, connected 2023-12-23"
Marcus Aldridge,Advisor,C048,Vespermill Analytics,direct,,Liesel Eastcott,Head of Automation,2018-07-08,,0.332,unknown,4,0.347,0,"connections_aldridge.csv: Liesel Eastcott, Head of Automation at Vespermill Analytics, connected 2018-07-08"
Marcus Aldridge,Advisor,C048,Vespermill Analytics,direct,,Liesel Jarrold,Engineering Manager,2021-01-15,,0.339,unknown,4,0.347,0,"connections_aldridge.csv: Liesel Jarrold, Engineering Manager at Vespermill Analytics, connected 2021-01-15"
Marcus Aldridge,Advisor,C048,Vespermill Analytics,direct,,Lucia Bellinger,Principal Architect,2024-03-06,,0.423,unknown,4,0.347,0,"connections_aldridge.csv: Lucia Bellinger, Principal Architect at Vespermill Analytics, connected 2024-03-06"
Marcus Aldridge,Advisor,C048,Vespermill Analytics,direct,,Malik Petrossian,Product Director,2016-07-11,,0.278,unknown,4,0.347,0,"connections_aldridge.csv: Malik Petrossian, Product Director at Vespermill Analytics, connected 2016-07-11"
Marcus Aldridge,Advisor,C048,Vespermill Analytics,direct,,Marcus Dellinger,Product Director,2020-07-17,,0.369,unknown,4,0.347,0,"connections_aldridge.csv: Marcus Dellinger, Product Director at Vespermill Analytics, connected 2020-07-17"
Marcus Aldridge,Advisor,C048,Vespermill Analytics,direct,,Margot Dellinger,Product Director,2021-10-04,,0.392,unknown,4,0.347,0,"connections_aldridge.csv: Margot Dellinger, Product Director at Vespermill Analytics, connected 2021-10-04"
Marcus Aldridge,Advisor,C048,Vespermill Analytics,direct,,Margot Glückstein,"Senior Manager, Engineering",2018-12-24,,0.289,unknown,4,0.347,0,"connections_aldridge.csv: Margot Glückstein, Senior Manager, Engineering at Vespermill Analytics, connected 2018-12-24"
Marcus Aldridge,Advisor,C048,Vespermill Analytics,direct,,Matteo Merriweather,Program Manager,2022-01-09,,0.348,unknown,4,0.347,0,"connections_aldridge.csv: Matteo Merriweather, Program Manager at Vespermill Analytics, connected 2022-01-09"
Marcus Aldridge,Advisor,C048,Vespermill Analytics,direct,,Nadia Fairweather,SVP Digital,2021-05-21,,0.434,unknown,4,0.347,0,"connections_aldridge.csv: Nadia Fairweather, SVP Digital at Vespermill Analytics, connected 2021-05-21"
Marcus Aldridge,Advisor,C048,Vespermill Analytics,direct,,Niall Okonkwo,Head of Innovation,2016-07-25,,0.285,unknown,4,0.347,0,"connections_aldridge.csv: Niall Okonkwo, Head of Innovation at Vespermill Analytics, connected 2016-07-25"
Marcus Aldridge,Advisor,C048,Vespermill Analytics,direct,,Noor Falkenrath,Principal Architect,2018-03-22,,0.298,unknown,4,0.347,0,"connections_aldridge.csv: Noor Falkenrath, Principal Architect at Vespermill Analytics, connected 2018-03-22"
Marcus Aldridge,Advisor,C048,Vespermill Analytics,direct,,Noor Merriweather,Director of IT,2019-01-26,,0.346,unknown,4,0.347,0,"connections_aldridge.csv: Noor Merriweather, Director of IT at Vespermill Analytics, connected 2019-01-26"
Marcus Aldridge,Advisor,C048,Vespermill Analytics,direct,,Otto Ferreira,Chief Technology Officer,2016-08-10,,0.330,unknown,4,0.347,0,"connections_aldridge.csv: Otto Ferreira, Chief Technology Officer at Vespermill Analytics, connected 2016-08-10"
Marcus Aldridge,Advisor,C048,Vespermill Analytics,direct,,Owen Thackeray,Head of Platform Engineering,2019-07-13,,0.356,unknown,4,0.347,0,"connections_aldridge.csv: Owen Thackeray, Head of Platform Engineering at Vespermill Analytics, connected 2019-07-13"
Marcus Aldridge,Advisor,C048,Vespermill Analytics,direct,,Owen Vasquez,VP Enterprise Architecture,2021-02-24,,0.423,unknown,4,0.347,0,"connections_aldridge.csv: Owen Vasquez, VP Enterprise Architecture at Vespermill Analytics, connected 2021-02-24"
Marcus Aldridge,Advisor,C048,Vespermill Analytics,direct,,Perrine Petrossian,Program Manager,2022-11-20,,0.348,unknown,4,0.347,0,"connections_aldridge.csv: Perrine Petrossian, Program Manager at Vespermill Analytics, connected 2022-11-20"
Marcus Aldridge,Advisor,C048,Vespermill Analytics,direct,,Rafael Rushworth,Chief Information Officer,2024-08-04,,0.546,unknown,4,0.347,0,"connections_aldridge.csv: Rafael Rushworth, Chief Information Officer at Vespermill Analytics, connected 2024-08-04"
Marcus Aldridge,Advisor,C048,Vespermill Analytics,direct,,Ravi Vasquez,Staff Engineer,2021-01-06,,0.319,unknown,4,0.347,0,"connections_aldridge.csv: Ravi Vasquez, Staff Engineer at Vespermill Analytics, connected 2021-01-06"
Marcus Aldridge,Advisor,C048,Vespermill Analytics,direct,,Renata Marchetti,Head of Automation,2016-03-20,,0.285,unknown,4,0.347,0,"connections_aldridge.csv: Renata Marchetti, Head of Automation at Vespermill Analytics, connected 2016-03-20"
Marcus Aldridge,Advisor,C048,Vespermill Analytics,direct,,Rhys Brenneman,VP Data & Analytics,2024-08-28,,0.509,unknown,4,0.347,0,"connections_aldridge.csv: Rhys Brenneman, VP Data & Analytics at Vespermill Analytics, connected 2024-08-28"
Marcus Aldridge,Advisor,C048,Vespermill Analytics,direct,,Rhys Højgaard,Staff Engineer,2020-03-11,,0.300,unknown,4,0.347,0,"connections_aldridge.csv: Rhys Højgaard, Staff Engineer at Vespermill Analytics, connected 2020-03-11"
Marcus Aldridge,Advisor,C048,Vespermill Analytics,direct,,Sabine Oyelaran,Chief Data Officer,2022-05-07,,0.492,unknown,4,0.347,0,"connections_aldridge.csv: Sabine Oyelaran, Chief Data Officer at Vespermill Analytics, connected 2022-05-07"
Marcus Aldridge,Advisor,C048,Vespermill Analytics,direct,,Saoirse Balogun,Director of IT,2019-02-18,,0.346,unknown,4,0.347,0,"connections_aldridge.csv: Saoirse Balogun, Director of IT at Vespermill Analytics, connected 2019-02-18"
Marcus Aldridge,Advisor,C048,Vespermill Analytics,direct,,Saoirse Dobrescu,Head of Developer Productivity,2023-02-16,,0.449,unknown,4,0.347,0,"connections_aldridge.csv: Saoirse Dobrescu, Head of Developer Productivity at Vespermill Analytics, connected 2023-02-16"
Marcus Aldridge,Advisor,C048,Vespermill Analytics,direct,,Silas Balogun,Engineering Manager,2023-01-08,,0.379,unknown,4,0.347,0,"connections_aldridge.csv: Silas Balogun, Engineering Manager at Vespermill Analytics, connected 2023-01-08"
Marcus Aldridge,Advisor,C048,Vespermill Analytics,direct,,Sloane Dellinger,Director of IT,2018-02-14,,0.324,unknown,4,0.347,0,"connections_aldridge.csv: Sloane Dellinger, Director of IT at Vespermill Analytics, connected 2018-02-14"
Marcus Aldridge,Advisor,C048,Vespermill Analytics,direct,,Sloane Jarrold,Product Director,2021-10-06,,0.392,unknown,4,0.347,0,"connections_aldridge.csv: Sloane Jarrold, Product Director at Vespermill Analytics, connected 2021-10-06"
Marcus Aldridge,Advisor,C048,Vespermill Analytics,direct,,Solveig Drummond,Director of Software Engineering,2024-01-31,,0.448,unknown,4,0.347,0,"connections_aldridge.csv: Solveig Drummond, Director of Software Engineering at Vespermill Analytics, connected 2024-01-31"
Marcus Aldridge,Advisor,C048,Vespermill Analytics,direct,,Solveig Salcedo,Principal Architect,2025-06-15,,0.444,unknown,4,0.347,0,"connections_aldridge.csv: Solveig Salcedo, Principal Architect at Vespermill Analytics, connected 2025-06-15"
Marcus Aldridge,Advisor,C048,Vespermill Analytics,direct,,Tilda Egerton,Engineering Manager,2017-04-29,,0.261,unknown,4,0.347,0,"connections_aldridge.csv: Tilda Egerton, Engineering Manager at Vespermill Analytics, connected 2017-04-29"
Marcus Aldridge,Advisor,C048,Vespermill Analytics,direct,,Tilda Thackeray,Staff Engineer,2019-11-05,,0.282,unknown,4,0.347,0,"connections_aldridge.csv: Tilda Thackeray, Staff Engineer at Vespermill Analytics, connected 2019-11-05"
Marcus Aldridge,Advisor,C048,Vespermill Analytics,direct,,Yara Nakashima,Principal Architect,2017-10-09,,0.277,unknown,4,0.347,0,"connections_aldridge.csv: Yara Nakashima, Principal Architect at Vespermill Analytics, connected 2017-10-09"
Marcus Aldridge,Advisor,C048,Vespermill Analytics,direct,,Zaid Havercamp,Head of Innovation,2023-01-02,,0.449,unknown,4,0.347,0,"connections_aldridge.csv: Zaid Havercamp, Head of Innovation at Vespermill Analytics, connected 2023-01-02"
Marcus Aldridge,Advisor,C048,Vespermill Analytics,direct,,·Joaquín Ferreira,"Senior Manager, Engineering",2019-10-18,,0.309,unknown,4,0.347,0,"connections_aldridge.csv: ·Joaquín Ferreira, Senior Manager, Engineering at Vespermill Analytics, connected 2019-10-18"
Marcus Aldridge,Advisor,C048,Vespermill Analytics,direct,,·Joaquín Hartigan,Principal Architect,2017-04-05,,0.277,unknown,4,0.347,0,"connections_aldridge.csv: ·Joaquín Hartigan, Principal Architect at Vespermill Analytics, connected 2017-04-05"
Marcus Aldridge,Advisor,C048,Vespermill Analytics,direct,,·Joaquín Lindqvist,Engineering Manager,2018-09-18,,0.280,unknown,4,0.347,0,"connections_aldridge.csv: ·Joaquín Lindqvist, Engineering Manager at Vespermill Analytics, connected 2018-09-18"
Owen Trask,Investor,C048,Vespermill Analytics,direct,,Coretta Ashdown-Wolstenholme,Staff Engineer,2023-04-21,,0.356,unknown,2,0.253,0,"connections_trask.csv: Coretta Ashdown-Wolstenholme, Staff Engineer at Vespermill Analytics, connected 2023-04-21"
Owen Trask,Investor,C048,Vespermill Analytics,direct,,Curtis Zubkov-Wexford,Director of Software Engineering,2018-08-19,,0.315,unknown,2,0.253,0,"connections_trask.csv: Curtis Zubkov-Wexford, Director of Software Engineering at Vespermill Analytics, connected 2018-08-19"
Owen Trask,Investor,C048,Vespermill Analytics,direct,,Duarte Crowther-Fairweather,Principal Architect,2024-05-21,,0.423,unknown,2,0.253,0,"connections_trask.csv: Duarte Crowther-Fairweather, Principal Architect at Vespermill Analytics, connected 2024-05-21"
Owen Trask,Investor,C048,Vespermill Analytics,direct,,Espen Wolstenholme-Ashdown,Director of IT,2021-02-15,,0.392,unknown,2,0.253,0,"connections_trask.csv: Espen Wolstenholme-Ashdown, Director of IT at Vespermill Analytics, connected 2021-02-15"
Owen Trask,Investor,C048,Vespermill Analytics,direct,,Greta Kirkbride-Fontaine,Program Manager,2024-10-14,,0.386,unknown,2,0.253,0,"connections_trask.csv: Greta Kirkbride-Fontaine, Program Manager at Vespermill Analytics, connected 2024-10-14"
Owen Trask,Investor,C048,Vespermill Analytics,direct,,Hana Eastcott-Petrossian,Director of IT,2024-11-09,,0.460,unknown,2,0.253,0,"connections_trask.csv: Hana Eastcott-Petrossian, Director of IT at Vespermill Analytics, connected 2024-11-09"
Owen Trask,Investor,C048,Vespermill Analytics,direct,,Ilse Lindqvist-Havercamp,Head of Platform Engineering,2019-09-06,,0.356,unknown,2,0.253,0,"connections_trask.csv: Ilse Lindqvist-Havercamp, Head of Platform Engineering at Vespermill Analytics, connected 2019-09-06"
Owen Trask,Investor,C048,Vespermill Analytics,direct,,Kian Glückstein-Havercamp,Principal Architect,2021-06-25,,0.360,unknown,2,0.253,0,"connections_trask.csv: Kian Glückstein-Havercamp, Principal Architect at Vespermill Analytics, connected 2021-06-25"
Owen Trask,Investor,C048,Vespermill Analytics,direct,,Liesel Hartigan-Quillane,Staff Engineer,2017-04-22,,0.245,unknown,2,0.253,0,"connections_trask.csv: Liesel Hartigan-Quillane, Staff Engineer at Vespermill Analytics, connected 2017-04-22"
Owen Trask,Investor,C048,Vespermill Analytics,direct,,Lucia Achterberg-Ingleby,Head of Automation,2018-03-16,,0.332,unknown,2,0.253,0,"connections_trask.csv: Lucia Achterberg-Ingleby, Head of Automation at Vespermill Analytics, connected 2018-03-16"
Owen Trask,Investor,C048,Vespermill Analytics,direct,,Lucia Mkhize-Sandoval,Program Manager,2016-11-22,,0.233,unknown,2,0.253,0,"connections_trask.csv: Lucia Mkhize-Sandoval, Program Manager at Vespermill Analytics, connected 2016-11-22"
Owen Trask,Investor,C048,Vespermill Analytics,direct,,Mei Vasquez-Merriweather,"Senior Manager, Engineering",2016-12-20,,0.248,unknown,2,0.253,0,"connections_trask.csv: Mei Vasquez-Merriweather, Senior Manager, Engineering at Vespermill Analytics, connected 2016-12-20"
Owen Trask,Investor,C048,Vespermill Analytics,direct,,Noor Drummond-Halloran,"Senior Manager, Engineering",2023-10-17,,0.391,unknown,2,0.253,0,"connections_trask.csv: Noor Drummond-Halloran, Senior Manager, Engineering at Vespermill Analytics, connected 2023-10-17"
Owen Trask,Investor,C048,Vespermill Analytics,direct,,Owen Sandoval-Okonkwo,Head of Automation,2019-02-18,,0.356,unknown,2,0.253,0,"connections_trask.csv: Owen Sandoval-Okonkwo, Head of Automation at Vespermill Analytics, connected 2019-02-18"
Owen Trask,Investor,C048,Vespermill Analytics,direct,,Rafael Ferreira-Wexford,Product Director,2025-07-18,,0.483,unknown,2,0.253,0,"connections_trask.csv: Rafael Ferreira-Wexford, Product Director at Vespermill Analytics, connected 2025-07-18"
Owen Trask,Investor,C048,Vespermill Analytics,direct,,Rhys Wolstenholme-Kettleborough,Director of IT,2015-10-25,,0.278,unknown,2,0.253,0,"connections_trask.csv: Rhys Wolstenholme-Kettleborough, Director of IT at Vespermill Analytics, connected 2015-10-25"
Owen Trask,Investor,C048,Vespermill Analytics,direct,,Rosalind Vandermolen-Wolstenholme,Staff Engineer,2017-11-19,,0.245,unknown,2,0.253,0,"connections_trask.csv: Rosalind Vandermolen-Wolstenholme, Staff Engineer at Vespermill Analytics, connected 2017-11-19"
Owen Trask,Investor,C048,Vespermill Analytics,direct,,Sunniva Ashdown-Jarrold,VP Engineering,2025-03-30,,0.431,unknown,2,0.253,0,"connections_trask.csv: Sunniva Ashdown-Jarrold, VP Engineering at Vespermill Analytics, connected 2025-03-30"
Owen Trask,Investor,C048,Vespermill Analytics,direct,,Tanvi Dellinger-Quillane,Head of Automation,2016-11-02,,0.285,unknown,2,0.253,0,"connections_trask.csv: Tanvi Dellinger-Quillane, Head of Automation at Vespermill Analytics, connected 2016-11-02"
Owen Trask,Investor,C048,Vespermill Analytics,direct,,Wren Salcedo-Prendergast,Chief Data Officer,2023-05-16,,0.519,unknown,2,0.253,0,"connections_trask.csv: Wren Salcedo-Prendergast, Chief Data Officer at Vespermill Analytics, connected 2023-05-16"
Owen Trask,Investor,C048,Vespermill Analytics,direct,,Wren Vasquez-Mkhize,VP Enterprise Architecture,2022-04-03,,0.448,unknown,2,0.253,0,"connections_trask.csv: Wren Vasquez-Mkhize, VP Enterprise Architecture at Vespermill Analytics, connected 2022-04-03"
Priya Raghunathan,Investor,C048,Vespermill Analytics,direct,,Anouk Havercamp,Program Manager,2019-03-26,,0.291,unknown,3,0.455,0,"connections_raghunathan.csv: Anouk Havercamp, Program Manager at Vespermill Analytics, connected 2019-03-26"
Priya Raghunathan,Investor,C048,Vespermill Analytics,direct,,Ansel Drummond,Head of Innovation,2021-12-10,,0.402,unknown,3,0.455,0,"connections_raghunathan.csv: Ansel Drummond, Head of Innovation at Vespermill Analytics, connected 2021-12-10"
Priya Raghunathan,Investor,C048,Vespermill Analytics,direct,,Arjun Ingleby,VP Engineering,2022-03-01,,0.370,unknown,3,0.455,0,"connections_raghunathan.csv: Arjun Ingleby, VP Engineering at Vespermill Analytics, connected 2022-03-01"
Priya Raghunathan,Investor,C048,Vespermill Analytics,direct,,Bo Balogun,Chief Technology Officer,2023-11-01,,0.519,unknown,3,0.455,0,"connections_raghunathan.csv: Bo Balogun, Chief Technology Officer at Vespermill Analytics, connected 2023-11-01"
Priya Raghunathan,Investor,C048,Vespermill Analytics,direct,,Bo Wexford,Head of Automation,2018-05-11,,0.332,unknown,3,0.455,0,"connections_raghunathan.csv: Bo Wexford, Head of Automation at Vespermill Analytics, connected 2018-05-11"
Priya Raghunathan,Investor,C048,Vespermill Analytics,direct,,Callum Drummond,VP Engineering,2017-08-11,,0.269,unknown,3,0.455,0,"connections_raghunathan.csv: Callum Drummond, VP Engineering at Vespermill Analytics, connected 2017-08-11"
Priya Raghunathan,Investor,C048,Vespermill Analytics,direct,,Curtis Fairweather,Director of IT,2016-07-24,,0.278,unknown,3,0.455,0,"connections_raghunathan.csv: Curtis Fairweather, Director of IT at Vespermill Analytics, connected 2016-07-24"
Priya Raghunathan,Investor,C048,Vespermill Analytics,direct,,Curtis Quillane,Director of IT,2024-05-18,,0.460,unknown,3,0.455,0,"connections_raghunathan.csv: Curtis Quillane, Director of IT at Vespermill Analytics, connected 2024-05-18"
Priya Raghunathan,Investor,C048,Vespermill Analytics,direct,,Dev Oyelaran,Chief Digital Officer,2019-09-27,,0.411,unknown,3,0.455,0,"connections_raghunathan.csv: Dev Oyelaran, Chief Digital Officer at Vespermill Analytics, connected 2019-09-27"
Priya Raghunathan,Investor,C048,Vespermill Analytics,direct,,Duarte Prendergast,Head of Automation,2021-05-22,,0.402,unknown,3,0.455,0,"connections_raghunathan.csv: Duarte Prendergast, Head of Automation at Vespermill Analytics, connected 2021-05-22"
Priya Raghunathan,Investor,C048,Vespermill Analytics,direct,,Emeka Oyelaran,"Senior Manager, Engineering",2021-07-14,,0.350,unknown,3,0.455,0,"connections_raghunathan.csv: Emeka Oyelaran, Senior Manager, Engineering at Vespermill Analytics, connected 2021-07-14"
Priya Raghunathan,Investor,C048,Vespermill Analytics,direct,,Espen Yarrow,Platform Lead,2022-03-21,,0.381,unknown,3,0.455,0,"connections_raghunathan.csv: Espen Yarrow, Platform Lead at Vespermill Analytics, connected 2022-03-21"
Priya Raghunathan,Investor,C048,Vespermill Analytics,direct,,Gideon Vandermolen,Chief Data Officer,2018-06-17,,0.384,unknown,3,0.455,0,"connections_raghunathan.csv: Gideon Vandermolen, Chief Data Officer at Vespermill Analytics, connected 2018-06-17"
Priya Raghunathan,Investor,C048,Vespermill Analytics,direct,,Hana Ingleby,"Senior Manager, Engineering",2023-08-13,,0.391,unknown,3,0.455,0,"connections_raghunathan.csv: Hana Ingleby, Senior Manager, Engineering at Vespermill Analytics, connected 2023-08-13"
Priya Raghunathan,Investor,C048,Vespermill Analytics,direct,,Ilse Bellinger,VP Engineering,2025-04-21,,0.431,unknown,3,0.455,0,"connections_raghunathan.csv: Ilse Bellinger, VP Engineering at Vespermill Analytics, connected 2025-04-21"
Priya Raghunathan,Investor,C048,Vespermill Analytics,direct,,Ilse Isenberg,Head of Platform Engineering,2017-08-25,,0.309,unknown,3,0.455,0,"connections_raghunathan.csv: Ilse Isenberg, Head of Platform Engineering at Vespermill Analytics, connected 2017-08-25"
Priya Raghunathan,Investor,C048,Vespermill Analytics,direct,,Imani Cardoso,Staff Engineer,2015-11-20,,0.226,unknown,3,0.455,0,"connections_raghunathan.csv: Imani Cardoso, Staff Engineer at Vespermill Analytics, connected 2015-11-20"
Priya Raghunathan,Investor,C048,Vespermill Analytics,direct,,Kian Vandermolen,Staff Engineer,2016-04-04,,0.226,unknown,3,0.455,0,"connections_raghunathan.csv: Kian Vandermolen, Staff Engineer at Vespermill Analytics, connected 2016-04-04"
Priya Raghunathan,Investor,C048,Vespermill Analytics,direct,,Kian Yarrow,Platform Lead,2024-09-02,,0.423,unknown,3,0.455,0,"connections_raghunathan.csv: Kian Yarrow, Platform Lead at Vespermill Analytics, connected 2024-09-02"
Priya Raghunathan,Investor,C048,Vespermill Analytics,direct,,Kwame Havercamp,Head of Automation,2023-12-05,,0.449,unknown,3,0.455,0,"connections_raghunathan.csv: Kwame Havercamp, Head of Automation at Vespermill Analytics, connected 2023-12-05"
Priya Raghunathan,Investor,C048,Vespermill Analytics,direct,,Lucia Lomsadze,Director of IT,2025-02-19,,0.483,unknown,3,0.455,0,"connections_raghunathan.csv: Lucia Lomsadze, Director of IT at Vespermill Analytics, connected 2025-02-19"
Priya Raghunathan,Investor,C048,Vespermill Analytics,direct,,Malik Ibarra,Product Director,2022-10-01,,0.415,unknown,3,0.455,0,"connections_raghunathan.csv: Malik Ibarra, Product Director at Vespermill Analytics, connected 2022-10-01"
Priya Raghunathan,Investor,C048,Vespermill Analytics,direct,,Malik Wexford,Chief Technology Officer,2021-08-29,,0.465,unknown,3,0.455,0,"connections_raghunathan.csv: Malik Wexford, Chief Technology Officer at Vespermill Analytics, connected 2021-08-29"
Priya Raghunathan,Investor,C048,Vespermill Analytics,direct,,Margot Prendergast,Product Director,2017-01-01,,0.301,unknown,3,0.455,0,"connections_raghunathan.csv: Margot Prendergast, Product Director at Vespermill Analytics, connected 2017-01-01"
Priya Raghunathan,Investor,C048,Vespermill Analytics,direct,,Marisol Crowther,Head of Automation,2016-04-21,,0.285,unknown,3,0.455,0,"connections_raghunathan.csv: Marisol Crowther, Head of Automation at Vespermill Analytics, connected 2016-04-21"
Priya Raghunathan,Investor,C048,Vespermill Analytics,direct,,Nadia Thackeray,Staff Engineer,2016-05-22,,0.226,unknown,3,0.455,0,"connections_raghunathan.csv: Nadia Thackeray, Staff Engineer at Vespermill Analytics, connected 2016-05-22"
Priya Raghunathan,Investor,C048,Vespermill Analytics,direct,,Odette Drummond,Chief Technology Officer,2021-06-27,,0.465,unknown,3,0.455,0,"connections_raghunathan.csv: Odette Drummond, Chief Technology Officer at Vespermill Analytics, connected 2021-06-27"
Priya Raghunathan,Investor,C048,Vespermill Analytics,direct,,Otto Prendergast,Head of Innovation,2019-11-28,,0.356,unknown,3,0.455,0,"connections_raghunathan.csv: Otto Prendergast, Head of Innovation at Vespermill Analytics, connected 2019-11-28"
Priya Raghunathan,Investor,C048,Vespermill Analytics,direct,,Ravi Oyelaran,Engineering Manager,2016-12-14,,0.241,unknown,3,0.455,0,"connections_raghunathan.csv: Ravi Oyelaran, Engineering Manager at Vespermill Analytics, connected 2016-12-14"
Priya Raghunathan,Investor,C048,Vespermill Analytics,direct,,Sabine Bellinger,Director of IT,2024-01-28,,0.460,unknown,3,0.455,0,"connections_raghunathan.csv: Sabine Bellinger, Director of IT at Vespermill Analytics, connected 2024-01-28"
Priya Raghunathan,Investor,C048,Vespermill Analytics,direct,,Saoirse Falkenrath,Head of Innovation,2021-09-25,,0.402,unknown,3,0.455,0,"connections_raghunathan.csv: Saoirse Falkenrath, Head of Innovation at Vespermill Analytics, connected 2021-09-25"
Priya Raghunathan,Investor,C048,Vespermill Analytics,direct,,Tanvi Oldfield,Staff Engineer,2017-10-31,,0.245,unknown,3,0.455,0,"connections_raghunathan.csv: Tanvi Oldfield, Staff Engineer at Vespermill Analytics, connected 2017-10-31"
Priya Raghunathan,Investor,C048,Vespermill Analytics,direct,,Tilda Vasquez,Chief Data Officer,2018-10-21,,0.384,unknown,3,0.455,0,"connections_raghunathan.csv: Tilda Vasquez, Chief Data Officer at Vespermill Analytics, connected 2018-10-21"
Priya Raghunathan,Investor,C048,Vespermill Analytics,direct,,Tomás Højgaard,Platform Lead,2018-06-04,,0.298,unknown,3,0.455,0,"connections_raghunathan.csv: Tomás Højgaard, Platform Lead at Vespermill Analytics, connected 2018-06-04"
Priya Raghunathan,Investor,C048,Vespermill Analytics,direct,,·Joaquín Prendergast,"Senior Manager, Engineering",2022-08-05,,0.370,unknown,3,0.455,0,"connections_raghunathan.csv: ·Joaquín Prendergast, Senior Manager, Engineering at Vespermill Analytics, connected 2022-08-05"
Tomás Beckett,Internal,C048,Vespermill Analytics,direct,,Amara Balogun,Principal Architect,2017-07-20,,0.277,unknown,8,0.357,0,"connections_beckett.csv: Amara Balogun, Principal Architect at Vespermill Analytics, connected 2017-07-20"
Tomás Beckett,Internal,C048,Vespermill Analytics,direct,,Ansel Ferreira-Zettergren,Chief Data Officer,2025-04-28,,0.573,unknown,8,0.357,0,"connections_beckett.csv: Ansel Ferreira-Zettergren, Chief Data Officer at Vespermill Analytics, connected 2025-04-28"
Tomás Beckett,Internal,C048,Vespermill Analytics,direct,,Arjun Ibarra-Petrossian,Head of Innovation,2017-02-01,,0.309,unknown,8,0.357,0,"connections_beckett.csv: Arjun Ibarra-Petrossian, Head of Innovation at Vespermill Analytics, connected 2017-02-01"
Tomás Beckett,Internal,C048,Vespermill Analytics,direct,,Arjun Quillane-Kirkbride,Chief Information Officer,2017-09-11,,0.357,unknown,8,0.357,0,"connections_beckett.csv: Arjun Quillane-Kirkbride, Chief Information Officer at Vespermill Analytics, connected 2017-09-11"
Tomás Beckett,Internal,C048,Vespermill Analytics,direct,,Arjun Wolstenholme,Head of Automation,2016-08-26,,0.285,unknown,8,0.357,0,"connections_beckett.csv: Arjun Wolstenholme, Head of Automation at Vespermill Analytics, connected 2016-08-26"
Tomás Beckett,Internal,C048,Vespermill Analytics,direct,,Bo Dobrescu,Head of Innovation,2023-12-15,,0.449,unknown,8,0.357,0,"connections_beckett.csv: Bo Dobrescu, Head of Innovation at Vespermill Analytics, connected 2023-12-15"
Tomás Beckett,Internal,C048,Vespermill Analytics,direct,,Bram Crowther-Marchetti,"Senior Manager, Engineering",2022-12-21,,0.370,unknown,8,0.357,0,"connections_beckett.csv: Bram Crowther-Marchetti, Senior Manager, Engineering at Vespermill Analytics, connected 2022-12-21"
Tomás Beckett,Internal,C048,Vespermill Analytics,direct,,Bram Vandermolen-Højgaard,Director of IT,2018-05-25,,0.324,unknown,8,0.357,0,"connections_beckett.csv: Bram Vandermolen-Højgaard, Director of IT at Vespermill Analytics, connected 2018-05-25"
Tomás Beckett,Internal,C048,Vespermill Analytics,direct,,Bram Yarrow-Marchetti,Chief Technology Officer,2024-10-19,,0.546,unknown,8,0.357,0,"connections_beckett.csv: Bram Yarrow-Marchetti, Chief Technology Officer at Vespermill Analytics, connected 2024-10-19"
Tomás Beckett,Internal,C048,Vespermill Analytics,direct,,Callum Cathcart,Chief Data Officer,2016-09-21,,0.330,unknown,8,0.357,0,"connections_beckett.csv: Callum Cathcart, Chief Data Officer at Vespermill Analytics, connected 2016-09-21"
Tomás Beckett,Internal,C048,Vespermill Analytics,direct,,Callum Havercamp,Director of Software Engineering,2021-09-23,,0.381,unknown,8,0.357,0,"connections_beckett.csv: Callum Havercamp, Director of Software Engineering at Vespermill Analytics, connected 2021-09-23"
Tomás Beckett,Internal,C048,Vespermill Analytics,direct,,Camille Glückstein-Fairweather,Staff Engineer,2019-09-16,,0.282,unknown,8,0.357,0,"connections_beckett.csv: Camille Glückstein-Fairweather, Staff Engineer at Vespermill Analytics, connected 2019-09-16"
Tomás Beckett,Internal,C048,Vespermill Analytics,direct,,Casper Dellinger,Director of Software Engineering,2025-02-14,,0.470,unknown,8,0.357,0,"connections_beckett.csv: Casper Dellinger, Director of Software Engineering at Vespermill Analytics, connected 2025-02-14"
Tomás Beckett,Internal,C048,Vespermill Analytics,direct,,Casper Rushworth-Crowther,Principal Architect,2020-05-18,,0.339,unknown,8,0.357,0,"connections_beckett.csv: Casper Rushworth-Crowther, Principal Architect at Vespermill Analytics, connected 2020-05-18"
Tomás Beckett,Internal,C048,Vespermill Analytics,direct,,Coretta Salcedo,VP Data & Analytics,2022-06-01,,0.459,unknown,8,0.357,0,"connections_beckett.csv: Coretta Salcedo, VP Data & Analytics at Vespermill Analytics, connected 2022-06-01"
Tomás Beckett,Internal,C048,Vespermill Analytics,direct,,Curtis Halloran,Chief Data Officer,2019-04-12,,0.411,unknown,8,0.357,0,"connections_beckett.csv: Curtis Halloran, Chief Data Officer at Vespermill Analytics, connected 2019-04-12"
Tomás Beckett,Internal,C048,Vespermill Analytics,direct,,Dev Isenberg-Thackeray,Chief Data Officer,2020-05-20,,0.438,unknown,8,0.357,0,"connections_beckett.csv: Dev Isenberg-Thackeray, Chief Data Officer at Vespermill Analytics, connected 2020-05-20"
Tomás Beckett,Internal,C048,Vespermill Analytics,direct,,Devin Crowther-Zettergren,Head of Platform Engineering,2023-05-05,,0.449,unknown,8,0.357,0,"connections_beckett.csv: Devin Crowther-Zettergren, Head of Platform Engineering at Vespermill Analytics, connected 2023-05-05"
Tomás Beckett,Internal,C048,Vespermill Analytics,direct,,Elena Dellinger,Head of Innovation,2018-03-26,,0.332,unknown,8,0.357,0,"connections_beckett.csv: Elena Dellinger, Head of Innovation at Vespermill Analytics, connected 2018-03-26"
Tomás Beckett,Internal,C048,Vespermill Analytics,direct,,Emeka Fontaine,Staff Engineer,2019-12-28,,0.282,unknown,8,0.357,0,"connections_beckett.csv: Emeka Fontaine, Staff Engineer at Vespermill Analytics, connected 2019-12-28"
Tomás Beckett,Internal,C048,Vespermill Analytics,direct,,Fenella Jarrold,Engineering Manager,2021-06-20,,0.339,unknown,8,0.357,0,"connections_beckett.csv: Fenella Jarrold, Engineering Manager at Vespermill Analytics, connected 2021-06-20"
Tomás Beckett,Internal,C048,Vespermill Analytics,direct,,Freya Achterberg,Engineering Manager,2018-12-19,,0.280,unknown,8,0.357,0,"connections_beckett.csv: Freya Achterberg, Engineering Manager at Vespermill Analytics, connected 2018-12-19"
Tomás Beckett,Internal,C048,Vespermill Analytics,direct,,Gideon Zubkov-Quillane,Chief Digital Officer,2023-01-09,,0.519,unknown,8,0.357,0,"connections_beckett.csv: Gideon Zubkov-Quillane, Chief Digital Officer at Vespermill Analytics, connected 2023-01-09"
Tomás Beckett,Internal,C048,Vespermill Analytics,direct,,Greta Prendergast-Jarrold,VP Enterprise Architecture,2022-05-12,,0.448,unknown,8,0.357,0,"connections_beckett.csv: Greta Prendergast-Jarrold, VP Enterprise Architecture at Vespermill Analytics, connected 2022-05-12"
Tomás Beckett,Internal,C048,Vespermill Analytics,direct,,Kian Fairweather,Chief Data Officer,2025-07-01,,0.573,unknown,8,0.357,0,"connections_beckett.csv: Kian Fairweather, Chief Data Officer at Vespermill Analytics, connected 2025-07-01"
Tomás Beckett,Internal,C048,Vespermill Analytics,direct,,Kofi Thackeray-Glückstein,Engineering Manager,2024-04-13,,0.399,unknown,8,0.357,0,"connections_beckett.csv: Kofi Thackeray-Glückstein, Engineering Manager at Vespermill Analytics, connected 2024-04-13"
Tomás Beckett,Internal,C048,Vespermill Analytics,direct,,Lucia Petrossian,Staff Engineer,2023-09-28,,0.356,unknown,8,0.357,0,"connections_beckett.csv: Lucia Petrossian, Staff Engineer at Vespermill Analytics, connected 2023-09-28"
Tomás Beckett,Internal,C048,Vespermill Analytics,direct,,Malik Hartigan-Marchetti,Program Manager,2016-12-12,,0.233,unknown,8,0.357,0,"connections_beckett.csv: Malik Hartigan-Marchetti, Program Manager at Vespermill Analytics, connected 2016-12-12"
Tomás Beckett,Internal,C048,Vespermill Analytics,direct,,Marisol Oldfield,Chief Data Officer,2020-11-23,,0.438,unknown,8,0.357,0,"connections_beckett.csv: Marisol Oldfield, Chief Data Officer at Vespermill Analytics, connected 2020-11-23"
Tomás Beckett,Internal,C048,Vespermill Analytics,direct,,Marisol Underhill-Ibarra,Product Director,2017-05-18,,0.301,unknown,8,0.357,0,"connections_beckett.csv: Marisol Underhill-Ibarra, Product Director at Vespermill Analytics, connected 2017-05-18"
Tomás Beckett,Internal,C048,Vespermill Analytics,direct,,Mei Havercamp,Head of Developer Productivity,2018-10-03,,0.332,unknown,8,0.357,0,"connections_beckett.csv: Mei Havercamp, Head of Developer Productivity at Vespermill Analytics, connected 2018-10-03"
Tomás Beckett,Internal,C048,Vespermill Analytics,direct,,Mei Petrossian,"Senior Manager, Engineering",2016-01-05,,0.248,unknown,8,0.357,0,"connections_beckett.csv: Mei Petrossian, Senior Manager, Engineering at Vespermill Analytics, connected 2016-01-05"
Tomás Beckett,Internal,C048,Vespermill Analytics,direct,,Odette Falkenrath-Vasquez,Chief Operating Officer,2022-10-12,,0.492,unknown,8,0.357,0,"connections_beckett.csv: Odette Falkenrath-Vasquez, Chief Operating Officer at Vespermill Analytics, connected 2022-10-12"
Tomás Beckett,Internal,C048,Vespermill Analytics,direct,,Otto Drummond-Glückstein,Platform Lead,2019-05-03,,0.319,unknown,8,0.357,0,"connections_beckett.csv: Otto Drummond-Glückstein, Platform Lead at Vespermill Analytics, connected 2019-05-03"
Tomás Beckett,Internal,C048,Vespermill Analytics,direct,,Otto Wexford,Head of Platform Engineering,2019-11-02,,0.356,unknown,8,0.357,0,"connections_beckett.csv: Otto Wexford, Head of Platform Engineering at Vespermill Analytics, connected 2019-11-02"
Tomás Beckett,Internal,C048,Vespermill Analytics,direct,,Owen Bellinger,"Senior Manager, Engineering",2020-01-12,,0.330,unknown,8,0.357,0,"connections_beckett.csv: Owen Bellinger, Senior Manager, Engineering at Vespermill Analytics, connected 2020-01-12"
Tomás Beckett,Internal,C048,Vespermill Analytics,direct,,Owen Quillane,Product Director,2020-03-09,,0.369,unknown,8,0.357,0,"connections_beckett.csv: Owen Quillane, Product Director at Vespermill Analytics, connected 2020-03-09"
Tomás Beckett,Internal,C048,Vespermill Analytics,direct,,Rafael Crowther-Wolstenholme,Product Director,2017-05-20,,0.301,unknown,8,0.357,0,"connections_beckett.csv: Rafael Crowther-Wolstenholme, Product Director at Vespermill Analytics, connected 2017-05-20"
Tomás Beckett,Internal,C048,Vespermill Analytics,direct,,Rafael Ingleby,Head of Innovation,2017-11-03,,0.309,unknown,8,0.357,0,"connections_beckett.csv: Rafael Ingleby, Head of Innovation at Vespermill Analytics, connected 2017-11-03"
Tomás Beckett,Internal,C048,Vespermill Analytics,direct,,Rafael Kirkbride,Chief Technology Officer,2022-01-22,,0.492,unknown,8,0.357,0,"connections_beckett.csv: Rafael Kirkbride, Chief Technology Officer at Vespermill Analytics, connected 2022-01-22"
Tomás Beckett,Internal,C048,Vespermill Analytics,direct,,Rhys Brenneman-Underhill,Product Director,2018-01-12,,0.324,unknown,8,0.357,0,"connections_beckett.csv: Rhys Brenneman-Underhill, Product Director at Vespermill Analytics, connected 2018-01-12"
Tomás Beckett,Internal,C048,Vespermill Analytics,direct,,Rhys Oyelaran,Chief Information Officer,2022-03-10,,0.492,unknown,8,0.357,0,"connections_beckett.csv: Rhys Oyelaran, Chief Information Officer at Vespermill Analytics, connected 2022-03-10"
Tomás Beckett,Internal,C048,Vespermill Analytics,direct,,Rosalind Bellinger-Drummond,Staff Engineer,2018-06-29,,0.263,unknown,8,0.357,0,"connections_beckett.csv: Rosalind Bellinger-Drummond, Staff Engineer at Vespermill Analytics, connected 2018-06-29"
Tomás Beckett,Internal,C048,Vespermill Analytics,direct,,Rosalind Cardoso,"Senior Manager, Engineering",2024-07-16,,0.411,unknown,8,0.357,0,"connections_beckett.csv: Rosalind Cardoso, Senior Manager, Engineering at Vespermill Analytics, connected 2024-07-16"
Tomás Beckett,Internal,C048,Vespermill Analytics,direct,,Sabine Achterberg,Product Director,2025-02-17,,0.483,unknown,8,0.357,0,"connections_beckett.csv: Sabine Achterberg, Product Director at Vespermill Analytics, connected 2025-02-17"
Tomás Beckett,Internal,C048,Vespermill Analytics,direct,,Sloane Halloran,Head of Automation,2025-07-03,,0.496,unknown,8,0.357,0,"connections_beckett.csv: Sloane Halloran, Head of Automation at Vespermill Analytics, connected 2025-07-03"
Tomás Beckett,Internal,C048,Vespermill Analytics,direct,,Solveig Glückstein,Director of Software Engineering,2019-06-11,,0.337,unknown,8,0.357,0,"connections_beckett.csv: Solveig Glückstein, Director of Software Engineering at Vespermill Analytics, connected 2019-06-11"
Tomás Beckett,Internal,C048,Vespermill Analytics,direct,,Sunniva Egerton,Director of IT,2022-02-13,,0.415,unknown,8,0.357,0,"connections_beckett.csv: Sunniva Egerton, Director of IT at Vespermill Analytics, connected 2022-02-13"
Tomás Beckett,Internal,C048,Vespermill Analytics,direct,,Tanvi Drummond-Zubkov,Program Manager,2018-07-07,,0.272,unknown,8,0.357,0,"connections_beckett.csv: Tanvi Drummond-Zubkov, Program Manager at Vespermill Analytics, connected 2018-07-07"
Tomás Beckett,Internal,C048,Vespermill Analytics,direct,,Teodor Dellinger-Dobrescu,"Senior Manager, Engineering",2018-07-12,,0.289,unknown,8,0.357,0,"connections_beckett.csv: Teodor Dellinger-Dobrescu, Senior Manager, Engineering at Vespermill Analytics, connected 2018-07-12"
Tomás Beckett,Internal,C048,Vespermill Analytics,direct,,Tilda Ingleby-Hartigan,Head of Automation,2023-09-23,,0.449,unknown,8,0.357,0,"connections_beckett.csv: Tilda Ingleby-Hartigan, Head of Automation at Vespermill Analytics, connected 2023-09-23"
Tomás Beckett,Internal,C048,Vespermill Analytics,direct,,Tomás Lindqvist,Staff Engineer,2023-05-16,,0.356,unknown,8,0.357,0,"connections_beckett.csv: Tomás Lindqvist, Staff Engineer at Vespermill Analytics, connected 2023-05-16"
Tomás Beckett,Internal,C048,Vespermill Analytics,direct,,Yusuf Egerton-Thackeray,SVP Digital,2022-01-21,,0.459,unknown,8,0.357,0,"connections_beckett.csv: Yusuf Egerton-Thackeray, SVP Digital at Vespermill Analytics, connected 2022-01-21"
Tomás Beckett,Internal,C048,Vespermill Analytics,direct,,Zaid Eastcott,Chief Technology Officer,2020-08-17,,0.438,unknown,8,0.357,0,"connections_beckett.csv: Zaid Eastcott, Chief Technology Officer at Vespermill Analytics, connected 2020-08-17"
Tomás Beckett,Internal,C048,Vespermill Analytics,direct,,Zaid Norrington,Chief Technology Officer,2019-11-14,,0.411,unknown,8,0.357,0,"connections_beckett.csv: Zaid Norrington, Chief Technology Officer at Vespermill Analytics, connected 2019-11-14"
Tomás Beckett,Internal,C048,Vespermill Analytics,direct,,·Joaquín Hartigan-Salcedo,Product Director,2023-03-21,,0.437,unknown,8,0.357,0,"connections_beckett.csv: ·Joaquín Hartigan-Salcedo, Product Director at Vespermill Analytics, connected 2023-03-21"
Tomás Beckett,Internal,C048,Vespermill Analytics,direct,,·Joaquín Prendergast-Crowther,Head of Innovation,2023-02-20,,0.449,unknown,8,0.357,0,"connections_beckett.csv: ·Joaquín Prendergast-Crowther, Head of Innovation at Vespermill Analytics, connected 2023-02-20"
Elena Duvall,Advisor,C049,Calderon Aerospace,direct,,Sabine Underhill,VP Enterprise Architecture,2022-08-26,,0.448,unknown,3,0.360,0,"connections_duvall.csv: Sabine Underhill, VP Enterprise Architecture at Calderon Aerospace, connected 2022-08-26"
Marcus Aldridge,Advisor,C049,Calderon Aerospace,direct,,Camille Fairweather,VP Engineering,2025-10-19,,0.431,unknown,4,0.347,0,"connections_aldridge.csv: Camille Fairweather, VP Engineering at Calderon Aerospace, connected 2025-10-19"
Owen Trask,Investor,C049,Calderon Aerospace,direct,,Sabine Underhill,VP Enterprise Architecture,2021-12-24,,0.423,unknown,2,0.253,0,"connections_trask.csv: Sabine Underhill, VP Enterprise Architecture at Calderon Aerospace, connected 2021-12-24"
Priya Raghunathan,Investor,C049,Calderon Aerospace,direct,,Camille Fairweather,VP Engineering,2026-08-05,,0.452,unknown,3,0.455,0,"connections_raghunathan.csv: Camille Fairweather, VP Engineering at Calderon Aerospace, connected 2026-08-05"
Dana Whitfield,Internal,C051,Xanthe Labs,direct,,Amara Sandoval,Head of Platform Engineering,2018-09-24,,0.332,unknown,6,0.428,0,"connections_whitfield.csv: Amara Sandoval, Head of Platform Engineering at Xanthe Labs, connected 2018-09-24"
Dana Whitfield,Internal,C051,Xanthe Labs,direct,,Anouk Yarrow,Head of Automation,2015-10-13,,0.285,unknown,6,0.428,0,"connections_whitfield.csv: Anouk Yarrow, Head of Automation at Xanthe Labs, connected 2015-10-13"
Dana Whitfield,Internal,C051,Xanthe Labs,direct,,Bo Salcedo,Staff Engineer,2016-04-08,,0.226,unknown,6,0.428,0,"connections_whitfield.csv: Bo Salcedo, Staff Engineer at Xanthe Labs, connected 2016-04-08"
Dana Whitfield,Internal,C051,Xanthe Labs,direct,,Bram Drummond,Chief Operating Officer,2022-02-11,,0.492,unknown,6,0.428,0,"connections_whitfield.csv: Bram Drummond, Chief Operating Officer at Xanthe Labs, connected 2022-02-11"
Dana Whitfield,Internal,C051,Xanthe Labs,direct,,Bram Egerton,Head of Automation,2018-02-02,,0.332,unknown,6,0.428,0,"connections_whitfield.csv: Bram Egerton, Head of Automation at Xanthe Labs, connected 2018-02-02"
Dana Whitfield,Internal,C051,Xanthe Labs,direct,,Callum Vandermolen,Product Director,2018-05-24,,0.324,unknown,6,0.428,0,"connections_whitfield.csv: Callum Vandermolen, Product Director at Xanthe Labs, connected 2018-05-24"
Dana Whitfield,Internal,C051,Xanthe Labs,direct,,Casper Cardoso,Engineering Manager,2023-03-18,,0.379,unknown,6,0.428,0,"connections_whitfield.csv: Casper Cardoso, Engineering Manager at Xanthe Labs, connected 2023-03-18"
Dana Whitfield,Internal,C051,Xanthe Labs,direct,,Dana Brenneman,VP Engineering,2019-08-27,,0.309,unknown,6,0.428,0,"connections_whitfield.csv: Dana Brenneman, VP Engineering at Xanthe Labs, connected 2019-08-27"
Dana Whitfield,Internal,C051,Xanthe Labs,direct,,Dana Ferreira,Product Director,2019-10-04,,0.346,unknown,6,0.428,0,"connections_whitfield.csv: Dana Ferreira, Product Director at Xanthe Labs, connected 2019-10-04"
Dana Whitfield,Internal,C051,Xanthe Labs,direct,,Devin Norrington,"Senior Manager, Engineering",2018-01-24,,0.289,unknown,6,0.428,0,"connections_whitfield.csv: Devin Norrington, Senior Manager, Engineering at Xanthe Labs, connected 2018-01-24"
Dana Whitfield,Internal,C051,Xanthe Labs,direct,,Elena Achterberg,Head of Innovation,2019-04-18,,0.356,unknown,6,0.428,0,"connections_whitfield.csv: Elena Achterberg, Head of Innovation at Xanthe Labs, connected 2019-04-18"
Dana Whitfield,Internal,C051,Xanthe Labs,direct,,Elena Lindqvist,VP Engineering,2018-09-17,,0.289,unknown,6,0.428,0,"connections_whitfield.csv: Elena Lindqvist, VP Engineering at Xanthe Labs, connected 2018-09-17"
Dana Whitfield,Internal,C051,Xanthe Labs,direct,,Emeka Bellinger,Chief Technology Officer,2022-10-02,,0.492,unknown,6,0.428,0,"connections_whitfield.csv: Emeka Bellinger, Chief Technology Officer at Xanthe Labs, connected 2022-10-02"
Dana Whitfield,Internal,C051,Xanthe Labs,direct,,Freya Falkenrath,Head of Automation,2022-10-09,,0.426,unknown,6,0.428,0,"connections_whitfield.csv: Freya Falkenrath, Head of Automation at Xanthe Labs, connected 2022-10-09"
Dana Whitfield,Internal,C051,Xanthe Labs,direct,,Ilse Glückstein,Program Manager,2020-05-22,,0.310,unknown,6,0.428,0,"connections_whitfield.csv: Ilse Glückstein, Program Manager at Xanthe Labs, connected 2020-05-22"
Dana Whitfield,Internal,C051,Xanthe Labs,direct,,Imani Vasquez,Program Manager,2016-05-23,,0.233,unknown,6,0.428,0,"connections_whitfield.csv: Imani Vasquez, Program Manager at Xanthe Labs, connected 2016-05-23"
Dana Whitfield,Internal,C051,Xanthe Labs,direct,,Ingrid Glückstein,Staff Engineer,2022-07-25,,0.337,unknown,6,0.428,0,"connections_whitfield.csv: Ingrid Glückstein, Staff Engineer at Xanthe Labs, connected 2022-07-25"
Dana Whitfield,Internal,C051,Xanthe Labs,direct,,Kian Dobrescu,Head of Developer Productivity,2018-12-09,,0.332,unknown,6,0.428,0,"connections_whitfield.csv: Kian Dobrescu, Head of Developer Productivity at Xanthe Labs, connected 2018-12-09"
Dana Whitfield,Internal,C051,Xanthe Labs,direct,,Kian Havercamp,Principal Architect,2018-06-02,,0.298,unknown,6,0.428,0,"connections_whitfield.csv: Kian Havercamp, Principal Architect at Xanthe Labs, connected 2018-06-02"
Dana Whitfield,Internal,C051,Xanthe Labs,direct,,Kian Zubkov,Chief Information Officer,2021-07-29,,0.465,unknown,6,0.428,0,"connections_whitfield.csv: Kian Zubkov, Chief Information Officer at Xanthe Labs, connected 2021-07-29"
Dana Whitfield,Internal,C051,Xanthe Labs,direct,,Kofi Merriweather,"Senior Manager, Engineering",2025-02-11,,0.431,unknown,6,0.428,0,"connections_whitfield.csv: Kofi Merriweather, Senior Manager, Engineering at Xanthe Labs, connected 2025-02-11"
Dana Whitfield,Internal,C051,Xanthe Labs,direct,,Liesel Ferreira,Principal Architect,2016-06-21,,0.256,unknown,6,0.428,0,"connections_whitfield.csv: Liesel Ferreira, Principal Architect at Xanthe Labs, connected 2016-06-21"
Dana Whitfield,Internal,C051,Xanthe Labs,direct,,Liesel Vasquez,Chief Information Officer,2016-10-24,,0.330,unknown,6,0.428,0,"connections_whitfield.csv: Liesel Vasquez, Chief Information Officer at Xanthe Labs, connected 2016-10-24"
Dana Whitfield,Internal,C051,Xanthe Labs,direct,,Lucia Hartigan,VP Engineering,2023-12-29,,0.391,unknown,6,0.428,0,"connections_whitfield.csv: Lucia Hartigan, VP Engineering at Xanthe Labs, connected 2023-12-29"
Dana Whitfield,Internal,C051,Xanthe Labs,direct,,Lucia Merriweather,Engineering Manager,2022-08-02,,0.359,unknown,6,0.428,0,"connections_whitfield.csv: Lucia Merriweather, Engineering Manager at Xanthe Labs, connected 2022-08-02"
Dana Whitfield,Internal,C051,Xanthe Labs,direct,,Marcus Drummond,Director of IT,2021-02-22,,0.392,unknown,6,0.428,0,"connections_whitfield.csv: Marcus Drummond, Director of IT at Xanthe Labs, connected 2021-02-22"
Dana Whitfield,Internal,C051,Xanthe Labs,direct,,Marcus Egerton,Engineering Manager,2017-12-30,,0.261,unknown,6,0.428,0,"connections_whitfield.csv: Marcus Egerton, Engineering Manager at Xanthe Labs, connected 2017-12-30"
Dana Whitfield,Internal,C051,Xanthe Labs,direct,,Marisol Vandermolen,Chief Information Officer,2021-09-02,,0.465,unknown,6,0.428,0,"connections_whitfield.csv: Marisol Vandermolen, Chief Information Officer at Xanthe Labs, connected 2021-09-02"
Dana Whitfield,Internal,C051,Xanthe Labs,direct,,Priya Achterberg,VP Data & Analytics,2019-05-18,,0.383,unknown,6,0.428,0,"connections_whitfield.csv: Priya Achterberg, VP Data & Analytics at Xanthe Labs, connected 2019-05-18"
Dana Whitfield,Internal,C051,Xanthe Labs,direct,,Rafael Vasquez,Product Director,2018-01-01,,0.324,unknown,6,0.428,0,"connections_whitfield.csv: Rafael Vasquez, Product Director at Xanthe Labs, connected 2018-01-01"
Dana Whitfield,Internal,C051,Xanthe Labs,direct,,Ravi Egerton,Engineering Manager,2020-04-20,,0.320,unknown,6,0.428,0,"connections_whitfield.csv: Ravi Egerton, Engineering Manager at Xanthe Labs, connected 2020-04-20"
Dana Whitfield,Internal,C051,Xanthe Labs,direct,,Renata Havercamp,Program Manager,2023-09-11,,0.367,unknown,6,0.428,0,"connections_whitfield.csv: Renata Havercamp, Program Manager at Xanthe Labs, connected 2023-09-11"
Dana Whitfield,Internal,C051,Xanthe Labs,direct,,Rhys Eastcott,"Senior Manager, Engineering",2016-10-03,,0.248,unknown,6,0.428,0,"connections_whitfield.csv: Rhys Eastcott, Senior Manager, Engineering at Xanthe Labs, connected 2016-10-03"
Dana Whitfield,Internal,C051,Xanthe Labs,direct,,Rhys Vandermolen,Chief Technology Officer,2016-08-09,,0.330,unknown,6,0.428,0,"connections_whitfield.csv: Rhys Vandermolen, Chief Technology Officer at Xanthe Labs, connected 2016-08-09"
Dana Whitfield,Internal,C051,Xanthe Labs,direct,,Sabine Sandoval,Chief Data Officer,2020-02-09,,0.438,unknown,6,0.428,0,"connections_whitfield.csv: Sabine Sandoval, Chief Data Officer at Xanthe Labs, connected 2020-02-09"
Dana Whitfield,Internal,C051,Xanthe Labs,direct,,Saoirse Oldfield,Head of Developer Productivity,2019-09-23,,0.356,unknown,6,0.428,0,"connections_whitfield.csv: Saoirse Oldfield, Head of Developer Productivity at Xanthe Labs, connected 2019-09-23"
Dana Whitfield,Internal,C051,Xanthe Labs,direct,,Silas Crowther,Staff Engineer,2020-06-17,,0.300,unknown,6,0.428,0,"connections_whitfield.csv: Silas Crowther, Staff Engineer at Xanthe Labs, connected 2020-06-17"
Dana Whitfield,Internal,C051,Xanthe Labs,direct,,Silas Isenberg,SVP Digital,2017-10-25,,0.333,unknown,6,0.428,0,"connections_whitfield.csv: Silas Isenberg, SVP Digital at Xanthe Labs, connected 2017-10-25"
Dana Whitfield,Internal,C051,Xanthe Labs,direct,,Silas Sandoval,Director of IT,2021-01-30,,0.392,unknown,6,0.428,0,"connections_whitfield.csv: Silas Sandoval, Director of IT at Xanthe Labs, connected 2021-01-30"
Dana Whitfield,Internal,C051,Xanthe Labs,direct,,Teodor Marchetti,Chief Digital Officer,2016-05-04,,0.330,unknown,6,0.428,0,"connections_whitfield.csv: Teodor Marchetti, Chief Digital Officer at Xanthe Labs, connected 2016-05-04"
Dana Whitfield,Internal,C051,Xanthe Labs,direct,,Tilda Grimsby,Head of Innovation,2018-10-26,,0.332,unknown,6,0.428,0,"connections_whitfield.csv: Tilda Grimsby, Head of Innovation at Xanthe Labs, connected 2018-10-26"
Dana Whitfield,Internal,C051,Xanthe Labs,direct,,Wren Kettleborough,Head of Platform Engineering,2018-07-25,,0.332,unknown,6,0.428,0,"connections_whitfield.csv: Wren Kettleborough, Head of Platform Engineering at Xanthe Labs, connected 2018-07-25"
Dana Whitfield,Internal,C051,Xanthe Labs,direct,,Xiomara Dobrescu,Chief Technology Officer,2019-07-30,,0.411,unknown,6,0.428,0,"connections_whitfield.csv: Xiomara Dobrescu, Chief Technology Officer at Xanthe Labs, connected 2019-07-30"
Dana Whitfield,Internal,C051,Xanthe Labs,direct,,Yara Vasquez,Platform Lead,2022-07-12,,0.381,unknown,6,0.428,0,"connections_whitfield.csv: Yara Vasquez, Platform Lead at Xanthe Labs, connected 2022-07-12"
Dana Whitfield,Internal,C051,Xanthe Labs,direct,,Yusuf Dellinger,Platform Lead,2019-03-25,,0.319,unknown,6,0.428,0,"connections_whitfield.csv: Yusuf Dellinger, Platform Lead at Xanthe Labs, connected 2019-03-25"
Dana Whitfield,Internal,C051,Xanthe Labs,direct,,Yusuf Eastcott,VP Engineering,2017-03-26,,0.269,unknown,6,0.428,0,"connections_whitfield.csv: Yusuf Eastcott, VP Engineering at Xanthe Labs, connected 2017-03-26"
Elena Duvall,Advisor,C051,Xanthe Labs,direct,,Arjun Zettergren-Jarrold,Head of Developer Productivity,2022-04-12,,0.426,unknown,3,0.360,0,"connections_duvall.csv: Arjun Zettergren-Jarrold, Head of Developer Productivity at Xanthe Labs, connected 2022-04-12"
Elena Duvall,Advisor,C051,Xanthe Labs,direct,,Bertrand Ferreira-Okonkwo,Program Manager,2023-03-12,,0.367,unknown,3,0.360,0,"connections_duvall.csv: Bertrand Ferreira-Okonkwo, Program Manager at Xanthe Labs, connected 2023-03-12"
Elena Duvall,Advisor,C051,Xanthe Labs,direct,,Camille Prendergast-Lomsadze,Head of Automation,2022-10-26,,0.426,unknown,3,0.360,0,"connections_duvall.csv: Camille Prendergast-Lomsadze, Head of Automation at Xanthe Labs, connected 2022-10-26"
Elena Duvall,Advisor,C051,Xanthe Labs,direct,,Casper Wolstenholme-Crowther,Engineering Manager,2024-08-28,,0.399,unknown,3,0.360,0,"connections_duvall.csv: Casper Wolstenholme-Crowther, Engineering Manager at Xanthe Labs, connected 2024-08-28"
Elena Duvall,Advisor,C051,Xanthe Labs,direct,,Coretta Nakashima-Wolstenholme,Director of Software Engineering,2018-08-11,,0.315,unknown,3,0.360,0,"connections_duvall.csv: Coretta Nakashima-Wolstenholme, Director of Software Engineering at Xanthe Labs, connected 2018-08-11"
Elena Duvall,Advisor,C051,Xanthe Labs,direct,,Greta Lomsadze-Kettleborough,Staff Engineer,2019-08-20,,0.282,unknown,3,0.360,0,"connections_duvall.csv: Greta Lomsadze-Kettleborough, Staff Engineer at Xanthe Labs, connected 2019-08-20"
Elena Duvall,Advisor,C051,Xanthe Labs,direct,,Ingrid Cathcart-Wexford,VP Data & Analytics,2018-08-09,,0.358,unknown,3,0.360,0,"connections_duvall.csv: Ingrid Cathcart-Wexford, VP Data & Analytics at Xanthe Labs, connected 2018-08-09"
Elena Duvall,Advisor,C051,Xanthe Labs,direct,,Kwame Kettleborough-Fairweather,Head of Automation,2017-02-09,,0.309,unknown,3,0.360,0,"connections_duvall.csv: Kwame Kettleborough-Fairweather, Head of Automation at Xanthe Labs, connected 2017-02-09"
Elena Duvall,Advisor,C051,Xanthe Labs,direct,,Liesel Dellinger-Kirkbride,Director of IT,2019-05-02,,0.346,unknown,3,0.360,0,"connections_duvall.csv: Liesel Dellinger-Kirkbride, Director of IT at Xanthe Labs, connected 2019-05-02"
Elena Duvall,Advisor,C051,Xanthe Labs,direct,,Nadia Halloran-Grimsby,Principal Architect,2019-08-09,,0.319,unknown,3,0.360,0,"connections_duvall.csv: Nadia Halloran-Grimsby, Principal Architect at Xanthe Labs, connected 2019-08-09"
Elena Duvall,Advisor,C051,Xanthe Labs,direct,,Perrine Ibarra-Højgaard,Platform Lead,2021-12-03,,0.360,unknown,3,0.360,0,"connections_duvall.csv: Perrine Ibarra-Højgaard, Platform Lead at Xanthe Labs, connected 2021-12-03"
Elena Duvall,Advisor,C051,Xanthe Labs,direct,,Renata Ibarra-Okonkwo,Principal Architect,2020-08-29,,0.339,unknown,3,0.360,0,"connections_duvall.csv: Renata Ibarra-Okonkwo, Principal Architect at Xanthe Labs, connected 2020-08-29"
Elena Duvall,Advisor,C051,Xanthe Labs,direct,,Rhys Isenberg-Nakashima,Product Director,2016-09-08,,0.278,unknown,3,0.360,0,"connections_duvall.csv: Rhys Isenberg-Nakashima, Product Director at Xanthe Labs, connected 2016-09-08"
Elena Duvall,Advisor,C051,Xanthe Labs,direct,,Rhys Merriweather-Fontaine,Platform Lead,2022-03-13,,0.381,unknown,3,0.360,0,"connections_duvall.csv: Rhys Merriweather-Fontaine, Platform Lead at Xanthe Labs, connected 2022-03-13"
Elena Duvall,Advisor,C051,Xanthe Labs,direct,,Rosalind Fairweather-Prendergast,SVP Digital,2019-09-26,,0.383,unknown,3,0.360,0,"connections_duvall.csv: Rosalind Fairweather-Prendergast, SVP Digital at Xanthe Labs, connected 2019-09-26"
Elena Duvall,Advisor,C051,Xanthe Labs,direct,,Sabine Prendergast-Petrossian,Head of Innovation,2017-06-01,,0.309,unknown,3,0.360,0,"connections_duvall.csv: Sabine Prendergast-Petrossian, Head of Innovation at Xanthe Labs, connected 2017-06-01"
Elena Duvall,Advisor,C051,Xanthe Labs,direct,,Tanvi Drummond-Falkenrath,Program Manager,2019-10-27,,0.291,unknown,3,0.360,0,"connections_duvall.csv: Tanvi Drummond-Falkenrath, Program Manager at Xanthe Labs, connected 2019-10-27"
Elena Duvall,Advisor,C051,Xanthe Labs,direct,,Yusuf Fontaine-Okonkwo,Head of Innovation,2022-11-26,,0.426,unknown,3,0.360,0,"connections_duvall.csv: Yusuf Fontaine-Okonkwo, Head of Innovation at Xanthe Labs, connected 2022-11-26"
Marcus Aldridge,Advisor,C051,Xanthe Labs,direct,,Anouk Egerton,Engineering Manager,2023-04-24,,0.379,unknown,4,0.347,0,"connections_aldridge.csv: Anouk Egerton, Engineering Manager at Xanthe Labs, connected 2023-04-24"
Marcus Aldridge,Advisor,C051,Xanthe Labs,direct,,Arjun Cardoso,Chief Technology Officer,2022-06-18,,0.492,unknown,4,0.347,0,"connections_aldridge.csv: Arjun Cardoso, Chief Technology Officer at Xanthe Labs, connected 2022-06-18"
Marcus Aldridge,Advisor,C051,Xanthe Labs,direct,,Arjun Okonkwo,Head of Platform Engineering,2024-12-07,,0.472,unknown,4,0.347,0,"connections_aldridge.csv: Arjun Okonkwo, Head of Platform Engineering at Xanthe Labs, connected 2024-12-07"
Marcus Aldridge,Advisor,C051,Xanthe Labs,direct,,Arjun Underhill,"Senior Manager, Engineering",2016-11-09,,0.248,unknown,4,0.347,0,"connections_aldridge.csv: Arjun Underhill, Senior Manager, Engineering at Xanthe Labs, connected 2016-11-09"
Marcus Aldridge,Advisor,C051,Xanthe Labs,direct,,Bertrand Jarrold,"Senior Manager, Engineering",2017-06-18,,0.269,unknown,4,0.347,0,"connections_aldridge.csv: Bertrand Jarrold, Senior Manager, Engineering at Xanthe Labs, connected 2017-06-18"
Marcus Aldridge,Advisor,C051,Xanthe Labs,direct,,Bertrand Kettleborough,Head of Developer Productivity,2016-09-29,,0.285,unknown,4,0.347,0,"connections_aldridge.csv: Bertrand Kettleborough, Head of Developer Productivity at Xanthe Labs, connected 2016-09-29"
Marcus Aldridge,Advisor,C051,Xanthe Labs,direct,,Bertrand Rushworth,Head of Innovation,2022-03-08,,0.426,unknown,4,0.347,0,"connections_aldridge.csv: Bertrand Rushworth, Head of Innovation at Xanthe Labs, connected 2022-03-08"
Marcus Aldridge,Advisor,C051,Xanthe Labs,direct,,Bertrand Yarrow,VP Data & Analytics,2018-10-10,,0.358,unknown,4,0.347,0,"connections_aldridge.csv: Bertrand Yarrow, VP Data & Analytics at Xanthe Labs, connected 2018-10-10"
Marcus Aldridge,Advisor,C051,Xanthe Labs,direct,,Bo Isenberg,Engineering Manager,2016-01-30,,0.241,unknown,4,0.347,0,"connections_aldridge.csv: Bo Isenberg, Engineering Manager at Xanthe Labs, connected 2016-01-30"
Marcus Aldridge,Advisor,C051,Xanthe Labs,direct,,Bram Ingleby,Staff Engineer,2019-01-17,,0.282,unknown,4,0.347,0,"connections_aldridge.csv: Bram Ingleby, Staff Engineer at Xanthe Labs, connected 2019-01-17"
Marcus Aldridge,Advisor,C051,Xanthe Labs,direct,,Camille Brenneman,SVP Digital,2019-10-27,,0.383,unknown,4,0.347,0,"connections_aldridge.csv: Camille Brenneman, SVP Digital at Xanthe Labs, connected 2019-10-27"
Marcus Aldridge,Advisor,C051,Xanthe Labs,direct,,Camille Okonkwo,Head of Automation,2017-02-08,,0.309,unknown,4,0.347,0,"connections_aldridge.csv: Camille Okonkwo, Head of Automation at Xanthe Labs, connected 2017-02-08"
Marcus Aldridge,Advisor,C051,Xanthe Labs,direct,,Casper Marchetti,SVP Digital,2024-09-22,,0.509,unknown,4,0.347,0,"connections_aldridge.csv: Casper Marchetti, SVP Digital at Xanthe Labs, connected 2024-09-22"
Marcus Aldridge,Advisor,C051,Xanthe Labs,direct,,Coretta Brenneman,Head of Automation,2024-10-18,,0.472,unknown,4,0.347,0,"connections_aldridge.csv: Coretta Brenneman, Head of Automation at Xanthe Labs, connected 2024-10-18"
Marcus Aldridge,Advisor,C051,Xanthe Labs,direct,,Coretta Kettleborough,VP Enterprise Architecture,2018-05-27,,0.349,unknown,4,0.347,0,"connections_aldridge.csv: Coretta Kettleborough, VP Enterprise Architecture at Xanthe Labs, connected 2018-05-27"
Marcus Aldridge,Advisor,C051,Xanthe Labs,direct,,Curtis Ashdown,Head of Innovation,2019-03-18,,0.356,unknown,4,0.347,0,"connections_aldridge.csv: Curtis Ashdown, Head of Innovation at Xanthe Labs, connected 2019-03-18"
Marcus Aldridge,Advisor,C051,Xanthe Labs,direct,,Curtis Thackeray,Product Director,2024-08-27,,0.460,unknown,4,0.347,0,"connections_aldridge.csv: Curtis Thackeray, Product Director at Xanthe Labs, connected 2024-08-27"
Marcus Aldridge,Advisor,C051,Xanthe Labs,direct,,Dana Zettergren,Director of IT,2017-12-24,,0.301,unknown,4,0.347,0,"connections_aldridge.csv: Dana Zettergren, Director of IT at Xanthe Labs, connected 2017-12-24"
Marcus Aldridge,Advisor,C051,Xanthe Labs,direct,,Dev Grimsby,Head of Innovation,2020-07-15,,0.379,unknown,4,0.347,0,"connections_aldridge.csv: Dev Grimsby, Head of Innovation at Xanthe Labs, connected 2020-07-15"
Marcus Aldridge,Advisor,C051,Xanthe Labs,direct,,Devin Brenneman,Chief Data Officer,2020-02-20,,0.438,unknown,4,0.347,0,"connections_aldridge.csv: Devin Brenneman, Chief Data Officer at Xanthe Labs, connected 2020-02-20"
Marcus Aldridge,Advisor,C051,Xanthe Labs,direct,,Devin Vasquez,Head of Innovation,2018-09-25,,0.332,unknown,4,0.347,0,"connections_aldridge.csv: Devin Vasquez, Head of Innovation at Xanthe Labs, connected 2018-09-25"
Marcus Aldridge,Advisor,C051,Xanthe Labs,direct,,Duarte Drummond,Platform Lead,2022-03-24,,0.381,unknown,4,0.347,0,"connections_aldridge.csv: Duarte Drummond, Platform Lead at Xanthe Labs, connected 2022-03-24"
Marcus Aldridge,Advisor,C051,Xanthe Labs,direct,,Greta Bellinger,Head of Automation,2020-09-04,,0.379,unknown,4,0.347,0,"connections_aldridge.csv: Greta Bellinger, Head of Automation at Xanthe Labs, connected 2020-09-04"
Marcus Aldridge,Advisor,C051,Xanthe Labs,direct,,Greta Jarrold,Platform Lead,2016-05-26,,0.256,unknown,4,0.347,0,"connections_aldridge.csv: Greta Jarrold, Platform Lead at Xanthe Labs, connected 2016-05-26"
Marcus Aldridge,Advisor,C051,Xanthe Labs,direct,,Hugo Mkhize,VP Enterprise Architecture,2022-01-04,,0.448,unknown,4,0.347,0,"connections_aldridge.csv: Hugo Mkhize, VP Enterprise Architecture at Xanthe Labs, connected 2022-01-04"
Marcus Aldridge,Advisor,C051,Xanthe Labs,direct,,Ilse Nakashima,Head of Developer Productivity,2025-06-22,,0.496,unknown,4,0.347,0,"connections_aldridge.csv: Ilse Nakashima, Head of Developer Productivity at Xanthe Labs, connected 2025-06-22"
Marcus Aldridge,Advisor,C051,Xanthe Labs,direct,,Ilse Salcedo,Head of Innovation,2021-06-13,,0.402,unknown,4,0.347,0,"connections_aldridge.csv: Ilse Salcedo, Head of Innovation at Xanthe Labs, connected 2021-06-13"
Marcus Aldridge,Advisor,C051,Xanthe Labs,direct,,Imani Ibarra,Head of Innovation,2023-12-10,,0.449,unknown,4,0.347,0,"connections_aldridge.csv: Imani Ibarra, Head of Innovation at Xanthe Labs, connected 2023-12-10"
Marcus Aldridge,Advisor,C051,Xanthe Labs,direct,,Imani Zettergren,Head of Developer Productivity,2018-11-30,,0.332,unknown,4,0.347,0,"connections_aldridge.csv: Imani Zettergren, Head of Developer Productivity at Xanthe Labs, connected 2018-11-30"
Marcus Aldridge,Advisor,C051,Xanthe Labs,direct,,Ingrid Ferreira,VP Enterprise Architecture,2017-08-11,,0.325,unknown,4,0.347,0,"connections_aldridge.csv: Ingrid Ferreira, VP Enterprise Architecture at Xanthe Labs, connected 2017-08-11"
Marcus Aldridge,Advisor,C051,Xanthe Labs,direct,,Ingrid Oldfield,Head of Platform Engineering,2020-03-16,,0.379,unknown,4,0.347,0,"connections_aldridge.csv: Ingrid Oldfield, Head of Platform Engineering at Xanthe Labs, connected 2020-03-16"
Marcus Aldridge,Advisor,C051,Xanthe Labs,direct,,Kian Grimsby,Principal Architect,2023-05-22,,0.402,unknown,4,0.347,0,"connections_aldridge.csv: Kian Grimsby, Principal Architect at Xanthe Labs, connected 2023-05-22"
Marcus Aldridge,Advisor,C051,Xanthe Labs,direct,,Kofi Petrossian,Program Manager,2025-05-14,,0.405,unknown,4,0.347,0,"connections_aldridge.csv: Kofi Petrossian, Program Manager at Xanthe Labs, connected 2025-05-14"
Marcus Aldridge,Advisor,C051,Xanthe Labs,direct,,Liesel Falkenrath,Engineering Manager,2020-10-20,,0.320,unknown,4,0.347,0,"connections_aldridge.csv: Liesel Falkenrath, Engineering Manager at Xanthe Labs, connected 2020-10-20"
Marcus Aldridge,Advisor,C051,Xanthe Labs,direct,,Lucia Crowther,Director of Software Engineering,2021-05-15,,0.381,unknown,4,0.347,0,"connections_aldridge.csv: Lucia Crowther, Director of Software Engineering at Xanthe Labs, connected 2021-05-15"
Marcus Aldridge,Advisor,C051,Xanthe Labs,direct,,Lucia Isenberg,Chief Technology Officer,2024-11-20,,0.546,unknown,4,0.347,0,"connections_aldridge.csv: Lucia Isenberg, Chief Technology Officer at Xanthe Labs, connected 2024-11-20"
Marcus Aldridge,Advisor,C051,Xanthe Labs,direct,,Marcus Balogun,Engineering Manager,2024-05-22,,0.399,unknown,4,0.347,0,"connections_aldridge.csv: Marcus Balogun, Engineering Manager at Xanthe Labs, connected 2024-05-22"
Marcus Aldridge,Advisor,C051,Xanthe Labs,direct,,Marcus Isenberg,Chief Digital Officer,2015-12-31,,0.330,unknown,4,0.347,0,"connections_aldridge.csv: Marcus Isenberg, Chief Digital Officer at Xanthe Labs, connected 2015-12-31"
Marcus Aldridge,Advisor,C051,Xanthe Labs,direct,,Margot Cardoso,Platform Lead,2025-05-21,,0.444,unknown,4,0.347,0,"connections_aldridge.csv: Margot Cardoso, Platform Lead at Xanthe Labs, connected 2025-05-21"
Marcus Aldridge,Advisor,C051,Xanthe Labs,direct,,Marisol Rushworth,Program Manager,2023-06-24,,0.367,unknown,4,0.347,0,"connections_aldridge.csv: Marisol Rushworth, Program Manager at Xanthe Labs, connected 2023-06-24"
Marcus Aldridge,Advisor,C051,Xanthe Labs,direct,,Matteo Kirkbride,VP Engineering,2024-06-12,,0.411,unknown,4,0.347,0,"connections_aldridge.csv: Matteo Kirkbride, VP Engineering at Xanthe Labs, connected 2024-06-12"
Marcus Aldridge,Advisor,C051,Xanthe Labs,direct,,Nadia Oyelaran,Engineering Manager,2022-08-21,,0.359,unknown,4,0.347,0,"connections_aldridge.csv: Nadia Oyelaran, Engineering Manager at Xanthe Labs, connected 2022-08-21"
Marcus Aldridge,Advisor,C051,Xanthe Labs,direct,,Niall Ingleby,VP Data & Analytics,2018-06-03,,0.358,unknown,4,0.347,0,"connections_aldridge.csv: Niall Ingleby, VP Data & Analytics at Xanthe Labs, connected 2018-06-03"
Marcus Aldridge,Advisor,C051,Xanthe Labs,direct,,Noor Petrossian,Engineering Manager,2023-03-10,,0.379,unknown,4,0.347,0,"connections_aldridge.csv: Noor Petrossian, Engineering Manager at Xanthe Labs, connected 2023-03-10"
Marcus Aldridge,Advisor,C051,Xanthe Labs,direct,,Odette Vasquez,Chief Digital Officer,2016-02-11,,0.330,unknown,4,0.347,0,"connections_aldridge.csv: Odette Vasquez, Chief Digital Officer at Xanthe Labs, connected 2016-02-11"
Marcus Aldridge,Advisor,C051,Xanthe Labs,direct,,Otto Dobrescu,Chief Digital Officer,2021-07-13,,0.465,unknown,4,0.347,0,"connections_aldridge.csv: Otto Dobrescu, Chief Digital Officer at Xanthe Labs, connected 2021-07-13"
Marcus Aldridge,Advisor,C051,Xanthe Labs,direct,,Otto Marchetti,VP Engineering,2016-09-07,,0.248,unknown,4,0.347,0,"connections_aldridge.csv: Otto Marchetti, VP Engineering at Xanthe Labs, connected 2016-09-07"
Marcus Aldridge,Advisor,C051,Xanthe Labs,direct,,Otto Oyelaran,Product Director,2019-11-19,,0.346,unknown,4,0.347,0,"connections_aldridge.csv: Otto Oyelaran, Product Director at Xanthe Labs, connected 2019-11-19"
Marcus Aldridge,Advisor,C051,Xanthe Labs,direct,,Perrine Thackeray,Staff Engineer,2016-08-22,,0.226,unknown,4,0.347,0,"connections_aldridge.csv: Perrine Thackeray, Staff Engineer at Xanthe Labs, connected 2016-08-22"
Marcus Aldridge,Advisor,C051,Xanthe Labs,direct,,Priya Brenneman,Staff Engineer,2023-09-12,,0.356,unknown,4,0.347,0,"connections_aldridge.csv: Priya Brenneman, Staff Engineer at Xanthe Labs, connected 2023-09-12"
Marcus Aldridge,Advisor,C051,Xanthe Labs,direct,,Priya Dobrescu,Product Director,2024-03-09,,0.460,unknown,4,0.347,0,"connections_aldridge.csv: Priya Dobrescu, Product Director at Xanthe Labs, connected 2024-03-09"
Marcus Aldridge,Advisor,C051,Xanthe Labs,direct,,Rafael Kettleborough,Staff Engineer,2021-02-23,,0.319,unknown,4,0.347,0,"connections_aldridge.csv: Rafael Kettleborough, Staff Engineer at Xanthe Labs, connected 2021-02-23"
Marcus Aldridge,Advisor,C051,Xanthe Labs,direct,,Renata Eastcott,Head of Developer Productivity,2020-09-29,,0.379,unknown,4,0.347,0,"connections_aldridge.csv: Renata Eastcott, Head of Developer Productivity at Xanthe Labs, connected 2020-09-29"
Marcus Aldridge,Advisor,C051,Xanthe Labs,direct,,Rhys Salcedo,Staff Engineer,2015-11-26,,0.226,unknown,4,0.347,0,"connections_aldridge.csv: Rhys Salcedo, Staff Engineer at Xanthe Labs, connected 2015-11-26"
Marcus Aldridge,Advisor,C051,Xanthe Labs,direct,,Rosalind Cathcart,Principal Architect,2018-06-29,,0.298,unknown,4,0.347,0,"connections_aldridge.csv: Rosalind Cathcart, Principal Architect at Xanthe Labs, connected 2018-06-29"
Marcus Aldridge,Advisor,C051,Xanthe Labs,direct,,Rosalind Underhill,Staff Engineer,2023-03-06,,0.356,unknown,4,0.347,0,"connections_aldridge.csv: Rosalind Underhill, Staff Engineer at Xanthe Labs, connected 2023-03-06"
Marcus Aldridge,Advisor,C051,Xanthe Labs,direct,,Sabine Isenberg,"Senior Manager, Engineering",2024-05-12,,0.411,unknown,4,0.347,0,"connections_aldridge.csv: Sabine Isenberg, Senior Manager, Engineering at Xanthe Labs, connected 2024-05-12"
Marcus Aldridge,Advisor,C051,Xanthe Labs,direct,,Saoirse Dellinger,Head of Platform Engineering,2025-05-30,,0.496,unknown,4,0.347,0,"connections_aldridge.csv: Saoirse Dellinger, Head of Platform Engineering at Xanthe Labs, connected 2025-05-30"
Marcus Aldridge,Advisor,C051,Xanthe Labs,direct,,Saoirse Ibarra,Engineering Manager,2024-06-08,,0.399,unknown,4,0.347,0,"connections_aldridge.csv: Saoirse Ibarra, Engineering Manager at Xanthe Labs, connected 2024-06-08"
Marcus Aldridge,Advisor,C051,Xanthe Labs,direct,,Sloane Merriweather,Engineering Manager,2018-02-20,,0.280,unknown,4,0.347,0,"connections_aldridge.csv: Sloane Merriweather, Engineering Manager at Xanthe Labs, connected 2018-02-20"
Marcus Aldridge,Advisor,C051,Xanthe Labs,direct,,Sloane Salcedo,Head of Developer Productivity,2022-11-22,,0.426,unknown,4,0.347,0,"connections_aldridge.csv: Sloane Salcedo, Head of Developer Productivity at Xanthe Labs, connected 2022-11-22"
Marcus Aldridge,Advisor,C051,Xanthe Labs,direct,,Solveig Ferreira,Engineering Manager,2020-10-05,,0.320,unknown,4,0.347,0,"connections_aldridge.csv: Solveig Ferreira, Engineering Manager at Xanthe Labs, connected 2020-10-05"
Marcus Aldridge,Advisor,C051,Xanthe Labs,direct,,Solveig Vasquez,Director of IT,2022-04-21,,0.415,unknown,4,0.347,0,"connections_aldridge.csv: Solveig Vasquez, Director of IT at Xanthe Labs, connected 2022-04-21"
Marcus Aldridge,Advisor,C051,Xanthe Labs,direct,,Solveig Zubkov,"Senior Manager, Engineering",2023-03-03,,0.391,unknown,4,0.347,0,"connections_aldridge.csv: Solveig Zubkov, Senior Manager, Engineering at Xanthe Labs, connected 2023-03-03"
Marcus Aldridge,Advisor,C051,Xanthe Labs,direct,,Sunniva Ashdown,Staff Engineer,2021-10-03,,0.319,unknown,4,0.347,0,"connections_aldridge.csv: Sunniva Ashdown, Staff Engineer at Xanthe Labs, connected 2021-10-03"
Marcus Aldridge,Advisor,C051,Xanthe Labs,direct,,Sunniva Grimsby,"Senior Manager, Engineering",2019-10-29,,0.309,unknown,4,0.347,0,"connections_aldridge.csv: Sunniva Grimsby, Senior Manager, Engineering at Xanthe Labs, connected 2019-10-29"
Marcus Aldridge,Advisor,C051,Xanthe Labs,direct,,Tanvi Cathcart,Engineering Manager,2021-01-26,,0.339,unknown,4,0.347,0,"connections_aldridge.csv: Tanvi Cathcart, Engineering Manager at Xanthe Labs, connected 2021-01-26"
Marcus Aldridge,Advisor,C051,Xanthe Labs,direct,,Tanvi Prendergast,Product Director,2018-02-07,,0.324,unknown,4,0.347,0,"connections_aldridge.csv: Tanvi Prendergast, Product Director at Xanthe Labs, connected 2018-02-07"
Marcus Aldridge,Advisor,C051,Xanthe Labs,direct,,Teodor Salcedo,Chief Data Officer,2019-07-17,,0.411,unknown,4,0.347,0,"connections_aldridge.csv: Teodor Salcedo, Chief Data Officer at Xanthe Labs, connected 2019-07-17"
Marcus Aldridge,Advisor,C051,Xanthe Labs,direct,,Tilda Ashdown,Engineering Manager,2021-05-16,,0.339,unknown,4,0.347,0,"connections_aldridge.csv: Tilda Ashdown, Engineering Manager at Xanthe Labs, connected 2021-05-16"
Marcus Aldridge,Advisor,C051,Xanthe Labs,direct,,Tilda Falkenrath,Product Director,2020-03-16,,0.369,unknown,4,0.347,0,"connections_aldridge.csv: Tilda Falkenrath, Product Director at Xanthe Labs, connected 2020-03-16"
Marcus Aldridge,Advisor,C051,Xanthe Labs,direct,,Tomás Vasquez,"Senior Manager, Engineering",2023-01-22,,0.391,unknown,4,0.347,0,"connections_aldridge.csv: Tomás Vasquez, Senior Manager, Engineering at Xanthe Labs, connected 2023-01-22"
Marcus Aldridge,Advisor,C051,Xanthe Labs,direct,,Tomás Wexford,Chief Operating Officer,2019-01-20,,0.411,unknown,4,0.347,0,"connections_aldridge.csv: Tomás Wexford, Chief Operating Officer at Xanthe Labs, connected 2019-01-20"
Marcus Aldridge,Advisor,C051,Xanthe Labs,direct,,Wren Falkenrath,Director of IT,2023-07-14,,0.437,unknown,4,0.347,0,"connections_aldridge.csv: Wren Falkenrath, Director of IT at Xanthe Labs, connected 2023-07-14"
Marcus Aldridge,Advisor,C051,Xanthe Labs,direct,,Wren Halloran,Head of Innovation,2024-01-12,,0.472,unknown,4,0.347,0,"connections_aldridge.csv: Wren Halloran, Head of Innovation at Xanthe Labs, connected 2024-01-12"
Marcus Aldridge,Advisor,C051,Xanthe Labs,direct,,Wren Mkhize,Director of IT,2024-03-05,,0.460,unknown,4,0.347,0,"connections_aldridge.csv: Wren Mkhize, Director of IT at Xanthe Labs, connected 2024-03-05"
Marcus Aldridge,Advisor,C051,Xanthe Labs,direct,,Xiomara Norrington,Chief Data Officer,2017-03-21,,0.357,unknown,4,0.347,0,"connections_aldridge.csv: Xiomara Norrington, Chief Data Officer at Xanthe Labs, connected 2017-03-21"
Marcus Aldridge,Advisor,C051,Xanthe Labs,direct,,Xiomara Salcedo,Platform Lead,2018-08-15,,0.298,unknown,4,0.347,0,"connections_aldridge.csv: Xiomara Salcedo, Platform Lead at Xanthe Labs, connected 2018-08-15"
Marcus Aldridge,Advisor,C051,Xanthe Labs,direct,,Yara Eastcott,Product Director,2016-01-22,,0.278,unknown,4,0.347,0,"connections_aldridge.csv: Yara Eastcott, Product Director at Xanthe Labs, connected 2016-01-22"
Marcus Aldridge,Advisor,C051,Xanthe Labs,direct,,Yusuf Lindqvist,Product Director,2016-06-16,,0.278,unknown,4,0.347,0,"connections_aldridge.csv: Yusuf Lindqvist, Product Director at Xanthe Labs, connected 2016-06-16"
Marcus Aldridge,Advisor,C051,Xanthe Labs,direct,,Yusuf Okonkwo,SVP Digital,2025-01-12,,0.534,unknown,4,0.347,0,"connections_aldridge.csv: Yusuf Okonkwo, SVP Digital at Xanthe Labs, connected 2025-01-12"
Marcus Aldridge,Advisor,C051,Xanthe Labs,direct,,Zaid Vandermolen,Platform Lead,2019-04-25,,0.319,unknown,4,0.347,0,"connections_aldridge.csv: Zaid Vandermolen, Platform Lead at Xanthe Labs, connected 2019-04-25"
Marcus Aldridge,Advisor,C051,Xanthe Labs,direct,,Zaid Zettergren,Program Manager,2024-02-17,,0.386,unknown,4,0.347,0,"connections_aldridge.csv: Zaid Zettergren, Program Manager at Xanthe Labs, connected 2024-02-17"
Marcus Aldridge,Advisor,C051,Xanthe Labs,direct,,·Joaquín Egerton,"Senior Manager, Engineering",2017-08-29,,0.269,unknown,4,0.347,0,"connections_aldridge.csv: ·Joaquín Egerton, Senior Manager, Engineering at Xanthe Labs, connected 2017-08-29"
Owen Trask,Investor,C051,Xanthe Labs,direct,,Anouk Halloran-Wolstenholme,Chief Information Officer,2016-02-03,,0.330,unknown,2,0.253,0,"connections_trask.csv: Anouk Halloran-Wolstenholme, Chief Information Officer at Xanthe Labs, connected 2016-02-03"
Owen Trask,Investor,C051,Xanthe Labs,direct,,Bram Salcedo-Crowther,Head of Developer Productivity,2017-03-08,,0.309,unknown,2,0.253,0,"connections_trask.csv: Bram Salcedo-Crowther, Head of Developer Productivity at Xanthe Labs, connected 2017-03-08"
Owen Trask,Investor,C051,Xanthe Labs,direct,,Callum Lomsadze-Nakashima,SVP Digital,2019-12-06,,0.383,unknown,2,0.253,0,"connections_trask.csv: Callum Lomsadze-Nakashima, SVP Digital at Xanthe Labs, connected 2019-12-06"
Owen Trask,Investor,C051,Xanthe Labs,direct,,Dana Bellinger-Fontaine,Engineering Manager,2017-10-13,,0.261,unknown,2,0.253,0,"connections_trask.csv: Dana Bellinger-Fontaine, Engineering Manager at Xanthe Labs, connected 2017-10-13"
Owen Trask,Investor,C051,Xanthe Labs,direct,,Dana Bellinger-Grimsby,VP Engineering,2022-07-03,,0.370,unknown,2,0.253,0,"connections_trask.csv: Dana Bellinger-Grimsby, VP Engineering at Xanthe Labs, connected 2022-07-03"
Owen Trask,Investor,C051,Xanthe Labs,direct,,Imani Oldfield-Ibarra,Chief Operating Officer,2020-03-19,,0.438,unknown,2,0.253,0,"connections_trask.csv: Imani Oldfield-Ibarra, Chief Operating Officer at Xanthe Labs, connected 2020-03-19"
Owen Trask,Investor,C051,Xanthe Labs,direct,,Malik Thackeray-Egerton,Product Director,2018-10-21,,0.324,unknown,2,0.253,0,"connections_trask.csv: Malik Thackeray-Egerton, Product Director at Xanthe Labs, connected 2018-10-21"
Owen Trask,Investor,C051,Xanthe Labs,direct,,Nadia Eastcott-Isenberg,Chief Data Officer,2016-01-07,,0.330,unknown,2,0.253,0,"connections_trask.csv: Nadia Eastcott-Isenberg, Chief Data Officer at Xanthe Labs, connected 2016-01-07"
Owen Trask,Investor,C051,Xanthe Labs,direct,,Odette Marchetti-Egerton,Chief Information Officer,2017-09-20,,0.357,unknown,2,0.253,0,"connections_trask.csv: Odette Marchetti-Egerton, Chief Information Officer at Xanthe Labs, connected 2017-09-20"
Owen Trask,Investor,C051,Xanthe Labs,direct,,Renata Rushworth-Thackeray,Director of IT,2024-05-26,,0.460,unknown,2,0.253,0,"connections_trask.csv: Renata Rushworth-Thackeray, Director of IT at Xanthe Labs, connected 2024-05-26"
Owen Trask,Investor,C051,Xanthe Labs,direct,,Wren Brenneman-Vandermolen,SVP Digital,2019-08-14,,0.383,unknown,2,0.253,0,"connections_trask.csv: Wren Brenneman-Vandermolen, SVP Digital at Xanthe Labs, connected 2019-08-14"
Priya Raghunathan,Investor,C051,Xanthe Labs,direct,,Amara Wexford,Director of Software Engineering,2015-12-02,,0.271,unknown,3,0.455,0,"connections_raghunathan.csv: Amara Wexford, Director of Software Engineering at Xanthe Labs, connected 2015-12-02"
Priya Raghunathan,Investor,C051,Xanthe Labs,direct,,Anouk Fontaine,Principal Architect,2018-10-14,,0.298,unknown,3,0.455,0,"connections_raghunathan.csv: Anouk Fontaine, Principal Architect at Xanthe Labs, connected 2018-10-14"
Priya Raghunathan,Investor,C051,Xanthe Labs,direct,,Bertrand Marchetti,Platform Lead,2017-05-14,,0.277,unknown,3,0.455,0,"connections_raghunathan.csv: Bertrand Marchetti, Platform Lead at Xanthe Labs, connected 2017-05-14"
Priya Raghunathan,Investor,C051,Xanthe Labs,direct,,Bram Falkenrath,Head of Automation,2016-08-07,,0.285,unknown,3,0.455,0,"connections_raghunathan.csv: Bram Falkenrath, Head of Automation at Xanthe Labs, connected 2016-08-07"
Priya Raghunathan,Investor,C051,Xanthe Labs,direct,,Dana Havercamp,Director of Software Engineering,2023-06-09,,0.426,unknown,3,0.455,0,"connections_raghunathan.csv: Dana Havercamp, Director of Software Engineering at Xanthe Labs, connected 2023-06-09"
Priya Raghunathan,Investor,C051,Xanthe Labs,direct,,Dana Okonkwo,Staff Engineer,2017-01-03,,0.245,unknown,3,0.455,0,"connections_raghunathan.csv: Dana Okonkwo, Staff Engineer at Xanthe Labs, connected 2017-01-03"
Priya Raghunathan,Investor,C051,Xanthe Labs,direct,,Dana Thackeray,Program Manager,2022-09-16,,0.348,unknown,3,0.455,0,"connections_raghunathan.csv: Dana Thackeray, Program Manager at Xanthe Labs, connected 2022-09-16"
Priya Raghunathan,Investor,C051,Xanthe Labs,direct,,Desmond Glückstein,Head of Developer Productivity,2021-07-30,,0.402,unknown,3,0.455,0,"connections_raghunathan.csv: Desmond Glückstein, Head of Developer Productivity at Xanthe Labs, connected 2021-07-30"
Priya Raghunathan,Investor,C051,Xanthe Labs,direct,,Devin Ibarra,Program Manager,2020-02-05,,0.310,unknown,3,0.455,0,"connections_raghunathan.csv: Devin Ibarra, Program Manager at Xanthe Labs, connected 2020-02-05"
Priya Raghunathan,Investor,C051,Xanthe Labs,direct,,Fenella Egerton,Head of Innovation,2018-04-16,,0.332,unknown,3,0.455,0,"connections_raghunathan.csv: Fenella Egerton, Head of Innovation at Xanthe Labs, connected 2018-04-16"
Priya Raghunathan,Investor,C051,Xanthe Labs,direct,,Fenella Yarrow,Director of Software Engineering,2016-02-20,,0.271,unknown,3,0.455,0,"connections_raghunathan.csv: Fenella Yarrow, Director of Software Engineering at Xanthe Labs, connected 2016-02-20"
Priya Raghunathan,Investor,C051,Xanthe Labs,direct,,Hugo Merriweather,Engineering Manager,2020-04-17,,0.320,unknown,3,0.455,0,"connections_raghunathan.csv: Hugo Merriweather, Engineering Manager at Xanthe Labs, connected 2020-04-17"
Priya Raghunathan,Investor,C051,Xanthe Labs,direct,,Imani Jarrold,Chief Digital Officer,2018-11-15,,0.384,unknown,3,0.455,0,"connections_raghunathan.csv: Imani Jarrold, Chief Digital Officer at Xanthe Labs, connected 2018-11-15"
Priya Raghunathan,Investor,C051,Xanthe Labs,direct,,Imani Marchetti,Director of Software Engineering,2022-01-23,,0.403,unknown,3,0.455,0,"connections_raghunathan.csv: Imani Marchetti, Director of Software Engineering at Xanthe Labs, connected 2022-01-23"
Priya Raghunathan,Investor,C051,Xanthe Labs,direct,,Kwame Glückstein,Product Director,2019-04-18,,0.346,unknown,3,0.455,0,"connections_raghunathan.csv: Kwame Glückstein, Product Director at Xanthe Labs, connected 2019-04-18"
Priya Raghunathan,Investor,C051,Xanthe Labs,direct,,Lucia Prendergast,Head of Automation,2019-11-16,,0.356,unknown,3,0.455,0,"connections_raghunathan.csv: Lucia Prendergast, Head of Automation at Xanthe Labs, connected 2019-11-16"
Priya Raghunathan,Investor,C051,Xanthe Labs,direct,,Marcus Halloran,Head of Automation,2022-02-17,,0.426,unknown,3,0.455,0,"connections_raghunathan.csv: Marcus Halloran, Head of Automation at Xanthe Labs, connected 2022-02-17"
Priya Raghunathan,Investor,C051,Xanthe Labs,direct,,Margot Halloran,"Senior Manager, Engineering",2016-09-26,,0.248,unknown,3,0.455,0,"connections_raghunathan.csv: Margot Halloran, Senior Manager, Engineering at Xanthe Labs, connected 2016-09-26"
Priya Raghunathan,Investor,C051,Xanthe Labs,direct,,Nadia Ibarra,"Senior Manager, Engineering",2016-11-29,,0.248,unknown,3,0.455,0,"connections_raghunathan.csv: Nadia Ibarra, Senior Manager, Engineering at Xanthe Labs, connected 2016-11-29"
Priya Raghunathan,Investor,C051,Xanthe Labs,direct,,Nadia Lindqvist,Director of IT,2018-07-30,,0.324,unknown,3,0.455,0,"connections_raghunathan.csv: Nadia Lindqvist, Director of IT at Xanthe Labs, connected 2018-07-30"
Priya Raghunathan,Investor,C051,Xanthe Labs,direct,,Odette Halloran,VP Enterprise Architecture,2022-03-03,,0.448,unknown,3,0.455,0,"connections_raghunathan.csv: Odette Halloran, VP Enterprise Architecture at Xanthe Labs, connected 2022-03-03"
Priya Raghunathan,Investor,C051,Xanthe Labs,direct,,Odette Merriweather,Chief Digital Officer,2019-12-02,,0.411,unknown,3,0.455,0,"connections_raghunathan.csv: Odette Merriweather, Chief Digital Officer at Xanthe Labs, connected 2019-12-02"
Priya Raghunathan,Investor,C051,Xanthe Labs,direct,,Renata Wexford,Principal Architect,2021-05-02,,0.360,unknown,3,0.455,0,"connections_raghunathan.csv: Renata Wexford, Principal Architect at Xanthe Labs, connected 2021-05-02"
Priya Raghunathan,Investor,C051,Xanthe Labs,direct,,Rhys Sandoval,"Senior Manager, Engineering",2020-09-06,,0.330,unknown,3,0.455,0,"connections_raghunathan.csv: Rhys Sandoval, Senior Manager, Engineering at Xanthe Labs, connected 2020-09-06"
Priya Raghunathan,Investor,C051,Xanthe Labs,direct,,Rhys Underhill,Director of Software Engineering,2019-09-08,,0.337,unknown,3,0.455,0,"connections_raghunathan.csv: Rhys Underhill, Director of Software Engineering at Xanthe Labs, connected 2019-09-08"
Priya Raghunathan,Investor,C051,Xanthe Labs,direct,,Rhys Vasquez,Chief Operating Officer,2020-02-26,,0.438,unknown,3,0.455,0,"connections_raghunathan.csv: Rhys Vasquez, Chief Operating Officer at Xanthe Labs, connected 2020-02-26"
Priya Raghunathan,Investor,C051,Xanthe Labs,direct,,Sabine Egerton,Platform Lead,2023-02-03,,0.402,unknown,3,0.455,0,"connections_raghunathan.csv: Sabine Egerton, Platform Lead at Xanthe Labs, connected 2023-02-03"
Priya Raghunathan,Investor,C051,Xanthe Labs,direct,,Silas Brenneman,VP Engineering,2021-06-15,,0.350,unknown,3,0.455,0,"connections_raghunathan.csv: Silas Brenneman, VP Engineering at Xanthe Labs, connected 2021-06-15"
Priya Raghunathan,Investor,C051,Xanthe Labs,direct,,Sloane Norrington,Program Manager,2017-04-12,,0.253,unknown,3,0.455,0,"connections_raghunathan.csv: Sloane Norrington, Program Manager at Xanthe Labs, connected 2017-04-12"
Priya Raghunathan,Investor,C051,Xanthe Labs,direct,,Solveig Nakashima,Director of IT,2016-10-14,,0.278,unknown,3,0.455,0,"connections_raghunathan.csv: Solveig Nakashima, Director of IT at Xanthe Labs, connected 2016-10-14"
Priya Raghunathan,Investor,C051,Xanthe Labs,direct,,Xiomara Zubkov,Head of Automation,2019-09-18,,0.356,unknown,3,0.455,0,"connections_raghunathan.csv: Xiomara Zubkov, Head of Automation at Xanthe Labs, connected 2019-09-18"
Priya Raghunathan,Investor,C051,Xanthe Labs,direct,,Zaid Ingleby,Director of IT,2024-08-15,,0.460,unknown,3,0.455,0,"connections_raghunathan.csv: Zaid Ingleby, Director of IT at Xanthe Labs, connected 2024-08-15"
Tomás Beckett,Internal,C051,Xanthe Labs,direct,,Arjun Falkenrath,Staff Engineer,2016-09-02,,0.226,unknown,8,0.357,0,"connections_beckett.csv: Arjun Falkenrath, Staff Engineer at Xanthe Labs, connected 2016-09-02"
Tomás Beckett,Internal,C051,Xanthe Labs,direct,,Bo Glückstein-Norrington,VP Data & Analytics,2022-03-21,,0.459,unknown,8,0.357,0,"connections_beckett.csv: Bo Glückstein-Norrington, VP Data & Analytics at Xanthe Labs, connected 2022-03-21"
Tomás Beckett,Internal,C051,Xanthe Labs,direct,,Camille Ferreira-Ingleby,VP Engineering,2023-09-03,,0.391,unknown,8,0.357,0,"connections_beckett.csv: Camille Ferreira-Ingleby, VP Engineering at Xanthe Labs, connected 2023-09-03"
Tomás Beckett,Internal,C051,Xanthe Labs,direct,,Camille Fontaine,Director of Software Engineering,2018-11-06,,0.315,unknown,8,0.357,0,"connections_beckett.csv: Camille Fontaine, Director of Software Engineering at Xanthe Labs, connected 2018-11-06"
Tomás Beckett,Internal,C051,Xanthe Labs,direct,,Camille Wolstenholme-Halloran,Head of Developer Productivity,2017-08-14,,0.309,unknown,8,0.357,0,"connections_beckett.csv: Camille Wolstenholme-Halloran, Head of Developer Productivity at Xanthe Labs, connected 2017-08-14"
Tomás Beckett,Internal,C051,Xanthe Labs,direct,,Coretta Balogun-Glückstein,Chief Digital Officer,2016-04-01,,0.330,unknown,8,0.357,0,"connections_beckett.csv: Coretta Balogun-Glückstein, Chief Digital Officer at Xanthe Labs, connected 2016-04-01"
Tomás Beckett,Internal,C051,Xanthe Labs,direct,,Coretta Zubkov,"Senior Manager, Engineering",2016-10-09,,0.248,unknown,8,0.357,0,"connections_beckett.csv: Coretta Zubkov, Senior Manager, Engineering at Xanthe Labs, connected 2016-10-09"
Tomás Beckett,Internal,C051,Xanthe Labs,direct,,Curtis Salcedo-Thackeray,Principal Architect,2022-10-10,,0.381,unknown,8,0.357,0,"connections_beckett.csv: Curtis Salcedo-Thackeray, Principal Architect at Xanthe Labs, connected 2022-10-10"
Tomás Beckett,Internal,C051,Xanthe Labs,direct,,Devin Dobrescu,Head of Platform Engineering,2022-04-16,,0.426,unknown,8,0.357,0,"connections_beckett.csv: Devin Dobrescu, Head of Platform Engineering at Xanthe Labs, connected 2022-04-16"
Tomás Beckett,Internal,C051,Xanthe Labs,direct,,Devin Egerton-Hartigan,Chief Information Officer,2023-09-13,,0.519,unknown,8,0.357,0,"connections_beckett.csv: Devin Egerton-Hartigan, Chief Information Officer at Xanthe Labs, connected 2023-09-13"
Tomás Beckett,Internal,C051,Xanthe Labs,direct,,Duarte Ferreira,Program Manager,2023-07-31,,0.367,unknown,8,0.357,0,"connections_beckett.csv: Duarte Ferreira, Program Manager at Xanthe Labs, connected 2023-07-31"
Tomás Beckett,Internal,C051,Xanthe Labs,direct,,Duarte Fontaine,Platform Lead,2024-09-21,,0.423,unknown,8,0.357,0,"connections_beckett.csv: Duarte Fontaine, Platform Lead at Xanthe Labs, connected 2024-09-21"
Tomás Beckett,Internal,C051,Xanthe Labs,direct,,Freya Underhill-Dobrescu,Program Manager,2024-09-04,,0.386,unknown,8,0.357,0,"connections_beckett.csv: Freya Underhill-Dobrescu, Program Manager at Xanthe Labs, connected 2024-09-04"
Tomás Beckett,Internal,C051,Xanthe Labs,direct,,Greta Cathcart,Engineering Manager,2019-10-17,,0.300,unknown,8,0.357,0,"connections_beckett.csv: Greta Cathcart, Engineering Manager at Xanthe Labs, connected 2019-10-17"
Tomás Beckett,Internal,C051,Xanthe Labs,direct,,Hana Brenneman-Petrossian,Chief Information Officer,2022-05-24,,0.492,unknown,8,0.357,0,"connections_beckett.csv: Hana Brenneman-Petrossian, Chief Information Officer at Xanthe Labs, connected 2022-05-24"
Tomás Beckett,Internal,C051,Xanthe Labs,direct,,Hugo Kirkbride,Product Director,2020-11-08,,0.369,unknown,8,0.357,0,"connections_beckett.csv: Hugo Kirkbride, Product Director at Xanthe Labs, connected 2020-11-08"
Tomás Beckett,Internal,C051,Xanthe Labs,direct,,Kwame Balogun-Bellinger,Director of IT,2020-06-03,,0.369,unknown,8,0.357,0,"connections_beckett.csv: Kwame Balogun-Bellinger, Director of IT at Xanthe Labs, connected 2020-06-03"
Tomás Beckett,Internal,C051,Xanthe Labs,direct,,Liesel Lomsadze-Merriweather,SVP Digital,2019-11-29,,0.383,unknown,8,0.357,0,"connections_beckett.csv: Liesel Lomsadze-Merriweather, SVP Digital at Xanthe Labs, connected 2019-11-29"
Tomás Beckett,Internal,C051,Xanthe Labs,direct,,Malik Drummond,Engineering Manager,2022-08-30,,0.359,unknown,8,0.357,0,"connections_beckett.csv: Malik Drummond, Engineering Manager at Xanthe Labs, connected 2022-08-30"
Tomás Beckett,Internal,C051,Xanthe Labs,direct,,Margot Højgaard-Oldfield,Director of IT,2023-03-11,,0.437,unknown,8,0.357,0,"connections_beckett.csv: Margot Højgaard-Oldfield, Director of IT at Xanthe Labs, connected 2023-03-11"
Tomás Beckett,Internal,C051,Xanthe Labs,direct,,Marisol Yarrow,Principal Architect,2023-08-08,,0.402,unknown,8,0.357,0,"connections_beckett.csv: Marisol Yarrow, Principal Architect at Xanthe Labs, connected 2023-08-08"
Tomás Beckett,Internal,C051,Xanthe Labs,direct,,Matteo Egerton-Nakashima,Staff Engineer,2020-07-14,,0.300,unknown,8,0.357,0,"connections_beckett.csv: Matteo Egerton-Nakashima, Staff Engineer at Xanthe Labs, connected 2020-07-14"
Tomás Beckett,Internal,C051,Xanthe Labs,direct,,Matteo Petrossian-Merriweather,Principal Architect,2025-07-23,,0.444,unknown,8,0.357,0,"connections_beckett.csv: Matteo Petrossian-Merriweather, Principal Architect at Xanthe Labs, connected 2025-07-23"
Tomás Beckett,Internal,C051,Xanthe Labs,direct,,Matteo Thackeray-Oldfield,"Senior Manager, Engineering",2018-05-13,,0.289,unknown,8,0.357,0,"connections_beckett.csv: Matteo Thackeray-Oldfield, Senior Manager, Engineering at Xanthe Labs, connected 2018-05-13"
Tomás Beckett,Internal,C051,Xanthe Labs,direct,,Mei Balogun-Jarrold,Principal Architect,2023-02-09,,0.402,unknown,8,0.357,0,"connections_beckett.csv: Mei Balogun-Jarrold, Principal Architect at Xanthe Labs, connected 2023-02-09"
Tomás Beckett,Internal,C051,Xanthe Labs,direct,,Odette Falkenrath,Director of Software Engineering,2021-11-26,,0.381,unknown,8,0.357,0,"connections_beckett.csv: Odette Falkenrath, Director of Software Engineering at Xanthe Labs, connected 2021-11-26"
Tomás Beckett,Internal,C051,Xanthe Labs,direct,,Owen Fairweather-Oyelaran,Platform Lead,2015-09-24,,0.256,unknown,8,0.357,0,"connections_beckett.csv: Owen Fairweather-Oyelaran, Platform Lead at Xanthe Labs, connected 2015-09-24"
Tomás Beckett,Internal,C051,Xanthe Labs,direct,,Perrine Achterberg-Rushworth,Engineering Manager,2025-01-07,,0.418,unknown,8,0.357,0,"connections_beckett.csv: Perrine Achterberg-Rushworth, Engineering Manager at Xanthe Labs, connected 2025-01-07"
Tomás Beckett,Internal,C051,Xanthe Labs,direct,,Priya Oyelaran-Bellinger,Product Director,2018-11-13,,0.324,unknown,8,0.357,0,"connections_beckett.csv: Priya Oyelaran-Bellinger, Product Director at Xanthe Labs, connected 2018-11-13"
Tomás Beckett,Internal,C051,Xanthe Labs,direct,,Ravi Norrington-Kirkbride,Principal Architect,2018-10-23,,0.298,unknown,8,0.357,0,"connections_beckett.csv: Ravi Norrington-Kirkbride, Principal Architect at Xanthe Labs, connected 2018-10-23"
Tomás Beckett,Internal,C051,Xanthe Labs,direct,,Rhys Halloran-Vasquez,VP Engineering,2025-07-08,,0.431,unknown,8,0.357,0,"connections_beckett.csv: Rhys Halloran-Vasquez, VP Engineering at Xanthe Labs, connected 2025-07-08"
Tomás Beckett,Internal,C051,Xanthe Labs,direct,,Silas Brenneman-Wolstenholme,Chief Information Officer,2018-03-26,,0.384,unknown,8,0.357,0,"connections_beckett.csv: Silas Brenneman-Wolstenholme, Chief Information Officer at Xanthe Labs, connected 2018-03-26"
Tomás Beckett,Internal,C051,Xanthe Labs,direct,,Tanvi Ingleby,Program Manager,2018-01-13,,0.272,unknown,8,0.357,0,"connections_beckett.csv: Tanvi Ingleby, Program Manager at Xanthe Labs, connected 2018-01-13"
Tomás Beckett,Internal,C051,Xanthe Labs,direct,,Tanvi Norrington,Director of IT,2023-12-19,,0.437,unknown,8,0.357,0,"connections_beckett.csv: Tanvi Norrington, Director of IT at Xanthe Labs, connected 2023-12-19"
Tomás Beckett,Internal,C051,Xanthe Labs,direct,,Wren Havercamp,Program Manager,2025-06-17,,0.405,unknown,8,0.357,0,"connections_beckett.csv: Wren Havercamp, Program Manager at Xanthe Labs, connected 2025-06-17"
Tomás Beckett,Internal,C051,Xanthe Labs,direct,,Yara Ashdown,Head of Platform Engineering,2016-02-05,,0.285,unknown,8,0.357,0,"connections_beckett.csv: Yara Ashdown, Head of Platform Engineering at Xanthe Labs, connected 2016-02-05"
Tomás Beckett,Internal,C051,Xanthe Labs,direct,,Yara Fontaine,Staff Engineer,2024-07-09,,0.374,unknown,8,0.357,0,"connections_beckett.csv: Yara Fontaine, Staff Engineer at Xanthe Labs, connected 2024-07-09"
Tomás Beckett,Internal,C051,Xanthe Labs,direct,,·Joaquín Rushworth-Norrington,"Senior Manager, Engineering",2023-03-12,,0.391,unknown,8,0.357,0,"connections_beckett.csv: ·Joaquín Rushworth-Norrington, Senior Manager, Engineering at Xanthe Labs, connected 2023-03-12"
Owen Trask,Investor,C058,Kingsmere Retail Group,alumni,,Kofi Mkhize,"ex-Kingsmere Retail Group (2012-2019), now VP Engineering at Kingsmere Retail Group",2016-05-20,,0.187,unknown,2,0.253,0,investor_network.csv: Kofi Mkhize prior_employer=Kingsmere Retail Group (2012-2019); connections_trask.csv: connection of Owen Trask since 2016-05-20
Tomás Beckett,Internal,C058,Kingsmere Retail Group,alumni,,Kofi Mkhize,"ex-Kingsmere Retail Group (2012-2019), now VP Engineering at Kingsmere Retail Group",2016-03-26,,0.187,unknown,8,0.357,0,investor_network.csv: Kofi Mkhize prior_employer=Kingsmere Retail Group (2012-2019); connections_beckett.csv: connection of Tomás Beckett since 2016-03-26
Dana Whitfield,Internal,C058,Kingsmere Retail Group,direct,,Saoirse Quillane,VP Data & Analytics,2023-12-11,,0.484,unknown,6,0.428,0,"connections_whitfield.csv: Saoirse Quillane, VP Data & Analytics at Kingsmere Retail Group, connected 2023-12-11"
Owen Trask,Investor,C058,Kingsmere Retail Group,direct,,Kofi Mkhize,VP Engineering,2016-05-20,,0.248,unknown,2,0.253,0,"connections_trask.csv: Kofi Mkhize, VP Engineering at Kingsmere Retail Group, connected 2016-05-20"
Priya Raghunathan,Investor,C058,Kingsmere Retail Group,direct,,Saoirse Quillane,VP Data & Analytics,2021-10-27,,0.434,unknown,3,0.455,0,"connections_raghunathan.csv: Saoirse Quillane, VP Data & Analytics at Kingsmere Retail Group, connected 2021-10-27"
Tomás Beckett,Internal,C058,Kingsmere Retail Group,direct,,Kofi Mkhize,VP Engineering,2016-03-26,,0.248,unknown,8,0.357,0,"connections_beckett.csv: Kofi Mkhize, VP Engineering at Kingsmere Retail Group, connected 2016-03-26"
Yusuf Petrossian,not on roster,C058,Kingsmere Retail Group,offer,,,exec team,2026-06-27,73,0.800,unknown,2,0.326,2,"slack_threads.jsonl R1066 2026-06-27 Yusuf Petrossian: ""I'll take this one — I've got a direct line to their exec team"""
